model,disease_index,auc_assoc,n_assoc,auc_drug,n_drug,hits_at_50
m1   7 features,28083,0.7052725680243794,95,,,
m1   7 features,28133,0.647675480447187,335,,,
m1   7 features,28293,0.9016407599309154,69,,,
m1   7 features,28302,0.5531774960380349,25,0.9956616052060737,2.0,2.0
m1   7 features,28400,0.8902850202581032,68,,,
m1   7 features,28611,0.8337501041927149,18,,,
m1   7 features,28650,0.7335750814345747,85,,,
m1   7 features,36560,0.8989368748758031,62,,,
m1   7 features,36564,0.7286671592733203,26,,,
m1   7 features,36637,0.7652383694432997,61,0.7992855179994504,3.0,0.0
m1   7 features,36818,0.7928841638403339,16,,,
m1   7 features,37110,0.659786835305093,59,0.9543188032813253,1.0,0.0
m1   7 features,37111,0.9270313329792884,7,,,
m1   7 features,37143,0.6647443343684272,762,0.7485689509534336,34.0,1.0
m1   7 features,37230,0.5829173493884083,46,0.42645318482422556,5.0,0.0
m1   7 features,37243,0.7503422208686037,154,,,
m1   7 features,37323,0.7038743339253997,4,,,
m1   7 features,37342,0.8406444624966152,22,,,
m1   7 features,37454,0.7949206349206349,3,,,
m1   7 features,37461,0.8514722808970289,346,0.9691719388514075,11.0,1.0
m1   7 features,37492,0.951303317535545,16,,,
m1   7 features,37525,0.6638900631897472,53,0.7257744453027195,11.0,1.0
m1   7 features,37534,0.8247307604853547,70,,,
m1   7 features,37550,0.8690584502592165,47,,,
m1   7 features,37570,0.8437268151386316,66,,,
m1   7 features,37584,0.5853157187639946,22,,,
m1   7 features,37630,0.7167713422270496,221,,,
m1   7 features,37785,0.6592835299257318,14,,,
m1   7 features,37813,0.7099616858237547,14,,,
m1   7 features,37861,0.6528018578698581,133,0.987719964552475,1.0,0.0
m1   7 features,37922,0.6490733024294649,109,,,
m1   7 features,38222,0.5745780789259051,30,,,
m1   7 features,38232,0.5837922073146066,310,0.778156406012822,27.0,0.0
m1   7 features,38250,0.6883411670296916,13,,,
m1   7 features,38404,0.8095347359502966,16,0.8761958356781092,3.0,0.0
m1   7 features,38520,0.991533180778032,2,,,
m1   7 features,38840,0.9973105134474327,2,,,
m1   7 features,38860,0.8997567482736974,18,,,
m1   7 features,38912,0.9130472030634669,59,0.6662734733456317,27.0,4.0
m1   7 features,38913,0.9534638265208213,18,,,
m1   7 features,38914,0.8815845498783454,20,,,
m1   7 features,38964,0.8683511695104086,101,,,
m1   7 features,38970,0.8662026771782869,22,,,
m1   7 features,39067,0.573170731707317,13,,,
m1   7 features,39154,0.6385002040038259,47,,,
m1   7 features,39167,0.8048926323703843,53,0.9128065395095368,3.0,0.0
m1   7 features,39191,0.7853215666544286,39,0.9777836318932209,2.0,0.0
m1   7 features,39234,0.9963460104399702,10,,,
m1   7 features,39263,0.19912923923006415,2,,,
m1   7 features,39282,0.9290646936065263,15,,,
m1   7 features,39300,0.6495595420664075,11,,,
m1   7 features,39310,0.7394765134865566,124,0.9868317092441401,1.0,0.0
m1   7 features,39444,0.6980698529411765,17,,,
m1   7 features,39510,0.6942954688017738,202,0.7277004183141367,9.0,0.0
m1   7 features,39587,0.6730215118174718,43,,,
m1   7 features,39599,0.9092480291085506,34,,,
m1   7 features,39719,0.671407727913061,20,0.5919206094627105,1.0,0.0
m1   7 features,39767,0.8857419764963825,196,,,
m1   7 features,39833,0.742256684851578,256,0.833530106257379,1.0,0.0
m1   7 features,40042,0.8787897247089544,343,,,
m1   7 features,40056,0.9564348521183054,21,,,
m1   7 features,40072,0.6881620762711864,16,,,
m1   7 features,40154,0.6801895515487748,9,,,
m1   7 features,40170,0.7153411306042885,15,0.2621613748907661,2.0,0.0
m1   7 features,40213,0.6351143493219996,15,,,
m1   7 features,40234,0.21341502741051274,7,,,
m1   7 features,40442,0.8505473309373867,78,0.9244651776458392,3.0,0.0
m1   7 features,40767,0.4656010656010656,5,,,
m1   7 features,40769,0.885437018450137,447,,,
m1   7 features,40787,0.6982408347954566,13,0.7674278846153846,17.0,0.0
m1   7 features,40953,0.7601655945645716,34,0.9138870721604535,1.0,0.0
m1   7 features,41049,0.9061013090411003,683,,,
m1   7 features,41102,0.7977883439356767,39,,,
m1   7 features,41140,0.8467624046836038,134,,,
m1   7 features,41141,0.4927073837739289,6,,,
m1   7 features,41231,0.8053003265244134,13,,,
m1   7 features,41287,0.8620429493251957,183,0.5352009492854564,21.0,0.0
m1   7 features,41293,0.6083598417863907,454,,,
m1   7 features,41313,0.805817856694692,26,,,
m1   7 features,41324,0.8702431080892227,105,0.6756076060949503,1.0,0.0
m1   7 features,41370,0.8687386381058765,19,,,
m1   7 features,41371,0.9971302722904432,8,,,
m1   7 features,41400,0.7431666622736498,11,0.8141228070175439,40.0,0.0
m1   7 features,41402,0.518092012418854,10,0.41300675675675674,1.0,0.0
m1   7 features,41416,0.8626194795881232,345,,,
m1   7 features,41448,0.8230026285225258,21,,,
m1   7 features,41503,0.8516302016302016,28,,,
m1   7 features,41554,0.8273266161442187,108,,,
m1   7 features,41562,0.7211248128033801,86,0.7155647382920111,3.0,0.0
m1   7 features,41563,0.7759780621572212,40,,,
m1   7 features,41590,0.5080143540669857,11,0.29363295880149815,1.0,0.0
m1   7 features,41613,0.8857067188200302,27,,,
m1   7 features,41628,0.9590577806209875,23,,,
m1   7 features,41675,0.9156408676420714,63,,,
m1   7 features,41676,0.8709342471840976,41,,,
m1   7 features,41681,0.8631425850129997,46,,,
m1   7 features,41683,0.875418632620964,54,,,
m1   7 features,41684,0.8033808172640763,98,,,
m1   7 features,41688,0.8336179705502623,43,,,
m1   7 features,41690,0.8686573453361425,46,,,
m1   7 features,41691,0.8353482953712894,177,,,
m1   7 features,41692,0.8239048152679787,155,,,
m1   7 features,41694,0.8340243683927612,50,,,
m1   7 features,41695,0.8317752873984986,206,,,
m1   7 features,41696,0.8733397401088104,447,,,
m1   7 features,41712,0.5835730630925139,38,0.6971530570161872,12.0,0.0
m1   7 features,41713,0.8726651480637814,20,,,
m1   7 features,41731,0.6794957780873274,21,,,
m1   7 features,41740,0.8368700758138844,14,,,
m1   7 features,41790,0.7969398080708114,29,,,
m1   7 features,41854,0.8510996644647164,24,,,
m1   7 features,41863,0.6566568914956011,11,,,
m1   7 features,41880,0.7554220850782455,20,,,
m1   7 features,42001,0.8886416228376672,570,0.9762835982358326,1.0,0.0
m1   7 features,42106,0.8288738441626324,52,0.9941421922644841,2.0,1.0
m1   7 features,42110,0.7813402657423455,20,,,
m1   7 features,42263,0.6828446502057613,15,,,
m1   7 features,42290,0.8327649471184977,25,,,
m1   7 features,42291,0.8717288948222155,44,,,
m1   7 features,42351,0.8051824404302403,17,,,
m1   7 features,42371,0.6019590016239916,47,,,
m1   7 features,42380,0.9315393056664006,16,,,
m1   7 features,42413,0.8106739405962418,60,,,
m1   7 features,42432,0.6736133777726698,154,0.6183244454749208,3.0,1.0
m1   7 features,42464,0.8160431412200876,10,,,
m1   7 features,42470,0.7489853262566344,2,,,
m1   7 features,42484,0.8466745190420102,50,,,
m1   7 features,42487,0.7457062023939064,25,,,
m1   7 features,42494,0.6703292802560925,36,,,
m1   7 features,42502,0.8688245160705381,45,,,
m1   7 features,42504,0.8522229565983697,90,0.4401243417606352,19.0,1.0
m1   7 features,42510,0.9125612375887454,82,,,
m1   7 features,42523,0.5858242089018687,571,0.5140667267808837,20.0,0.0
m1   7 features,42550,0.8177609008773078,35,0.6900061638929148,33.0,3.0
m1   7 features,42560,0.7242801682303461,11,0.6038461538461538,3.0,0.0
m1   7 features,42562,0.8598922842903254,88,,,
m1   7 features,42563,0.8087951173468886,101,,,
m1   7 features,42570,0.8813112712007806,285,,,
m1   7 features,42571,0.7155032467532467,8,0.6284834737524303,2.0,0.0
m1   7 features,42581,,0,,,
m1   7 features,42590,0.8909548117515292,600,,,
m1   7 features,42601,0.5717053251347309,146,0.4344318181818182,1.0,0.0
m1   7 features,42603,0.6313517441860466,25,0.6304285380872875,27.0,2.0
m1   7 features,42612,0.8756460271414758,39,,,
m1   7 features,42664,0.8906033376123235,57,,,
m1   7 features,42714,0.9182500142075054,22,,,
m1   7 features,42754,0.7402563909017713,32,,,
m1   7 features,42762,0.8812925621696874,446,,,
m1   7 features,42770,0.5941320905993185,6,,,
m1   7 features,42771,0.8577975183305132,12,,,
m1   7 features,42790,0.51760338727452,7,0.9120745542949756,2.0,0.0
m1   7 features,42800,0.7067057291666666,16,,,
m1   7 features,42841,0.614660121916643,16,,,
m1   7 features,42877,0.6678352490421456,36,0.20445586975149957,1.0,0.0
m1   7 features,42902,0.8355140186915888,18,0.9061699650756694,3.0,1.0
m1   7 features,42911,0.7876642297223996,41,,,
m1   7 features,42929,0.8687028197490101,17,,,
m1   7 features,42934,0.5852000765843385,9,0.7853868194842407,1.0,0.0
m1   7 features,42940,0.9038965116085758,661,0.34793128478103075,1.0,0.0
m1   7 features,42973,0.5722055779392464,71,,,
m1   7 features,43013,0.7228034248913028,21,,,
m1   7 features,43040,0.7188545861134272,317,0.4909720273178034,2.0,0.0
m1   7 features,43065,0.8902342255251445,45,,,
m1   7 features,43153,0.6734271523178808,4,,,
m1   7 features,43180,0.5623569794050344,19,,,
m1   7 features,43270,0.7830404080905283,36,,,
m1   7 features,43284,0.7526508716495768,414,0.5502118499965992,23.0,2.0
m1   7 features,43291,0.7821579460513487,34,,,
m1   7 features,43370,0.9733845575870336,38,,,
m1   7 features,43509,0.8184748025160913,64,,,
m1   7 features,43512,0.6330651918887213,6,,,
m1   7 features,43519,0.659782960803369,10,,,
m1   7 features,43531,0.7018450074958068,17,,,
m1   7 features,43541,0.8632371416974313,105,,,
m1   7 features,43566,0.7431852986217458,8,,,
m1   7 features,43632,0.666753112033195,12,0.333677153171738,1.0,0.0
m1   7 features,43641,0.7598814229249012,8,,,
m1   7 features,43664,0.4601092527650391,8,,,
m1   7 features,43742,0.5713258814225517,65,,,
m1   7 features,43780,0.6348822084116201,22,,,
m1   7 features,43790,0.8459032813482997,264,,,
m1   7 features,43791,0.5229749265868534,38,,,
m1   7 features,43830,0.8458748906007643,37,,,
m1   7 features,43832,0.594841414509661,10,,,
m1   7 features,43844,0.598979050649695,14,,,
m1   7 features,43861,0.6847252362222523,96,0.4284853354760948,2.0,0.0
m1   7 features,43863,0.5929510754769521,510,,,
m1   7 features,43870,0.5984417808219178,24,,,
m1   7 features,43885,0.8135028214551078,22,0.819331427314713,2.0,0.0
m1   7 features,43931,0.63354316686024,82,,,
m1   7 features,43954,0.6455172413793103,75,,,
m1   7 features,44004,0.9059375336314095,688,,,
m1   7 features,44154,0.9121185701830863,15,,,
m1   7 features,44155,0.7539918044369083,14,,,
m1   7 features,44182,0.7110940129147312,31,,,
m1   7 features,44220,0.4056603773584906,2,0.8209083119108826,1.0,0.0
m1   7 features,44274,0.8962188495409406,25,,,
m1   7 features,44322,0.8215137266077704,66,,,
m1   7 features,44406,0.6898297970977963,106,0.5084226646248086,1.0,0.0
m1   7 features,44410,0.5784746711299299,253,0.4112090259696909,6.0,0.0
m1   7 features,44413,0.6449469863406248,38,,,
m1   7 features,44414,0.7374860095730241,42,,,
m1   7 features,44438,0.8813703562271562,23,,,
m1   7 features,44440,0.9206740152796624,23,,,
m1   7 features,44483,0.8476394849785408,20,,,
m1   7 features,44543,0.5322111671437009,22,0.6604078587416066,3.0,0.0
m1   7 features,44567,0.8530355629112341,84,,,
m1   7 features,44618,0.7305672525475561,38,,,
m1   7 features,44644,0.8536366150442478,16,,,
m1   7 features,44668,0.8328654927523731,254,,,
m1   7 features,44942,0.7034485370862934,28,0.8468384074941452,1.0,0.0
m1   7 features,44971,0.8580805771477925,27,,,
m1   7 features,44982,0.8232434640522875,15,,,
m1   7 features,44989,0.8750440746704837,225,,,
m1   7 features,44995,0.8379329572994187,70,,,
m1   7 features,45022,0.879370414514954,447,0.4788892741562644,15.0,0.0
m1   7 features,45033,0.6942041829138603,155,,,
m1   7 features,45141,0.48203006849924385,9,,,
m1   7 features,45246,0.8325952475773264,81,,,
m1   7 features,45398,0.9026849315068494,40,,,
m1   7 features,45422,0.9021573688041824,18,,,
m1   7 features,45436,0.80147354200196,61,,,
m1   7 features,45451,0.8836470588235295,22,,,
m1   7 features,45485,0.8936306901615272,48,,,
m1   7 features,45531,0.8526203400207566,67,,,
m1   7 features,45674,0.8622022419430173,40,,,
m1   7 features,45732,0.8935888501742161,25,,,
m1   7 features,45754,0.6256197675363733,9,,,
m1   7 features,45776,0.8380234546393083,42,,,
m1   7 features,45794,0.5834472389283761,10,,,
m1   7 features,45834,0.8368030198615554,19,,,
m1   7 features,45864,0.5663109360015496,37,0.5532395344797638,1.0,0.0
m1   7 features,45912,0.7291173974010328,99,,,
m1   7 features,45914,0.5781698025615117,11,,,
m1   7 features,45933,0.7958444247264123,64,0.667130715123095,2.0,0.0
m1   7 features,45954,0.8303978450062163,24,,,
m1   7 features,45973,0.6887704738546276,2967,,,
m1   7 features,45990,0.8927725144920099,253,,,
m1   7 features,46013,0.802806591405752,73,,,
m1   7 features,46033,0.662751437716308,83,,,
m1   7 features,46072,0.8795581141383186,381,,,
m1   7 features,46087,0.8805305117288589,18,,,
m1   7 features,46121,0.9427697684578419,21,0.6619312537254123,2.0,0.0
m1   7 features,46222,0.8918062548610258,255,,,
m1   7 features,46370,0.6674284681334572,12,0.5514533085961657,5.0,0.0
m1   7 features,46454,0.9140402265182581,15,,,
m1   7 features,46535,0.9068982035928144,25,0.932061978545888,1.0,0.0
m1   7 features,46540,0.8857241851456051,80,,,
m1   7 features,46574,0.9205744656356729,23,,,
m1   7 features,46584,0.8968046951418324,57,,,
m1   7 features,46652,0.5461421967160848,18,,,
m1   7 features,46664,0.6997164130624891,18,,,
m1   7 features,46673,0.8955155410041582,544,,,
m1   7 features,46674,0.5655765115034778,24,0.5562395488376668,28.0,0.0
m1   7 features,46690,0.6835217882214332,115,,,
m1   7 features,46771,0.49382000772499035,3,,,
m1   7 features,46862,0.5674866933241532,11,,,
m1   7 features,46878,0.8971805879469392,59,,,
m1   7 features,46879,0.5130404666057643,23,,,
m1   7 features,46895,0.461247862902683,44,,,
m1   7 features,46926,0.7827793577438085,12,,,
m1   7 features,46932,0.8913918867039201,70,0.8882244807403807,7.0,2.0
m1   7 features,46938,0.8946214626364679,140,,,
m1   7 features,46939,0.7998214672148886,40,,,
m1   7 features,46944,0.8393085323304182,29,,,
m1   7 features,46953,0.887825134090778,49,0.3504950495049505,1.0,0.0
m1   7 features,46969,0.6054085155350978,10,,,
m1   7 features,47009,0.8631002856377756,34,,,
m1   7 features,47010,0.8596433430337195,33,,,
m1   7 features,47013,0.8586535516795274,272,,,
m1   7 features,47074,0.5636710202263896,77,,,
m1   7 features,47081,0.6620671259420678,247,,,
m1   7 features,47112,0.584177642688281,6,,,
m1   7 features,47114,0.6743089721799803,35,,,
m1   7 features,47122,0.7275712660766491,62,,,
m1   7 features,47222,0.707408907976123,35,,,
m1   7 features,47244,0.8102611459496607,14,,,
m1   7 features,47248,0.8523341873042983,12,,,
m1   7 features,47275,0.2802637776731041,3,0.8404705882352941,1.0,0.0
m1   7 features,47279,0.6154211457928593,14,,,
m1   7 features,47282,0.7327782522060916,6,,,
m1   7 features,47341,0.6318950578837755,79,,,
m1   7 features,47354,0.7205767562879445,44,0.6459302325581395,4.0,0.0
m1   7 features,47383,0.888775499610059,177,0.9767688554152965,1.0,0.0
m1   7 features,47385,0.8931463543255497,701,,,
m1   7 features,47387,0.8150254727435936,429,0.19949362668063558,1.0,0.0
m1   7 features,47396,0.9029945979276417,135,0.8661336978919004,12.0,0.0
m1   7 features,47398,0.8735454895952932,244,0.8431081575155387,33.0,2.0
m1   7 features,47404,0.8758785955069449,197,,,
m1   7 features,47406,0.8750233440326817,92,,,
m1   7 features,47407,0.6539665428038287,547,0.6430222295016333,27.0,0.0
m1   7 features,47408,0.661182690787954,148,0.6839231649682469,12.0,3.0
m1   7 features,47410,0.22293207800941492,2,,,
m1   7 features,47412,0.8988568582426902,691,0.9749642573471009,5.0,0.0
m1   7 features,47414,0.8595052285460267,53,,,
m1   7 features,47415,0.8169831141096029,864,0.6576826234451564,25.0,3.0
m1   7 features,47417,0.8616306129026657,153,,,
m1   7 features,47420,0.6820082304526749,125,0.476300845984471,1.0,0.0
m1   7 features,47421,0.6742488668576713,264,0.7799944720840243,134.0,5.0
m1   7 features,47423,0.7832630782533506,24,,,
m1   7 features,47434,0.728811386020516,240,0.755576378358273,35.0,2.0
m1   7 features,47436,0.7065771428571429,35,,,
m1   7 features,47437,0.6310395011117977,968,0.8748618917231109,81.0,45.0
m1   7 features,47441,0.7313122350389432,36,,,
m1   7 features,47444,0.6695980924409636,48,0.778690074456529,93.0,17.0
m1   7 features,47451,0.9039775627994473,677,0.5152248211043469,15.0,0.0
m1   7 features,47452,0.902226670243647,545,,,
m1   7 features,47462,0.5061268006996443,21,0.6663772040858379,14.0,0.0
m1   7 features,47467,0.9072136402841479,159,,,
m1   7 features,47468,0.8345491532158831,69,0.6686709836571076,2.0,0.0
m1   7 features,47469,0.8934414829779515,705,,,
m1   7 features,47470,0.8507322104978355,48,0.7760116072867967,5.0,0.0
m1   7 features,47473,0.6398580736364474,162,0.26588073709511273,1.0,0.0
m1   7 features,47482,0.6411163746361509,7,,,
m1   7 features,47483,0.3632583503749148,6,,,
m1   7 features,47490,0.8034669190435785,36,,,
m1   7 features,47491,0.553989268852241,64,,,
m1   7 features,47493,0.619435981904179,194,0.8305394369224156,1.0,0.0
m1   7 features,47495,0.8981346426233239,696,,,
m1   7 features,47499,0.7195253973065431,21,0.6276752395360565,15.0,0.0
m1   7 features,47502,0.8533421171574522,43,,,
m1   7 features,47504,0.8744600193952218,19,,,
m1   7 features,47517,0.9705596107055962,4,,,
m1   7 features,47522,0.6777540575106435,63,,,
m1   7 features,47523,0.5931108548469282,436,,,
m1   7 features,47529,0.8881363685115523,686,,,
m1   7 features,47530,0.6688014963013522,41,,,
m1   7 features,47537,0.5790686844565004,1081,0.4986898930560519,68.0,1.0
m1   7 features,47540,0.8702720368345856,57,,,
m1   7 features,47541,0.5590220507962379,503,,,
m1   7 features,47542,0.8543014880625937,9,0.6737458881578947,8.0,0.0
m1   7 features,47544,0.8912664636561696,680,,,
m1   7 features,47551,0.656309412861137,30,,,
m1   7 features,47556,0.9014321339508372,50,,,
m1   7 features,47567,0.905428417245847,685,,,
m1   7 features,47574,0.8678093811087477,551,,,
m1   7 features,47586,0.8913504618223672,38,,,
m1   7 features,47589,0.8459977591740745,82,,,
m1   7 features,47601,0.6902416176265175,84,,,
m1   7 features,47604,0.8883273000242875,621,0.7323125181317087,54.0,5.0
m1   7 features,47611,0.6602162638222918,22,0.5629153269024652,2.0,0.0
m1   7 features,47612,0.721433477496245,63,,,
m1   7 features,47614,0.6134536629758836,19,0.2867049258727881,1.0,0.0
m1   7 features,47623,0.6536256798149653,204,0.6951409842888358,3.0,0.0
m1   7 features,47624,0.7185490829586666,269,0.44293116086898576,6.0,0.0
m1   7 features,47630,0.893336595402991,18,,,
m1   7 features,47631,0.7415197863933819,89,0.5404902329861547,13.0,0.0
m1   7 features,47633,0.8415069349913542,11,0.8029020556227328,1.0,0.0
m1   7 features,47641,0.6706504824151883,21,,,
m1   7 features,47654,0.6123095519199415,35,0.7321956343695474,11.0,0.0
m1   7 features,47655,0.6298425224466891,160,0.39185587583148557,50.0,0.0
m1   7 features,47662,0.711079496844277,123,0.7687566670617518,1.0,0.0
m1   7 features,47663,0.8068926040035692,26,0.6899680603948897,3.0,0.0
m1   7 features,47670,0.5223837595851247,7,,,
m1   7 features,47673,0.6456404945303903,7,,,
m1   7 features,47674,0.7960470085470085,9,,,
m1   7 features,47683,0.6982119084029912,39,,,
m1   7 features,47684,0.6563812864282602,256,0.3823623049984082,12.0,0.0
m1   7 features,47686,0.7513177026535806,18,0.5236673002081637,3.0,0.0
m1   7 features,47690,0.7783749257278669,100,,,
m1   7 features,47691,0.6671827969437369,16,,,
m1   7 features,47700,0.773832739785448,47,0.5996679155313351,12.0,0.0
m1   7 features,47701,0.6428854733756403,74,,,
m1   7 features,47703,0.922075668170774,33,0.8218539616778872,2.0,0.0
m1   7 features,47704,0.6994652406417112,55,,,
m1   7 features,47710,0.8205123487680669,28,0.7067622950819672,1.0,0.0
m1   7 features,47712,0.8757278020378457,9,0.856078860898138,15.0,8.0
m1   7 features,47713,0.6498806518028235,66,,,
m1   7 features,47714,0.6020099850872074,15,0.34510184287099904,1.0,0.0
m1   7 features,47720,0.12199781659388646,2,,,
m1   7 features,47722,0.788106865331147,52,,,
m1   7 features,47724,0.6242896920104557,126,0.9991521001826246,2.0,2.0
m1   7 features,47727,0.7480520372086638,27,0.6269489139537785,26.0,0.0
m1   7 features,47729,0.7447538003965631,68,,,
m1   7 features,47730,0.6022625388215124,55,,,
m1   7 features,47734,0.6469174147981109,38,0.7944310144148984,18.0,3.0
m1   7 features,47751,0.880678624354847,60,,,
m1   7 features,47753,0.8495264193625512,55,,,
m1   7 features,47766,0.918755104790872,98,,,
m1   7 features,47774,0.6751821683149348,99,0.6937330404445019,5.0,0.0
m1   7 features,47793,0.820798867576123,64,,,
m1   7 features,47801,0.7200311302681992,18,,,
m1   7 features,47803,0.6799191374663073,14,,,
m1   7 features,47807,0.9538649706457926,8,,,
m1   7 features,47832,0.8916447998775807,513,,,
m1   7 features,47833,0.8554125816993464,20,,,
m1   7 features,47863,0.586333759562106,13,0.622582304526749,40.0,0.0
m1   7 features,47864,0.4798820672910163,4,,,
m1   7 features,47872,0.7282997360211183,20,,,
m1   7 features,47873,0.6362459546925566,35,,,
m1   7 features,47878,0.5100078802206461,3,,,
m1   7 features,47879,0.8938548389801113,648,,,
m1   7 features,47888,0.9041139775753213,691,,,
m1   7 features,47892,0.8775126302244363,211,,,
m1   7 features,47896,0.8155482685735733,31,,,
m1   7 features,47898,0.9127251548196458,47,,,
m1   7 features,47902,0.5172367236723673,11,,,
m1   7 features,47907,0.80328164849798,36,,,
m1   7 features,47908,0.6486952543506185,17,,,
m1   7 features,47911,0.7493338403470227,60,,,
m1   7 features,47928,0.19331210191082804,2,0.47547770700636943,2.0,0.0
m1   7 features,47934,0.66807325434086,14,,,
m1   7 features,47964,0.6909555768616171,12,,,
m1   7 features,48080,0.702454584354456,19,0.7771645818003434,1.0,0.0
m1   7 features,48104,0.6891111804016417,107,,,
m1   7 features,48144,0.7576617292763451,140,,,
m1   7 features,48151,0.6093487394957983,10,,,
m1   7 features,48180,0.5673600594930214,601,,,
m1   7 features,48192,0.8238728299635032,55,,,
m1   7 features,48193,0.7314080687830687,100,,,
m1   7 features,48221,0.7367557481125601,47,,,
m1   7 features,48301,0.7876942413162705,48,,,
m1   7 features,48305,0.8764872330957119,27,,,
m1   7 features,48310,0.8559932072976466,97,,,
m1   7 features,48312,0.8805740797261721,345,,,
m1   7 features,48319,0.8265092931759599,30,,,
m1   7 features,48351,0.8806546044238498,333,,,
m1   7 features,48368,0.7670630151098901,28,,,
m1   7 features,48402,0.868178293863746,71,,,
m1   7 features,48413,0.843297053189735,180,0.9727008279257104,1.0,0.0
m1   7 features,48428,0.898187334850732,394,,,
m1   7 features,48442,0.8832761639332547,38,,,
m1   7 features,48449,0.8393925086559647,90,,,
m1   7 features,48450,0.8959464762986802,643,,,
m1   7 features,48481,0.8986774308744006,207,,,
m1   7 features,48488,0.8637626262626262,270,,,
m1   7 features,48490,0.9043956523909354,108,,,
m1   7 features,48493,0.8854259114243452,90,,,
m1   7 features,48496,0.9391449787326076,55,,,
m1   7 features,48510,0.8648076198396507,41,,,
m1   7 features,48511,0.8875793019189383,480,,,
m1   7 features,48512,0.8600609694951966,84,,,
m1   7 features,48514,0.8286625266980286,86,,,
m1   7 features,48515,0.8240438941390934,206,,,
m1   7 features,48517,0.8632452209608434,359,,,
m1   7 features,48524,0.8198790380993771,54,,,
m1   7 features,48531,0.8189194108422939,18,,,
m1   7 features,48537,0.8838319155244176,599,0.9974737185233478,1.0,1.0
m1   7 features,48543,0.8645467962356008,22,,,
m1   7 features,48546,0.8854680984985568,123,,,
m1   7 features,48561,0.7820050073023159,40,,,
m1   7 features,48563,0.9112773985228881,94,,,
m1   7 features,48575,0.7258687258687259,22,,,
m1   7 features,48583,0.856336387013822,36,,,
m1   7 features,48588,0.9027111206636295,181,,,
m1   7 features,48592,0.884375756212445,51,,,
m1   7 features,48600,0.49652804273178175,5,,,
m1   7 features,48607,0.8682571749238416,84,,,
m1   7 features,48612,0.760729368249459,38,,,
m1   7 features,48617,0.9155476717275756,18,,,
m1   7 features,48619,0.8647882127845795,210,,,
m1   7 features,48628,0.9069364947398715,44,,,
m1   7 features,48634,0.866302718903875,26,,,
m1   7 features,48646,0.8863421550094518,66,,,
m1   7 features,48647,0.8754017772735867,150,,,
m1   7 features,48650,0.8927958512439755,144,,,
m1   7 features,48654,0.8428541091526863,17,,,
m1   7 features,48661,0.8610728656554981,184,,,
m1   7 features,48662,0.8005491380218391,95,,,
m1   7 features,48670,0.8425298025171958,31,,,
m1   7 features,48673,0.8390323331007211,22,,,
m1   7 features,48674,0.7872437357630979,15,,,
m1   7 features,48676,0.7839038909857904,64,,,
m1   7 features,48681,0.8533626620645166,165,,,
m1   7 features,48690,0.8226808644050854,68,,,
m1   7 features,48700,0.7166059870550162,15,,,
m1   7 features,48701,0.8383817221493235,23,,,
m1   7 features,48702,0.8752933683623916,53,,,
m1   7 features,48704,0.7045782691147315,24,,,
m1   7 features,48711,0.9008581610295414,236,,,
m1   7 features,48717,0.8779796343439019,29,,,
m1   7 features,48727,0.8755955447827172,525,,,
m1   7 features,48731,0.8504611529712823,80,,,
m1   7 features,48747,0.6950239476835222,33,,,
m1   7 features,48748,0.7706337737407102,14,,,
m1   7 features,48772,0.8354412346656114,19,,,
m1   7 features,48773,0.8248393469671312,108,0.8978502380608859,1.0,0.0
m1   7 features,48783,0.6536919831223629,5,,,
m1   7 features,48794,0.8097574603174603,35,,,
m1   7 features,48822,0.47447685478757134,4,,,
m1   7 features,48841,0.5876556672356028,24,0.37233975569827477,3.0,0.0
m1   7 features,48843,0.6272543569119154,72,0.5676110106489853,7.0,0.0
m1   7 features,48850,0.8790511659565252,218,0.18145285935085007,2.0,0.0
m1   7 features,48852,0.6951499406535377,33,0.6875596184419713,5.0,0.0
m1   7 features,48872,0.5384076377332049,7,,,
m1   7 features,48880,0.6510751737004632,29,,,
m1   7 features,48896,0.9822537710736469,2,,,
m1   7 features,48911,0.3024756986634265,4,,,
m1   7 features,48912,0.6737223722372238,22,,,
m1   7 features,48922,0.5930974354612342,7,,,
m1   7 features,48941,0.8968426016640589,44,,,
m1   7 features,48962,0.648259587020649,25,,,
m1   7 features,48984,0.5434842043991321,49,,,
m1   7 features,48986,0.8232004588471465,12,,,
m1   7 features,49054,0.6003536667933164,59,,,
m1   7 features,49074,0.8012782005072754,44,,,
m1   7 features,49123,0.36380597014925375,4,,,
m1   7 features,49128,0.9454833684740536,43,,,
m1   7 features,49131,0.644252261841405,25,,,
m1   7 features,49132,0.5668361993407978,59,,,
m1   7 features,49380,0.5372251539138083,18,,,
m1   7 features,49543,0.7330182072829131,7,,,
m1   7 features,49644,0.5497844326920664,107,0.5085312427945584,2.0,0.0
m1   7 features,49670,0.6123809003496503,65,0.6926359138168608,9.0,0.0
m1   7 features,49673,0.9152683954383671,13,0.6819038642789821,9.0,0.0
m1   7 features,49712,0.864757274084226,258,,,
m1   7 features,49721,0.6682276931866691,138,0.7460017927065151,47.0,0.0
m1   7 features,49733,0.7252700422136733,678,,,
m1   7 features,49773,0.6920735573874445,20,,,
m1   7 features,49842,0.5916147170272583,3,,,
m1   7 features,49850,0.7035162053595994,17,,,
m1   7 features,49900,0.7970785262374396,12,,,
m1   7 features,49941,0.856416662027501,44,,,
m1   7 features,50002,0.6505892424546001,23,0.8846107963018193,7.0,2.0
m1   7 features,50033,0.6863579886706919,131,,,
m1   7 features,50051,0.8194152695757864,23,,,
m1   7 features,50071,0.5440512790604023,57,,,
m1   7 features,50730,0.6967831880933997,241,0.9105421979947435,1.0,0.0
m1   7 features,51103,0.8277566713965304,21,,,
m1   7 features,51180,0.9434974747474747,12,,,
m1   7 features,51193,0.49619370850230127,43,,,
m1   7 features,51232,0.6572441520467837,48,,,
m1   7 features,51234,0.8649533227250967,214,,,
m1   7 features,51251,0.7265264860493328,10,,,
m1   7 features,51261,0.7138798253949614,277,,,
m1   7 features,51273,0.6264952405020638,27,,,
m1   7 features,51383,0.9031149793861658,2,,,
m1   7 features,51394,0.7075439007902404,176,0.7410772695249598,18.0,4.0
m1   7 features,51421,0.7400253372084358,45,,,
m1   7 features,51431,0.8885021295995736,603,0.9662496934020113,5.0,0.0
m1   7 features,51461,0.823194349510139,42,,,
m1   7 features,51671,0.9371969594277552,29,,,
m1   7 features,51692,0.6299931129476584,6,,,
m1   7 features,51843,,0,,,
m1   7 features,52070,0.8623723818545417,15,,,
m1   7 features,52112,0.5110192837465565,5,,,
m1   7 features,52236,0.7319841752891053,53,0.6560749159596606,6.0,0.0
m1   7 features,52274,0.8307336022710294,30,,,
m1   7 features,52293,0.747724292216308,18,,,
m1   7 features,52294,0.8494113889040381,74,,,
m1   7 features,52352,0.7562167792002993,659,,,
m1   7 features,52450,0.6679770505737357,8,,,
m1   7 features,52550,0.8853229494475897,533,,,
m1   7 features,52620,0.7780745179781136,30,,,
m1   7 features,52961,0.6588227559910592,33,,,
m1   7 features,53272,0.8811256088779068,674,0.40783059254909887,59.0,0.0
m1   7 features,53400,0.7082155892429297,71,,,
m1   7 features,53708,0.7877528401219174,12,,,
m1   7 features,53713,0.8760421721029144,450,,,
m1   7 features,53819,0.8195037244454111,32,0.8055555555555556,4.0,0.0
m1   7 features,53871,0.8510778856812753,76,0.9927785116688683,5.0,3.0
m1   7 features,53913,0.7527416229769774,107,,,
m1   7 features,53963,0.7155378919860628,16,,,
m1   7 features,53982,0.7034283483014447,26,,,
m1   7 features,53984,0.8647796647796647,55,,,
m1   7 features,54001,0.7164033792908514,17,,,
m1   7 features,54002,0.6379943239354048,29,,,
m1   7 features,54053,0.6927905541432333,727,,,
m1   7 features,54062,0.8580940338978096,61,,,
m1   7 features,54074,0.7210918428767291,104,,,
m1   7 features,54081,0.7726426499032882,56,,,
m1   7 features,54090,0.9456845238095238,30,,,
m1   7 features,54092,0.7557980316645272,15,,,
m1   7 features,54093,0.7681994937572133,180,,,
m1   7 features,54094,0.8048463868455215,15,,,
m1   7 features,54120,0.6401025012893244,175,,,
m1   7 features,54134,0.8756244160921167,129,,,
m1   7 features,54140,0.8698030192944216,12,,,
m1   7 features,54142,0.8427145269030316,30,,,
m1   7 features,54144,0.8775680147060914,733,,,
m1   7 features,54151,0.7088554688099146,44,,,
m1   7 features,54153,0.8859991423670669,32,,,
m1   7 features,54182,0.828847771236333,14,,,
m1   7 features,54210,0.9795103316548012,13,,,
m1   7 features,54213,0.763572648976603,21,,,
m1   7 features,54214,0.7536793646297318,231,,,
m1   7 features,54224,0.9949712643678161,16,,,
m1   7 features,54244,0.7813757938992755,14,,,
m1   7 features,54251,0.8531223132817484,102,,,
m1   7 features,54260,0.8450351982215636,24,,,
m1   7 features,54271,0.7818845898430673,18,,,
m1   7 features,54273,0.5573600687929956,13,,,
m1   7 features,54291,0.8196785048733728,23,,,
m1   7 features,54314,0.8889107243121842,13,,,
m1   7 features,54340,0.640827922077922,56,,,
m1   7 features,54351,0.8963815789473685,24,,,
m1   7 features,54364,0.9645713788906277,9,,,
m1   7 features,54384,0.6980161889596603,12,,,
m1   7 features,54391,0.7784846943459854,309,,,
m1   7 features,54400,0.7225537524838233,38,,,
m1   7 features,54403,0.7796946926617926,48,,,
m1   7 features,54410,0.9199105294785338,17,,,
m1   7 features,54413,0.7212543554006968,14,,,
m1   7 features,54420,0.7659061649647424,52,,,
m1   7 features,54434,0.8961007345225603,25,,,
m1   7 features,54443,0.8142005123865933,105,,,
m1   7 features,54452,0.8953452046235552,6,,,
m1   7 features,54480,0.8772642221343231,93,,,
m1   7 features,54481,0.8231494167509635,29,,,
m1   7 features,54484,0.8438609467455621,10,,,
m1   7 features,54502,0.8805129416628523,44,,,
m1   7 features,54524,0.9062398122188172,7,,,
m1   7 features,54531,0.8585935886962844,38,,,
m1   7 features,54534,0.5725598666262504,12,,,
m1   7 features,54553,0.8741106707109052,675,,,
m1   7 features,54554,0.8430677832190071,243,,,
m1   7 features,54562,0.87663316934798,174,,,
m1   7 features,54564,0.6517599927979835,20,,,
m1   7 features,54570,0.6283966331348799,25,,,
m1   7 features,54590,0.8706774756165291,29,,,
m1   7 features,54624,0.7374317787450198,43,,,
m1   7 features,54653,0.6121152135869409,18,,,
m1   7 features,54682,0.6438457895643189,24,,,
m1   7 features,54732,0.6192623442293663,220,,,
m1   7 features,54741,0.8781867796351424,33,,,
m1   7 features,54743,0.3798988171583298,18,,,
m1   7 features,54751,0.8138428483732351,8,,,
m1   7 features,54752,0.8302905513011211,61,,,
m1   7 features,54762,0.5876602564102564,16,,,
m1   7 features,54774,0.9612923576063447,38,,,
m1   7 features,54781,0.8624658834697995,12,,,
m1   7 features,54782,0.5581234908589169,12,,,
m1   7 features,54794,0.8174676046866514,23,,,
m1   7 features,54802,0.7736368457171376,52,,,
m1   7 features,54814,0.9636871508379888,15,,,
m1   7 features,54841,0.3247472315840154,2,,,
m1   7 features,54842,0.700184164719233,66,,,
m1   7 features,54844,0.534045872333249,12,,,
m1   7 features,54860,0.5465631929046563,2,,,
m1   7 features,54862,0.4726027397260274,4,,,
m1   7 features,54863,0.6466021345612086,46,,,
m1   7 features,54870,0.7091069545683767,33,,,
m1   7 features,54880,0.6280916585838991,20,,,
m1   7 features,54881,0.8922559095895616,685,,,
m1   7 features,54882,0.8330836598294538,24,,,
m1   7 features,54883,0.867898103142091,165,,,
m1   7 features,54890,0.5908576836079952,27,,,
m1   7 features,54891,0.6372511134474748,452,,,
m1   7 features,54892,0.8325245542987478,31,,,
m1   7 features,54893,0.8386308760280691,116,,,
m1   7 features,54894,0.6625795423774709,16,,,
m1   7 features,54900,0.5382669109863993,56,,,
m1   7 features,54902,0.7622108082392121,29,,,
m1   7 features,54904,0.6295859448166262,527,,,
m1   7 features,54930,0.8493034318722392,18,,,
m1   7 features,54933,0.6380083638730617,153,,,
m1   7 features,54944,0.8826920767320398,284,,,
m1   7 features,54950,0.6864672708044239,67,,,
m1   7 features,54952,0.5504323570432357,10,,,
m1   7 features,54973,0.6834906384073096,203,,,
m1   7 features,54974,0.5356490930520021,43,,,
m1   7 features,54984,0.9181798245614035,19,,,
m1   7 features,54990,0.703300381807576,148,,,
m1   7 features,54991,0.7214662736495749,28,,,
m1   7 features,55000,0.8731218697829716,12,,,
m1   7 features,55030,0.8680963979484743,279,,,
m1   7 features,55050,0.8771207472249797,28,,,
m1   7 features,55054,0.6248343054082715,16,,,
m1   7 features,55060,0.6851758023857332,31,,,
m1   7 features,55082,0.8578464003944773,80,,,
m1   7 features,55101,0.678833361760191,48,,,
m1   7 features,55104,0.7718314753955434,107,,,
m1   7 features,55111,0.7187581762216237,184,,,
m1   7 features,55133,0.6878357206803939,4,,,
m1   7 features,55152,0.9747551502870652,18,,,
m1   7 features,55162,0.7691483337974566,140,,,
m1   7 features,55194,0.9141337734378582,22,,,
m1   7 features,55201,0.49133803959753325,26,,,
m1   7 features,55203,0.8827932707008425,193,,,
m1   7 features,55204,0.8779905977010831,187,,,
m2  10 features (+PPI provenance),28083,0.7115679447553004,95,,,
m2  10 features (+PPI provenance),28133,0.6623104936938317,335,,,
m2  10 features (+PPI provenance),28293,0.8995588345723511,69,,,
m2  10 features (+PPI provenance),28302,0.5484231378763866,25,0.9914218102938277,2.0,1.0
m2  10 features (+PPI provenance),28400,0.9426794155162065,68,,,
m2  10 features (+PPI provenance),28611,0.856109860798533,18,,,
m2  10 features (+PPI provenance),28650,0.7802750126399721,85,,,
m2  10 features (+PPI provenance),36560,0.9313439756242963,62,,,
m2  10 features (+PPI provenance),36564,0.7704410528193237,26,,,
m2  10 features (+PPI provenance),36637,0.7777456355563318,61,0.720527617477329,3.0,0.0
m2  10 features (+PPI provenance),36818,0.8540797025828333,16,,,
m2  10 features (+PPI provenance),37110,0.7154721903456702,59,0.9589834325237253,1.0,0.0
m2  10 features (+PPI provenance),37111,0.9343600637280934,7,,,
m2  10 features (+PPI provenance),37143,0.6792047609221931,762,0.7527576337592782,34.0,1.0
m2  10 features (+PPI provenance),37230,0.642824753267538,46,0.447615732683606,5.0,0.0
m2  10 features (+PPI provenance),37243,0.7730496307159576,154,,,
m2  10 features (+PPI provenance),37323,0.6816163410301954,4,,,
m2  10 features (+PPI provenance),37342,0.846441670974571,22,,,
m2  10 features (+PPI provenance),37454,0.7705820105820106,3,,,
m2  10 features (+PPI provenance),37461,0.8932201085237981,346,0.9664242774262988,11.0,2.0
m2  10 features (+PPI provenance),37492,0.9477784360189574,16,,,
m2  10 features (+PPI provenance),37525,0.6946477839088644,53,0.7128958793916309,11.0,1.0
m2  10 features (+PPI provenance),37534,0.8641957955226657,70,,,
m2  10 features (+PPI provenance),37550,0.9244450914288171,47,,,
m2  10 features (+PPI provenance),37570,0.8620048157872524,66,,,
m2  10 features (+PPI provenance),37584,0.6185535154500672,22,,,
m2  10 features (+PPI provenance),37630,0.7300414566718088,221,,,
m2  10 features (+PPI provenance),37785,0.6504805591961555,14,,,
m2  10 features (+PPI provenance),37813,0.7502463054187192,14,,,
m2  10 features (+PPI provenance),37861,0.668931889399048,133,0.9873401696417268,1.0,0.0
m2  10 features (+PPI provenance),37922,0.6655668572152801,109,,,
m2  10 features (+PPI provenance),38222,0.5972865298952256,30,,,
m2  10 features (+PPI provenance),38232,0.6141206413611763,310,0.8032041200234372,27.0,1.0
m2  10 features (+PPI provenance),38250,0.7127822996675456,13,,,
m2  10 features (+PPI provenance),38404,0.8464769839028523,16,0.8722566122678672,3.0,0.0
m2  10 features (+PPI provenance),38520,0.9922196796338673,2,,,
m2  10 features (+PPI provenance),38840,0.9970660146699266,2,,,
m2  10 features (+PPI provenance),38860,0.90603421217828,18,,,
m2  10 features (+PPI provenance),38912,0.9479558756336894,59,0.707813017359633,27.0,4.0
m2  10 features (+PPI provenance),38913,0.9390711955478794,18,,,
m2  10 features (+PPI provenance),38914,0.868324209245742,20,,,
m2  10 features (+PPI provenance),38964,0.8887994206053954,101,,,
m2  10 features (+PPI provenance),38970,0.8764884618543155,22,,,
m2  10 features (+PPI provenance),39067,0.6058594313753788,13,,,
m2  10 features (+PPI provenance),39154,0.6889844622659809,47,,,
m2  10 features (+PPI provenance),39167,0.8792575980503361,53,0.8979904632152589,3.0,0.0
m2  10 features (+PPI provenance),39191,0.8338659160649615,39,0.9817351598173516,2.0,1.0
m2  10 features (+PPI provenance),39234,0.9981357196122297,10,,,
m2  10 features (+PPI provenance),39263,0.3311182401466544,2,,,
m2  10 features (+PPI provenance),39282,0.9545816733067729,15,,,
m2  10 features (+PPI provenance),39300,0.7362602089946146,11,,,
m2  10 features (+PPI provenance),39310,0.7408306743062422,124,0.9874901237819331,1.0,0.0
m2  10 features (+PPI provenance),39444,0.7609145220588235,17,,,
m2  10 features (+PPI provenance),39510,0.7092936140593643,202,0.728531316256948,9.0,0.0
m2  10 features (+PPI provenance),39587,0.6617973779392028,43,,,
m2  10 features (+PPI provenance),39599,0.9026076409945422,34,,,
m2  10 features (+PPI provenance),39719,0.6622710807003421,20,0.37710505212510026,1.0,0.0
m2  10 features (+PPI provenance),39767,0.9187517200126456,196,,,
m2  10 features (+PPI provenance),39833,0.736577276677334,256,0.760652570569926,1.0,0.0
m2  10 features (+PPI provenance),40042,0.9180772801453866,343,,,
m2  10 features (+PPI provenance),40056,0.9240322028091812,21,,,
m2  10 features (+PPI provenance),40072,0.6817905658025922,16,,,
m2  10 features (+PPI provenance),40154,0.7117429496070273,9,,,
m2  10 features (+PPI provenance),40170,0.6767641325536062,15,0.50990387416254,2.0,0.0
m2  10 features (+PPI provenance),40213,0.6719085205424004,15,,,
m2  10 features (+PPI provenance),40234,0.2128668171557562,7,,,
m2  10 features (+PPI provenance),40442,0.8965804638757918,78,0.8622655734615022,3.0,0.0
m2  10 features (+PPI provenance),40767,0.3310689310689311,5,,,
m2  10 features (+PPI provenance),40769,0.9233269576151594,447,,,
m2  10 features (+PPI provenance),40787,0.6627343244990304,13,0.7532522624434389,17.0,0.0
m2  10 features (+PPI provenance),40953,0.7978732336149216,34,0.7874427730542839,1.0,0.0
m2  10 features (+PPI provenance),41049,0.9444280421706567,683,,,
m2  10 features (+PPI provenance),41102,0.7764316782098323,39,,,
m2  10 features (+PPI provenance),41140,0.8928313938780673,134,,,
m2  10 features (+PPI provenance),41141,0.6051858604274284,6,,,
m2  10 features (+PPI provenance),41231,0.7939479079656769,13,,,
m2  10 features (+PPI provenance),41287,0.90679287761443,183,0.495655987205283,21.0,0.0
m2  10 features (+PPI provenance),41293,0.622931274152407,454,,,
m2  10 features (+PPI provenance),41313,0.8055198268289623,26,,,
m2  10 features (+PPI provenance),41324,0.9199073989682641,105,0.6885782647021785,1.0,0.0
m2  10 features (+PPI provenance),41370,0.8383161399128283,19,,,
m2  10 features (+PPI provenance),41371,0.9968633208756006,8,,,
m2  10 features (+PPI provenance),41400,0.7338095363610005,11,0.8205555555555556,40.0,0.0
m2  10 features (+PPI provenance),41402,0.6034998588766582,10,0.41047297297297297,1.0,0.0
m2  10 features (+PPI provenance),41416,0.899988761158564,345,,,
m2  10 features (+PPI provenance),41448,0.8073537502292316,21,,,
m2  10 features (+PPI provenance),41503,0.930952380952381,28,,,
m2  10 features (+PPI provenance),41554,0.8278066431915898,108,,,
m2  10 features (+PPI provenance),41562,0.748418166845611,86,0.7122195985832349,3.0,0.0
m2  10 features (+PPI provenance),41563,0.7876508226691042,40,,,
m2  10 features (+PPI provenance),41590,0.5278537252221462,11,0.5352059925093633,1.0,0.0
m2  10 features (+PPI provenance),41613,0.923191948824512,27,,,
m2  10 features (+PPI provenance),41628,0.9803056958121045,23,,,
m2  10 features (+PPI provenance),41675,0.9476543952920721,63,,,
m2  10 features (+PPI provenance),41676,0.9198001948484796,41,,,
m2  10 features (+PPI provenance),41681,0.9080495276340516,46,,,
m2  10 features (+PPI provenance),41683,0.9087180436056372,54,,,
m2  10 features (+PPI provenance),41684,0.8719202314083315,98,,,
m2  10 features (+PPI provenance),41688,0.8893755413554724,43,,,
m2  10 features (+PPI provenance),41690,0.9188852710208772,46,,,
m2  10 features (+PPI provenance),41691,0.8830798220680446,177,,,
m2  10 features (+PPI provenance),41692,0.8742896021772193,155,,,
m2  10 features (+PPI provenance),41694,0.8850886937824762,50,,,
m2  10 features (+PPI provenance),41695,0.8824696089308302,206,,,
m2  10 features (+PPI provenance),41696,0.9112908243176392,447,,,
m2  10 features (+PPI provenance),41712,0.589657567832625,38,0.7381946592432209,12.0,0.0
m2  10 features (+PPI provenance),41713,0.8763097949886105,20,,,
m2  10 features (+PPI provenance),41731,0.7070456929611859,21,,,
m2  10 features (+PPI provenance),41740,0.8540396907982756,14,,,
m2  10 features (+PPI provenance),41790,0.8275862068965517,29,,,
m2  10 features (+PPI provenance),41854,0.8752555835168292,24,,,
m2  10 features (+PPI provenance),41863,0.6876539589442815,11,,,
m2  10 features (+PPI provenance),41880,0.7826096539563588,20,,,
m2  10 features (+PPI provenance),42001,0.9257056315666875,570,0.980860447699093,1.0,0.0
m2  10 features (+PPI provenance),42106,0.871470262466865,52,0.9981543893436046,2.0,2.0
m2  10 features (+PPI provenance),42110,0.8383448873483536,20,,,
m2  10 features (+PPI provenance),42263,0.7505401234567901,15,,,
m2  10 features (+PPI provenance),42290,0.8750183466436434,25,,,
m2  10 features (+PPI provenance),42291,0.9059328481403327,44,,,
m2  10 features (+PPI provenance),42351,0.8557288182114491,17,,,
m2  10 features (+PPI provenance),42371,0.6180375066293774,47,,,
m2  10 features (+PPI provenance),42380,0.931364724660814,16,,,
m2  10 features (+PPI provenance),42413,0.8151498870336695,60,,,
m2  10 features (+PPI provenance),42432,0.6935233498065356,154,0.6483113069016153,3.0,1.0
m2  10 features (+PPI provenance),42464,0.8568250758341759,10,,,
m2  10 features (+PPI provenance),42470,0.7759912581954418,2,,,
m2  10 features (+PPI provenance),42484,0.8497565763643502,50,,,
m2  10 features (+PPI provenance),42487,0.7667116430903156,25,,,
m2  10 features (+PPI provenance),42494,0.7165040272614622,36,,,
m2  10 features (+PPI provenance),42502,0.9066140804206899,45,,,
m2  10 features (+PPI provenance),42504,0.8890269516046119,90,0.36645667337542387,19.0,0.0
m2  10 features (+PPI provenance),42510,0.9438448036467475,82,,,
m2  10 features (+PPI provenance),42523,0.6008653876224476,571,0.4133207639970489,20.0,0.0
m2  10 features (+PPI provenance),42550,0.857446641351316,35,0.5464318834302342,33.0,2.0
m2  10 features (+PPI provenance),42560,0.7239296883424997,11,0.6483234714003945,3.0,0.0
m2  10 features (+PPI provenance),42562,0.9031826220303979,88,,,
m2  10 features (+PPI provenance),42563,0.8399004001691133,101,,,
m2  10 features (+PPI provenance),42570,0.9191360558177714,285,,,
m2  10 features (+PPI provenance),42571,0.7704139610389611,8,0.6829228775113415,2.0,0.0
m2  10 features (+PPI provenance),42581,,0,,,
m2  10 features (+PPI provenance),42590,0.9297529508055484,600,,,
m2  10 features (+PPI provenance),42601,0.593041475748439,146,0.8186363636363636,1.0,0.0
m2  10 features (+PPI provenance),42603,0.6683187984496124,25,0.6140464264555394,27.0,2.0
m2  10 features (+PPI provenance),42612,0.921066796229345,39,,,
m2  10 features (+PPI provenance),42664,0.9322036799315362,57,,,
m2  10 features (+PPI provenance),42714,0.9387656519350622,22,,,
m2  10 features (+PPI provenance),42754,0.7463579408212561,32,,,
m2  10 features (+PPI provenance),42762,0.9222770773356509,446,,,
m2  10 features (+PPI provenance),42770,0.6094908799358589,6,,,
m2  10 features (+PPI provenance),42771,0.8507120699379582,12,,,
m2  10 features (+PPI provenance),42790,0.5658604489298764,7,0.978322528363047,2.0,1.0
m2  10 features (+PPI provenance),42800,0.744970703125,16,,,
m2  10 features (+PPI provenance),42841,0.649011199319535,16,,,
m2  10 features (+PPI provenance),42877,0.6898275862068965,36,0.4437017994858612,1.0,0.0
m2  10 features (+PPI provenance),42902,0.9167315680166147,18,0.9714396585176562,3.0,0.0
m2  10 features (+PPI provenance),42911,0.8481934130500526,41,,,
m2  10 features (+PPI provenance),42929,0.9076672767947935,17,,,
m2  10 features (+PPI provenance),42934,0.6047929031846321,9,0.6140401146131805,1.0,0.0
m2  10 features (+PPI provenance),42940,0.9426199233221715,661,0.47084442293733364,1.0,0.0
m2  10 features (+PPI provenance),42973,0.5979544750163573,71,,,
m2  10 features (+PPI provenance),43013,0.7091365059579456,21,,,
m2  10 features (+PPI provenance),43040,0.7372644788384453,317,0.565183833847881,2.0,0.0
m2  10 features (+PPI provenance),43065,0.9360119227438423,45,,,
m2  10 features (+PPI provenance),43153,0.6610099337748344,4,,,
m2  10 features (+PPI provenance),43180,0.6109783730425808,19,,,
m2  10 features (+PPI provenance),43270,0.7894140381359708,36,,,
m2  10 features (+PPI provenance),43284,0.7657255000156789,414,0.5680420579256704,23.0,0.0
m2  10 features (+PPI provenance),43291,0.7857409814754631,34,,,
m2  10 features (+PPI provenance),43370,0.9835280332033346,38,,,
m2  10 features (+PPI provenance),43509,0.8781919708162669,64,,,
m2  10 features (+PPI provenance),43512,0.5715602480308363,6,,,
m2  10 features (+PPI provenance),43519,0.658568189180434,10,,,
m2  10 features (+PPI provenance),43531,0.6185228065488118,17,,,
m2  10 features (+PPI provenance),43541,0.9132136253229475,105,,,
m2  10 features (+PPI provenance),43566,0.7806278713629403,8,,,
m2  10 features (+PPI provenance),43632,0.7404045643153527,12,0.5858690046415678,1.0,0.0
m2  10 features (+PPI provenance),43641,0.7765151515151515,8,,,
m2  10 features (+PPI provenance),43664,0.47917790666306986,8,,,
m2  10 features (+PPI provenance),43742,0.597555505718771,65,,,
m2  10 features (+PPI provenance),43780,0.6501920178390767,22,,,
m2  10 features (+PPI provenance),43790,0.882051053396787,264,,,
m2  10 features (+PPI provenance),43791,0.5476824034334764,38,,,
m2  10 features (+PPI provenance),43830,0.8510740621994229,37,,,
m2  10 features (+PPI provenance),43832,0.7033539919795844,10,,,
m2  10 features (+PPI provenance),43844,0.5913645490017805,14,,,
m2  10 features (+PPI provenance),43861,0.7076806139518061,96,0.4370563814115441,2.0,0.0
m2  10 features (+PPI provenance),43863,0.5941758015987829,510,,,
m2  10 features (+PPI provenance),43870,0.6023630136986301,24,,,
m2  10 features (+PPI provenance),43885,0.8257927184368536,22,0.7853529799868045,2.0,0.0
m2  10 features (+PPI provenance),43931,0.6829005032907471,82,,,
m2  10 features (+PPI provenance),43954,0.6756922675026124,75,,,
m2  10 features (+PPI provenance),44004,0.9440638116249719,688,,,
m2  10 features (+PPI provenance),44154,0.9152959411023928,15,,,
m2  10 features (+PPI provenance),44155,0.8125618199802176,14,,,
m2  10 features (+PPI provenance),44182,0.7003545079314858,31,,,
m2  10 features (+PPI provenance),44220,0.5694682675814752,2,0.8654670094258783,1.0,0.0
m2  10 features (+PPI provenance),44274,0.9475435637998876,25,,,
m2  10 features (+PPI provenance),44322,0.8775529590576613,66,,,
m2  10 features (+PPI provenance),44406,0.7228672313841279,106,0.6304629520556013,1.0,0.0
m2  10 features (+PPI provenance),44410,0.5829820366912382,253,0.42639695573803327,6.0,0.0
m2  10 features (+PPI provenance),44413,0.650644760722132,38,,,
m2  10 features (+PPI provenance),44414,0.7488232165678407,42,,,
m2  10 features (+PPI provenance),44438,0.912159729420108,23,,,
m2  10 features (+PPI provenance),44440,0.9682881945089875,23,,,
m2  10 features (+PPI provenance),44483,0.8767482958848776,20,,,
m2  10 features (+PPI provenance),44543,0.5485439098632502,22,0.7021885103208158,3.0,0.0
m2  10 features (+PPI provenance),44567,0.9047972254739703,84,,,
m2  10 features (+PPI provenance),44618,0.7941682217424013,38,,,
m2  10 features (+PPI provenance),44644,0.8895015210176991,16,,,
m2  10 features (+PPI provenance),44668,0.8802081664674545,254,,,
m2  10 features (+PPI provenance),44942,0.723670920171038,28,0.8608899297423888,1.0,0.0
m2  10 features (+PPI provenance),44971,0.8905248183711832,27,,,
m2  10 features (+PPI provenance),44982,0.8503472222222223,15,,,
m2  10 features (+PPI provenance),44989,0.9211863780044134,225,,,
m2  10 features (+PPI provenance),44995,0.8860488558131555,70,,,
m2  10 features (+PPI provenance),45022,0.9155368160454906,447,0.25379680998613036,15.0,0.0
m2  10 features (+PPI provenance),45033,0.7372791366339754,155,,,
m2  10 features (+PPI provenance),45141,0.5305132995285117,9,,,
m2  10 features (+PPI provenance),45246,0.8822416921102704,81,,,
m2  10 features (+PPI provenance),45398,0.9446712328767123,40,,,
m2  10 features (+PPI provenance),45422,0.9445437098802197,18,,,
m2  10 features (+PPI provenance),45436,0.8493834868113002,61,,,
m2  10 features (+PPI provenance),45451,0.936331550802139,22,,,
m2  10 features (+PPI provenance),45485,0.931690868548431,48,,,
m2  10 features (+PPI provenance),45531,0.891632383355857,67,,,
m2  10 features (+PPI provenance),45674,0.8739666043904717,40,,,
m2  10 features (+PPI provenance),45732,0.930994056159049,25,,,
m2  10 features (+PPI provenance),45754,0.6567910265788832,9,,,
m2  10 features (+PPI provenance),45776,0.8991119821912504,42,,,
m2  10 features (+PPI provenance),45794,0.6869874248223072,10,,,
m2  10 features (+PPI provenance),45834,0.9006150807936394,19,,,
m2  10 features (+PPI provenance),45864,0.6281575230185613,37,0.6675351745700886,1.0,0.0
m2  10 features (+PPI provenance),45912,0.7383645269934327,99,,,
m2  10 features (+PPI provenance),45914,0.6140801223408613,11,,,
m2  10 features (+PPI provenance),45933,0.8047059856551316,64,0.6765093786635404,2.0,0.0
m2  10 features (+PPI provenance),45954,0.894883616521619,24,,,
m2  10 features (+PPI provenance),45973,0.6974314746666831,2967,,,
m2  10 features (+PPI provenance),45990,0.9296310435099041,253,,,
m2  10 features (+PPI provenance),46013,0.8905172027268599,73,,,
m2  10 features (+PPI provenance),46033,0.7251717452965208,83,,,
m2  10 features (+PPI provenance),46072,0.9223685590140049,381,,,
m2  10 features (+PPI provenance),46087,0.9133692294849319,18,,,
m2  10 features (+PPI provenance),46121,0.9824491424012765,21,0.25879197297834294,2.0,0.0
m2  10 features (+PPI provenance),46222,0.9310714724303082,255,,,
m2  10 features (+PPI provenance),46370,0.6697138725338292,12,0.49474335188620905,5.0,0.0
m2  10 features (+PPI provenance),46454,0.9154852567857841,15,,,
m2  10 features (+PPI provenance),46535,0.9489820359281437,25,0.932657926102503,1.0,0.0
m2  10 features (+PPI provenance),46540,0.9252955516965001,80,,,
m2  10 features (+PPI provenance),46574,0.9559269350320426,23,,,
m2  10 features (+PPI provenance),46584,0.9020558406122904,57,,,
m2  10 features (+PPI provenance),46652,0.45300494181412404,18,,,
m2  10 features (+PPI provenance),46664,0.6972053569197711,18,,,
m2  10 features (+PPI provenance),46673,0.928752663361433,544,,,
m2  10 features (+PPI provenance),46674,0.6006124359856302,24,0.5425751663988984,28.0,0.0
m2  10 features (+PPI provenance),46690,0.6690693983079969,115,,,
m2  10 features (+PPI provenance),46771,0.6606797991502511,3,,,
m2  10 features (+PPI provenance),46862,0.6591637316950454,11,,,
m2  10 features (+PPI provenance),46878,0.9302277217427473,59,,,
m2  10 features (+PPI provenance),46879,0.5448184473914047,23,,,
m2  10 features (+PPI provenance),46895,0.4731701735255711,44,,,
m2  10 features (+PPI provenance),46926,0.8541296362128215,12,,,
m2  10 features (+PPI provenance),46932,0.9350211150450027,70,0.9103682887146872,7.0,2.0
m2  10 features (+PPI provenance),46938,0.932442380232307,140,,,
m2  10 features (+PPI provenance),46939,0.8834938325037871,40,,,
m2  10 features (+PPI provenance),46944,0.9074765508178894,29,,,
m2  10 features (+PPI provenance),46953,0.8932176019378281,49,0.45465346534653467,1.0,0.0
m2  10 features (+PPI provenance),46969,0.6433544303797468,10,,,
m2  10 features (+PPI provenance),47009,0.9144090868517362,34,,,
m2  10 features (+PPI provenance),47010,0.9110980959179067,33,,,
m2  10 features (+PPI provenance),47013,0.9024563589059602,272,,,
m2  10 features (+PPI provenance),47074,0.5885994886897298,77,,,
m2  10 features (+PPI provenance),47081,0.6798509884539496,247,,,
m2  10 features (+PPI provenance),47112,0.6185832489023978,6,,,
m2  10 features (+PPI provenance),47114,0.6990995020425202,35,,,
m2  10 features (+PPI provenance),47122,0.7578499945122377,62,,,
m2  10 features (+PPI provenance),47222,0.7517921292169732,35,,,
m2  10 features (+PPI provenance),47244,0.8550597027746757,14,,,
m2  10 features (+PPI provenance),47248,0.9083760318815827,12,,,
m2  10 features (+PPI provenance),47275,0.33349034385303816,3,0.8338823529411765,1.0,0.0
m2  10 features (+PPI provenance),47279,0.6598022708630142,14,,,
m2  10 features (+PPI provenance),47282,0.7132792485055508,6,,,
m2  10 features (+PPI provenance),47341,0.6619692797498693,79,,,
m2  10 features (+PPI provenance),47354,0.7269139793424269,44,0.6481912144702843,4.0,0.0
m2  10 features (+PPI provenance),47383,0.915908312248424,177,0.6854778826774159,1.0,0.0
m2  10 features (+PPI provenance),47385,0.9309925439116403,701,,,
m2  10 features (+PPI provenance),47387,0.856781618526585,429,0.35079448227693383,1.0,0.0
m2  10 features (+PPI provenance),47396,0.9353739672837272,135,0.8587137422729434,12.0,0.0
m2  10 features (+PPI provenance),47398,0.9045865802042217,244,0.7958117113546496,33.0,3.0
m2  10 features (+PPI provenance),47404,0.912262488175727,197,,,
m2  10 features (+PPI provenance),47406,0.9274044353662095,92,,,
m2  10 features (+PPI provenance),47407,0.6685953678957719,547,0.6463904736773461,27.0,0.0
m2  10 features (+PPI provenance),47408,0.6782413739650581,148,0.6587837837837838,12.0,3.0
m2  10 features (+PPI provenance),47410,0.3530598520511096,2,,,
m2  10 features (+PPI provenance),47412,0.9356985648818138,691,0.9328038125496426,5.0,1.0
m2  10 features (+PPI provenance),47414,0.8936029691932093,53,,,
m2  10 features (+PPI provenance),47415,0.8515670174842475,864,0.49240859404447795,25.0,3.0
m2  10 features (+PPI provenance),47417,0.9027091839160887,153,,,
m2  10 features (+PPI provenance),47420,0.7138680776014109,125,0.5622899524858037,1.0,0.0
m2  10 features (+PPI provenance),47421,0.7046015431958403,264,0.7687716970702045,134.0,6.0
m2  10 features (+PPI provenance),47423,0.8300187346879954,24,,,
m2  10 features (+PPI provenance),47434,0.7371917919094844,240,0.7640782810220023,35.0,2.0
m2  10 features (+PPI provenance),47436,0.7929714285714285,35,,,
m2  10 features (+PPI provenance),47437,0.6496324311112612,968,0.8728517003484578,81.0,28.0
m2  10 features (+PPI provenance),47441,0.7254066844128956,36,,,
m2  10 features (+PPI provenance),47444,0.6665331672006646,48,0.774466562091806,93.0,16.0
m2  10 features (+PPI provenance),47451,0.9422485354521413,677,0.26830609847271175,15.0,0.0
m2  10 features (+PPI provenance),47452,0.9374027106870855,545,,,
m2  10 features (+PPI provenance),47462,0.539320598235167,21,0.6669512231020577,14.0,0.0
m2  10 features (+PPI provenance),47467,0.9426691986777276,159,,,
m2  10 features (+PPI provenance),47468,0.8503841629582467,69,0.7689639222941721,2.0,0.0
m2  10 features (+PPI provenance),47469,0.9308498464633724,705,,,
m2  10 features (+PPI provenance),47470,0.870701433982684,48,0.8028050943092052,5.0,1.0
m2  10 features (+PPI provenance),47473,0.6811925614980652,162,0.3668307199267483,1.0,0.0
m2  10 features (+PPI provenance),47482,0.6384338793447862,7,,,
m2  10 features (+PPI provenance),47483,0.3294478527607362,6,,,
m2  10 features (+PPI provenance),47490,0.8759382546831147,36,,,
m2  10 features (+PPI provenance),47491,0.589947133927384,64,,,
m2  10 features (+PPI provenance),47493,0.6532499736979346,194,0.9347732645604986,1.0,0.0
m2  10 features (+PPI provenance),47495,0.9340280288720668,696,,,
m2  10 features (+PPI provenance),47499,0.6964664616983501,21,0.6829248613212304,15.0,0.0
m2  10 features (+PPI provenance),47502,0.9092686400422988,43,,,
m2  10 features (+PPI provenance),47504,0.890604337476858,19,,,
m2  10 features (+PPI provenance),47517,0.9830900243309002,4,,,
m2  10 features (+PPI provenance),47522,0.684766208645426,63,,,
m2  10 features (+PPI provenance),47523,0.6113838997286472,436,,,
m2  10 features (+PPI provenance),47529,0.9251132780150048,686,,,
m2  10 features (+PPI provenance),47530,0.7206534794768263,41,,,
m2  10 features (+PPI provenance),47537,0.5851259439171594,1081,0.32279019549737215,68.0,1.0
m2  10 features (+PPI provenance),47540,0.9348424638913472,57,,,
m2  10 features (+PPI provenance),47541,0.5703023298857689,503,,,
m2  10 features (+PPI provenance),47542,0.8706811451135242,9,0.6993421052631579,8.0,0.0
m2  10 features (+PPI provenance),47544,0.9274237472766884,680,,,
m2  10 features (+PPI provenance),47551,0.7721373097235166,30,,,
m2  10 features (+PPI provenance),47556,0.932885643035269,50,,,
m2  10 features (+PPI provenance),47567,0.9439855391355442,685,,,
m2  10 features (+PPI provenance),47574,0.9062124652577727,551,,,
m2  10 features (+PPI provenance),47586,0.9545264299371237,38,,,
m2  10 features (+PPI provenance),47589,0.8812316037805618,82,,,
m2  10 features (+PPI provenance),47601,0.6971937799478929,84,,,
m2  10 features (+PPI provenance),47604,0.9254584977356666,621,0.6843617034135964,54.0,5.0
m2  10 features (+PPI provenance),47611,0.6509932478716117,22,0.47288317256162915,2.0,0.0
m2  10 features (+PPI provenance),47612,0.7296102569521495,63,,,
m2  10 features (+PPI provenance),47614,0.6636710652712473,19,0.6006695361071258,1.0,0.0
m2  10 features (+PPI provenance),47623,0.6946489966868787,204,0.7633267436617764,3.0,0.0
m2  10 features (+PPI provenance),47624,0.7337548071253648,269,0.5715547114487538,6.0,0.0
m2  10 features (+PPI provenance),47630,0.9075516912576533,18,,,
m2  10 features (+PPI provenance),47631,0.7642046857636745,89,0.5410549211528004,13.0,0.0
m2  10 features (+PPI provenance),47633,0.8376439424598064,11,0.7303506650544136,1.0,0.0
m2  10 features (+PPI provenance),47641,0.682456686378255,21,,,
m2  10 features (+PPI provenance),47654,0.6870017428458987,35,0.6851119894598156,11.0,0.0
m2  10 features (+PPI provenance),47655,0.6469556677890012,160,0.4409889135254989,50.0,0.0
m2  10 features (+PPI provenance),47662,0.7451798835486851,123,0.7692307692307693,1.0,0.0
m2  10 features (+PPI provenance),47663,0.8341835446234658,26,0.5759291521486644,3.0,0.0
m2  10 features (+PPI provenance),47670,0.595651788484553,7,,,
m2  10 features (+PPI provenance),47673,0.6721470645349213,7,,,
m2  10 features (+PPI provenance),47674,0.8089387464387464,9,,,
m2  10 features (+PPI provenance),47683,0.7061402857581202,39,,,
m2  10 features (+PPI provenance),47684,0.6741634692640811,256,0.4200626127560225,12.0,0.0
m2  10 features (+PPI provenance),47686,0.7467436083848298,18,0.5793284460132139,3.0,0.0
m2  10 features (+PPI provenance),47690,0.7962284610814022,100,,,
m2  10 features (+PPI provenance),47691,0.7304931697152118,16,,,
m2  10 features (+PPI provenance),47700,0.7880705987847153,47,0.6410720367847411,12.0,0.0
m2  10 features (+PPI provenance),47701,0.6893271027284734,74,,,
m2  10 features (+PPI provenance),47703,0.960451442575705,33,0.7779216295529087,2.0,0.0
m2  10 features (+PPI provenance),47704,0.7175882016614537,55,,,
m2  10 features (+PPI provenance),47710,0.8271098878455153,28,0.6620901639344262,1.0,0.0
m2  10 features (+PPI provenance),47712,0.8630215914604561,9,0.8664841182913472,15.0,9.0
m2  10 features (+PPI provenance),47713,0.6931538830958257,66,,,
m2  10 features (+PPI provenance),47714,0.6187771510082345,15,0.8389912706110573,1.0,0.0
m2  10 features (+PPI provenance),47720,0.11353711790393013,2,,,
m2  10 features (+PPI provenance),47722,0.8074606116774792,52,,,
m2  10 features (+PPI provenance),47724,0.653914796715115,126,0.9985650926167493,2.0,2.0
m2  10 features (+PPI provenance),47727,0.7900748292314558,27,0.6174693964826001,26.0,0.0
m2  10 features (+PPI provenance),47729,0.7794874972460895,68,,,
m2  10 features (+PPI provenance),47730,0.6070742984021698,55,,,
m2  10 features (+PPI provenance),47734,0.6419754924903204,38,0.7870355448115319,18.0,2.0
m2  10 features (+PPI provenance),47751,0.9117826664622617,60,,,
m2  10 features (+PPI provenance),47753,0.8716642451216596,55,,,
m2  10 features (+PPI provenance),47766,0.954816585035847,98,,,
m2  10 features (+PPI provenance),47774,0.6790237231702242,99,0.6182710944566482,5.0,0.0
m2  10 features (+PPI provenance),47793,0.8539696073258969,64,,,
m2  10 features (+PPI provenance),47801,0.7372485632183908,18,,,
m2  10 features (+PPI provenance),47803,0.6965498652291106,14,,,
m2  10 features (+PPI provenance),47807,0.9640900195694716,8,,,
m2  10 features (+PPI provenance),47832,0.9277311749986523,513,,,
m2  10 features (+PPI provenance),47833,0.8416053921568627,20,,,
m2  10 features (+PPI provenance),47863,0.6011620342329004,13,0.6536743092298648,40.0,0.0
m2  10 features (+PPI provenance),47864,0.5150884495317378,4,,,
m2  10 features (+PPI provenance),47872,0.7599352051835853,20,,,
m2  10 features (+PPI provenance),47873,0.6743874248728617,35,,,
m2  10 features (+PPI provenance),47878,0.47549251379038615,3,,,
m2  10 features (+PPI provenance),47879,0.9338124606370793,648,,,
m2  10 features (+PPI provenance),47888,0.942766461832569,691,,,
m2  10 features (+PPI provenance),47892,0.9121840399751842,211,,,
m2  10 features (+PPI provenance),47896,0.9051353469108244,31,,,
m2  10 features (+PPI provenance),47898,0.9554362919625405,47,,,
m2  10 features (+PPI provenance),47902,0.530040504050405,11,,,
m2  10 features (+PPI provenance),47907,0.8417010856072404,36,,,
m2  10 features (+PPI provenance),47908,0.6969435695307139,17,,,
m2  10 features (+PPI provenance),47911,0.7578023773308546,60,,,
m2  10 features (+PPI provenance),47928,0.21082802547770702,2,0.6,2.0,0.0
m2  10 features (+PPI provenance),47934,0.7286031000819734,14,,,
m2  10 features (+PPI provenance),47964,0.7216762543943752,12,,,
m2  10 features (+PPI provenance),48080,0.7644999416501342,19,0.7417218543046358,1.0,0.0
m2  10 features (+PPI provenance),48104,0.7141123541939297,107,,,
m2  10 features (+PPI provenance),48144,0.76195145890961,140,,,
m2  10 features (+PPI provenance),48151,0.5798844537815127,10,,,
m2  10 features (+PPI provenance),48180,0.5823465953193561,601,,,
m2  10 features (+PPI provenance),48192,0.901927533617352,55,,,
m2  10 features (+PPI provenance),48193,0.7376335978835978,100,,,
m2  10 features (+PPI provenance),48221,0.7318870109814688,47,,,
m2  10 features (+PPI provenance),48301,0.8019766910420475,48,,,
m2  10 features (+PPI provenance),48305,0.9483026440632426,27,,,
m2  10 features (+PPI provenance),48310,0.8952554914052915,97,,,
m2  10 features (+PPI provenance),48312,0.9164514146427123,345,,,
m2  10 features (+PPI provenance),48319,0.9051689051689051,30,,,
m2  10 features (+PPI provenance),48351,0.9222666879005978,333,,,
m2  10 features (+PPI provenance),48368,0.8128147893772893,28,,,
m2  10 features (+PPI provenance),48402,0.9186167430823926,71,,,
m2  10 features (+PPI provenance),48413,0.8860793976988748,180,0.9159767285746252,1.0,0.0
m2  10 features (+PPI provenance),48428,0.93519304350453,394,,,
m2  10 features (+PPI provenance),48442,0.9301863365133812,38,,,
m2  10 features (+PPI provenance),48449,0.8825434297105685,90,,,
m2  10 features (+PPI provenance),48450,0.9346042196877075,643,,,
m2  10 features (+PPI provenance),48481,0.932339424104905,207,,,
m2  10 features (+PPI provenance),48488,0.9028169997850849,270,,,
m2  10 features (+PPI provenance),48490,0.9404999001697115,108,,,
m2  10 features (+PPI provenance),48493,0.9217095913454566,90,,,
m2  10 features (+PPI provenance),48496,0.9663268690072814,55,,,
m2  10 features (+PPI provenance),48510,0.8970853853450629,41,,,
m2  10 features (+PPI provenance),48511,0.9230720946915352,480,,,
m2  10 features (+PPI provenance),48512,0.9057078678726861,84,,,
m2  10 features (+PPI provenance),48514,0.8640529566257098,86,,,
m2  10 features (+PPI provenance),48515,0.8673133637856238,206,,,
m2  10 features (+PPI provenance),48517,0.903529089618803,359,,,
m2  10 features (+PPI provenance),48524,0.8708864503356029,54,,,
m2  10 features (+PPI provenance),48531,0.9031838037634409,18,,,
m2  10 features (+PPI provenance),48537,0.923408427793145,599,0.998370140982805,1.0,1.0
m2  10 features (+PPI provenance),48543,0.9011941042301573,22,,,
m2  10 features (+PPI provenance),48546,0.9203611708044507,123,,,
m2  10 features (+PPI provenance),48561,0.8301272689338619,40,,,
m2  10 features (+PPI provenance),48563,0.9436457131643733,94,,,
m2  10 features (+PPI provenance),48575,0.7576459576459577,22,,,
m2  10 features (+PPI provenance),48583,0.880518054216222,36,,,
m2  10 features (+PPI provenance),48588,0.9384376083199674,181,,,
m2  10 features (+PPI provenance),48592,0.9188760851116041,51,,,
m2  10 features (+PPI provenance),48600,0.489202594429607,5,,,
m2  10 features (+PPI provenance),48607,0.904736251402918,84,,,
m2  10 features (+PPI provenance),48612,0.8072431577040773,38,,,
m2  10 features (+PPI provenance),48617,0.9527542534523536,18,,,
m2  10 features (+PPI provenance),48619,0.9146602346858812,210,,,
m2  10 features (+PPI provenance),48628,0.941563009624916,44,,,
m2  10 features (+PPI provenance),48634,0.9252836651680583,26,,,
m2  10 features (+PPI provenance),48646,0.9302237879742605,66,,,
m2  10 features (+PPI provenance),48647,0.9125532236717716,150,,,
m2  10 features (+PPI provenance),48650,0.9356857333593852,144,,,
m2  10 features (+PPI provenance),48654,0.8627309407517519,17,,,
m2  10 features (+PPI provenance),48661,0.9017205493453205,184,,,
m2  10 features (+PPI provenance),48662,0.8449604999824445,95,,,
m2  10 features (+PPI provenance),48670,0.8967284767294464,31,,,
m2  10 features (+PPI provenance),48673,0.911734229947768,22,,,
m2  10 features (+PPI provenance),48674,0.7844668619156091,15,,,
m2  10 features (+PPI provenance),48676,0.8527686038336294,64,,,
m2  10 features (+PPI provenance),48681,0.9070309148768493,165,,,
m2  10 features (+PPI provenance),48690,0.8751931098408775,68,,,
m2  10 features (+PPI provenance),48700,0.7608211974110033,15,,,
m2  10 features (+PPI provenance),48701,0.8825326114523261,23,,,
m2  10 features (+PPI provenance),48702,0.9214616670647241,53,,,
m2  10 features (+PPI provenance),48704,0.7830036203775537,24,,,
m2  10 features (+PPI provenance),48711,0.935561694771343,236,,,
m2  10 features (+PPI provenance),48717,0.9109452544421301,29,,,
m2  10 features (+PPI provenance),48727,0.9157754117015021,525,,,
m2  10 features (+PPI provenance),48731,0.9024968012510662,80,,,
m2  10 features (+PPI provenance),48747,0.7295523625310859,33,,,
m2  10 features (+PPI provenance),48748,0.8098885218827415,14,,,
m2  10 features (+PPI provenance),48772,0.8481994459833795,19,,,
m2  10 features (+PPI provenance),48773,0.8188440308714342,108,0.9037656903765691,1.0,0.0
m2  10 features (+PPI provenance),48783,0.7871308016877637,5,,,
m2  10 features (+PPI provenance),48794,0.8045384126984128,35,,,
m2  10 features (+PPI provenance),48822,0.5880627774254914,4,,,
m2  10 features (+PPI provenance),48841,0.5857394588785637,24,0.4173907568316333,3.0,0.0
m2  10 features (+PPI provenance),48843,0.6781533396419841,72,0.6844685553546314,7.0,0.0
m2  10 features (+PPI provenance),48850,0.9149882384334928,218,0.3434827408552293,2.0,0.0
m2  10 features (+PPI provenance),48852,0.7436051159072742,33,0.6705087440381559,5.0,0.0
m2  10 features (+PPI provenance),48872,0.5573267933782955,7,,,
m2  10 features (+PPI provenance),48880,0.6634191649511065,29,,,
m2  10 features (+PPI provenance),48896,0.9039485359361136,2,,,
m2  10 features (+PPI provenance),48911,0.4350698663426488,4,,,
m2  10 features (+PPI provenance),48912,0.6663666366636664,22,,,
m2  10 features (+PPI provenance),48922,0.6896185089099647,7,,,
m2  10 features (+PPI provenance),48941,0.9496541740389255,44,,,
m2  10 features (+PPI provenance),48962,0.6602359882005899,25,,,
m2  10 features (+PPI provenance),48984,0.5666146320239418,49,,,
m2  10 features (+PPI provenance),48986,0.8192811394704139,12,,,
m2  10 features (+PPI provenance),49054,0.6170628515599333,59,,,
m2  10 features (+PPI provenance),49074,0.8427487985582699,44,,,
m2  10 features (+PPI provenance),49123,0.4352755453501722,4,,,
m2  10 features (+PPI provenance),49128,0.9700097554835259,43,,,
m2  10 features (+PPI provenance),49131,0.653124002128792,25,,,
m2  10 features (+PPI provenance),49132,0.6112619897045934,59,,,
m2  10 features (+PPI provenance),49380,0.5589123424215773,18,,,
m2  10 features (+PPI provenance),49543,0.6990546218487395,7,,,
m2  10 features (+PPI provenance),49644,0.6011404944796664,107,0.6080239797094766,2.0,0.0
m2  10 features (+PPI provenance),49670,0.6329348776223777,65,0.7127411374170112,9.0,0.0
m2  10 features (+PPI provenance),49673,0.8993971090288371,13,0.6417687715991204,9.0,0.0
m2  10 features (+PPI provenance),49712,0.9060083467766881,258,,,
m2  10 features (+PPI provenance),49721,0.6839069405827941,138,0.6293048544605369,47.0,2.0
m2  10 features (+PPI provenance),49733,0.7369730316141071,678,,,
m2  10 features (+PPI provenance),49773,0.7169308814204185,20,,,
m2  10 features (+PPI provenance),49842,0.6807236279183474,3,,,
m2  10 features (+PPI provenance),49850,0.6754801078523084,17,,,
m2  10 features (+PPI provenance),49900,0.7962721746681554,12,,,
m2  10 features (+PPI provenance),49941,0.8898064772031398,44,,,
m2  10 features (+PPI provenance),50002,0.6781615999708567,23,0.8968237399343871,7.0,2.0
m2  10 features (+PPI provenance),50033,0.7087362502133673,131,,,
m2  10 features (+PPI provenance),50051,0.8109204285733159,23,,,
m2  10 features (+PPI provenance),50071,0.5595871902329831,57,,,
m2  10 features (+PPI provenance),50730,0.7029392217301164,241,0.8959408157305558,1.0,0.0
m2  10 features (+PPI provenance),51103,0.8636120901420485,21,,,
m2  10 features (+PPI provenance),51180,0.9495400432900433,12,,,
m2  10 features (+PPI provenance),51193,0.5486874660322214,43,,,
m2  10 features (+PPI provenance),51232,0.6949451754385965,48,,,
m2  10 features (+PPI provenance),51234,0.9128436691264128,214,,,
m2  10 features (+PPI provenance),51251,0.7610998786898504,10,,,
m2  10 features (+PPI provenance),51261,0.7364147251497968,277,,,
m2  10 features (+PPI provenance),51273,0.6142384803302164,27,,,
m2  10 features (+PPI provenance),51383,0.8014200641319286,2,,,
m2  10 features (+PPI provenance),51394,0.7295578348041168,176,0.7496257296698873,18.0,3.0
m2  10 features (+PPI provenance),51421,0.752660406885759,45,,,
m2  10 features (+PPI provenance),51431,0.9283472462610298,603,0.9277736898045948,5.0,0.0
m2  10 features (+PPI provenance),51461,0.840834006503863,42,,,
m2  10 features (+PPI provenance),51671,0.946091363148181,29,,,
m2  10 features (+PPI provenance),51692,0.595787419651056,6,,,
m2  10 features (+PPI provenance),51843,,0,,,
m2  10 features (+PPI provenance),52070,0.9048942216608779,15,,,
m2  10 features (+PPI provenance),52112,0.5022038567493113,5,,,
m2  10 features (+PPI provenance),52236,0.7539181375532562,53,0.7330185155541327,6.0,0.0
m2  10 features (+PPI provenance),52274,0.8553264604810996,30,,,
m2  10 features (+PPI provenance),52293,0.8284347759006403,18,,,
m2  10 features (+PPI provenance),52294,0.9026551775182504,74,,,
m2  10 features (+PPI provenance),52352,0.7722489033549687,659,,,
m2  10 features (+PPI provenance),52450,0.6477900552486188,8,,,
m2  10 features (+PPI provenance),52550,0.9256966202170712,533,,,
m2  10 features (+PPI provenance),52620,0.7882577731457356,30,,,
m2  10 features (+PPI provenance),52961,0.6869009805753354,33,,,
m2  10 features (+PPI provenance),53272,0.9177826931355227,674,0.4024010056397732,59.0,0.0
m2  10 features (+PPI provenance),53400,0.729716294587877,71,,,
m2  10 features (+PPI provenance),53708,0.8127251316154059,12,,,
m2  10 features (+PPI provenance),53713,0.9166941224628349,450,,,
m2  10 features (+PPI provenance),53819,0.8803691822531535,32,0.7330306960657155,4.0,0.0
m2  10 features (+PPI provenance),53871,0.8920640837483802,76,0.9887567884925877,5.0,2.0
m2  10 features (+PPI provenance),53913,0.7604034647823114,107,,,
m2  10 features (+PPI provenance),53963,0.773768043802887,16,,,
m2  10 features (+PPI provenance),53982,0.7410777040218665,26,,,
m2  10 features (+PPI provenance),53984,0.9194069819069819,55,,,
m2  10 features (+PPI provenance),54001,0.749277660877485,17,,,
m2  10 features (+PPI provenance),54002,0.6461753184458775,29,,,
m2  10 features (+PPI provenance),54053,0.7095029600589704,727,,,
m2  10 features (+PPI provenance),54062,0.8356891750655957,61,,,
m2  10 features (+PPI provenance),54074,0.7425916533835676,104,,,
m2  10 features (+PPI provenance),54081,0.7712575987841945,56,,,
m2  10 features (+PPI provenance),54090,0.9340598739495798,30,,,
m2  10 features (+PPI provenance),54092,0.8150620453572957,15,,,
m2  10 features (+PPI provenance),54093,0.7888898725212464,180,,,
m2  10 features (+PPI provenance),54094,0.7959901918361459,15,,,
m2  10 features (+PPI provenance),54120,0.6686175219185146,175,,,
m2  10 features (+PPI provenance),54134,0.9179313944771416,129,,,
m2  10 features (+PPI provenance),54140,0.9101881004278679,12,,,
m2  10 features (+PPI provenance),54142,0.8463994714820524,30,,,
m2  10 features (+PPI provenance),54144,0.9137975004056159,733,,,
m2  10 features (+PPI provenance),54151,0.7070743285734006,44,,,
m2  10 features (+PPI provenance),54153,0.8704652658662093,32,,,
m2  10 features (+PPI provenance),54182,0.8525171212303256,14,,,
m2  10 features (+PPI provenance),54210,0.9796839729119639,13,,,
m2  10 features (+PPI provenance),54213,0.8245522275300161,21,,,
m2  10 features (+PPI provenance),54214,0.7697014017957708,231,,,
m2  10 features (+PPI provenance),54224,0.9958219903206291,16,,,
m2  10 features (+PPI provenance),54244,0.8275337686734054,14,,,
m2  10 features (+PPI provenance),54251,0.8515891505116898,102,,,
m2  10 features (+PPI provenance),54260,0.8504384339878968,24,,,
m2  10 features (+PPI provenance),54271,0.8066827443990073,18,,,
m2  10 features (+PPI provenance),54273,0.5016025641025641,13,,,
m2  10 features (+PPI provenance),54291,0.8186193674670528,23,,,
m2  10 features (+PPI provenance),54314,0.8851207186973611,13,,,
m2  10 features (+PPI provenance),54340,0.6635847596112496,56,,,
m2  10 features (+PPI provenance),54351,0.9127326339497392,24,,,
m2  10 features (+PPI provenance),54364,0.9330985915492958,9,,,
m2  10 features (+PPI provenance),54384,0.6905851910828026,12,,,
m2  10 features (+PPI provenance),54391,0.7946123106018721,309,,,
m2  10 features (+PPI provenance),54400,0.7173440923218016,38,,,
m2  10 features (+PPI provenance),54403,0.7666260492824262,48,,,
m2  10 features (+PPI provenance),54410,0.9643119449823062,17,,,
m2  10 features (+PPI provenance),54413,0.7844518507296874,14,,,
m2  10 features (+PPI provenance),54420,0.7956374169763291,52,,,
m2  10 features (+PPI provenance),54434,0.9448058761804827,25,,,
m2  10 features (+PPI provenance),54443,0.8494705730268416,105,,,
m2  10 features (+PPI provenance),54452,0.8608247422680413,6,,,
m2  10 features (+PPI provenance),54480,0.9020005947221217,93,,,
m2  10 features (+PPI provenance),54481,0.8866121617987887,29,,,
m2  10 features (+PPI provenance),54484,0.8324704142011834,10,,,
m2  10 features (+PPI provenance),54502,0.9255872842440976,44,,,
m2  10 features (+PPI provenance),54524,0.9194105757318902,7,,,
m2  10 features (+PPI provenance),54531,0.9147014731096887,38,,,
m2  10 features (+PPI provenance),54534,0.6240780034353844,12,,,
m2  10 features (+PPI provenance),54553,0.9132495332378099,675,,,
m2  10 features (+PPI provenance),54554,0.8859169248122215,243,,,
m2  10 features (+PPI provenance),54562,0.9144981258816759,174,,,
m2  10 features (+PPI provenance),54564,0.7005851638458769,20,,,
m2  10 features (+PPI provenance),54570,0.6504824471361117,25,,,
m2  10 features (+PPI provenance),54590,0.8546248209605285,29,,,
m2  10 features (+PPI provenance),54624,0.7464932093798773,43,,,
m2  10 features (+PPI provenance),54653,0.6598244255099406,18,,,
m2  10 features (+PPI provenance),54682,0.7069449227943286,24,,,
m2  10 features (+PPI provenance),54732,0.6312620544235362,220,,,
m2  10 features (+PPI provenance),54741,0.9334783604305015,33,,,
m2  10 features (+PPI provenance),54743,0.4262149066552658,18,,,
m2  10 features (+PPI provenance),54751,0.8027163904235728,8,,,
m2  10 features (+PPI provenance),54752,0.8630577265727245,61,,,
m2  10 features (+PPI provenance),54762,0.6334061771561772,16,,,
m2  10 features (+PPI provenance),54774,0.9593246815669311,38,,,
m2  10 features (+PPI provenance),54781,0.8872077845021953,12,,,
m2  10 features (+PPI provenance),54782,0.6280470277107049,12,,,
m2  10 features (+PPI provenance),54794,0.8291519023355663,23,,,
m2  10 features (+PPI provenance),54802,0.7928032784328405,52,,,
m2  10 features (+PPI provenance),54814,0.9655493482309124,15,,,
m2  10 features (+PPI provenance),54841,0.45161290322580644,2,,,
m2  10 features (+PPI provenance),54842,0.7190237827337161,66,,,
m2  10 features (+PPI provenance),54844,0.6323889029429125,12,,,
m2  10 features (+PPI provenance),54860,0.6536585365853659,2,,,
m2  10 features (+PPI provenance),54862,0.4248715753424658,4,,,
m2  10 features (+PPI provenance),54863,0.626891278603635,46,,,
m2  10 features (+PPI provenance),54870,0.7182328198780543,33,,,
m2  10 features (+PPI provenance),54880,0.6820198836081475,20,,,
m2  10 features (+PPI provenance),54881,0.9316806094369572,685,,,
m2  10 features (+PPI provenance),54882,0.8921986632864716,24,,,
m2  10 features (+PPI provenance),54883,0.9130183459625439,165,,,
m2  10 features (+PPI provenance),54890,0.6515525704349967,27,,,
m2  10 features (+PPI provenance),54891,0.6556119725485008,452,,,
m2  10 features (+PPI provenance),54892,0.9107724712563422,31,,,
m2  10 features (+PPI provenance),54893,0.8814549064362786,116,,,
m2  10 features (+PPI provenance),54894,0.6729369753587869,16,,,
m2  10 features (+PPI provenance),54900,0.5452307723033293,56,,,
m2  10 features (+PPI provenance),54902,0.8124592532553345,29,,,
m2  10 features (+PPI provenance),54904,0.6328061330849066,527,,,
m2  10 features (+PPI provenance),54930,0.8510630551914956,18,,,
m2  10 features (+PPI provenance),54933,0.6809508629888215,153,,,
m2  10 features (+PPI provenance),54944,0.9146006125066305,284,,,
m2  10 features (+PPI provenance),54950,0.7084286120684227,67,,,
m2  10 features (+PPI provenance),54952,0.6497350069735007,10,,,
m2  10 features (+PPI provenance),54973,0.7129148367143531,203,,,
m2  10 features (+PPI provenance),54974,0.5771750222784373,43,,,
m2  10 features (+PPI provenance),54984,0.9085526315789474,19,,,
m2  10 features (+PPI provenance),54990,0.7097389655842893,148,,,
m2  10 features (+PPI provenance),54991,0.7256563613929257,28,,,
m2  10 features (+PPI provenance),55000,0.88379938786867,12,,,
m2  10 features (+PPI provenance),55030,0.9089976675634313,279,,,
m2  10 features (+PPI provenance),55050,0.8567593177511055,28,,,
m2  10 features (+PPI provenance),55054,0.6597627253446448,16,,,
m2  10 features (+PPI provenance),55060,0.6879656214228077,31,,,
m2  10 features (+PPI provenance),55082,0.9019767892364047,80,,,
m2  10 features (+PPI provenance),55101,0.6705984564216272,48,,,
m2  10 features (+PPI provenance),55104,0.786415661410515,107,,,
m2  10 features (+PPI provenance),55111,0.7570469411312043,184,,,
m2  10 features (+PPI provenance),55133,0.7897269471799463,4,,,
m2  10 features (+PPI provenance),55152,0.9762467634808061,18,,,
m2  10 features (+PPI provenance),55162,0.7951123178316161,140,,,
m2  10 features (+PPI provenance),55194,0.9504538577912254,22,,,
m2  10 features (+PPI provenance),55201,0.5277426160337553,26,,,
m2  10 features (+PPI provenance),55203,0.9186741698483186,193,,,
m2  10 features (+PPI provenance),55204,0.9159334047115387,187,,,
m3  12 features (+GO metapaths),28083,0.7762408703646063,95,,,
m3  12 features (+GO metapaths),28133,0.6779673714227908,335,,,
m3  12 features (+GO metapaths),28293,0.9403807163775625,69,,,
m3  12 features (+GO metapaths),28302,0.6031022187004754,25,0.9989154013015185,2.0,2.0
m3  12 features (+GO metapaths),28400,0.9554415516206483,68,,,
m3  12 features (+GO metapaths),28611,0.8557556055680586,18,,,
m3  12 features (+GO metapaths),28650,0.7940587986638927,85,,,
m3  12 features (+GO metapaths),36560,0.9276167960012432,62,,,
m3  12 features (+GO metapaths),36564,0.8718245980584504,26,,,
m3  12 features (+GO metapaths),36637,0.7462959880139837,61,0.5492168178070899,3.0,0.0
m3  12 features (+GO metapaths),36818,0.9223193321158362,16,,,
m3  12 features (+GO metapaths),37110,0.7418769831113899,59,0.9837542222937108,1.0,0.0
m3  12 features (+GO metapaths),37111,0.9961763143919278,7,,,
m3  12 features (+GO metapaths),37143,0.709400906535017,762,0.8333782642296148,34.0,3.0
m3  12 features (+GO metapaths),37230,0.68830164234272,46,0.5903585102680126,5.0,0.0
m3  12 features (+GO metapaths),37243,0.8279452512819834,154,,,
m3  12 features (+GO metapaths),37323,0.5808170515097691,4,,,
m3  12 features (+GO metapaths),37342,0.9260148191910986,22,,,
m3  12 features (+GO metapaths),37454,0.9564021164021164,3,,,
m3  12 features (+GO metapaths),37461,0.901743302927199,346,0.9866642165227207,11.0,3.0
m3  12 features (+GO metapaths),37492,0.9561315165876777,16,,,
m3  12 features (+GO metapaths),37525,0.7154737006051975,53,0.8289428122419625,11.0,3.0
m3  12 features (+GO metapaths),37534,0.8817847324141638,70,,,
m3  12 features (+GO metapaths),37550,0.9364613557336968,47,,,
m3  12 features (+GO metapaths),37570,0.8714131492316509,66,,,
m3  12 features (+GO metapaths),37584,0.5788356471115091,22,,,
m3  12 features (+GO metapaths),37630,0.7610794184361636,221,,,
m3  12 features (+GO metapaths),37785,0.7195281782437746,14,,,
m3  12 features (+GO metapaths),37813,0.7871100164203613,14,,,
m3  12 features (+GO metapaths),37861,0.673599797097998,133,0.9870869730345614,1.0,0.0
m3  12 features (+GO metapaths),37922,0.6593278946669903,109,,,
m3  12 features (+GO metapaths),38222,0.6390112303155782,30,,,
m3  12 features (+GO metapaths),38232,0.6591595005914693,310,0.8741035419729101,27.0,0.0
m3  12 features (+GO metapaths),38250,0.7885819098933853,13,,,
m3  12 features (+GO metapaths),38404,0.8391873764473312,16,0.7820296379666104,3.0,0.0
m3  12 features (+GO metapaths),38520,0.9812356979405035,2,,,
m3  12 features (+GO metapaths),38840,0.9919315403422982,2,,,
m3  12 features (+GO metapaths),38860,0.9475831763967357,18,,,
m3  12 features (+GO metapaths),38912,0.9477682165314071,59,0.8947838323636536,27.0,4.0
m3  12 features (+GO metapaths),38913,0.9787372865093072,18,,,
m3  12 features (+GO metapaths),38914,0.9544099756690998,20,,,
m3  12 features (+GO metapaths),38964,0.9006767101062674,101,,,
m3  12 features (+GO metapaths),38970,0.9011866633817853,22,,,
m3  12 features (+GO metapaths),39067,0.832058498099774,13,,,
m3  12 features (+GO metapaths),39154,0.7893627054251641,47,,,
m3  12 features (+GO metapaths),39167,0.8987898861183669,53,0.8916326067211626,3.0,0.0
m3  12 features (+GO metapaths),39191,0.8668497844739669,39,0.925096592904812,2.0,0.0
m3  12 features (+GO metapaths),39234,0.9932140193885161,10,,,
m3  12 features (+GO metapaths),39263,0.6943171402383135,2,,,
m3  12 features (+GO metapaths),39282,0.9806678049705938,15,,,
m3  12 features (+GO metapaths),39300,0.7796105424587182,11,,,
m3  12 features (+GO metapaths),39310,0.7907003855769189,124,0.9552278114300764,1.0,0.0
m3  12 features (+GO metapaths),39444,0.7847951680672269,17,,,
m3  12 features (+GO metapaths),39510,0.7511722388824864,202,0.9156724543006132,9.0,0.0
m3  12 features (+GO metapaths),39587,0.6300414767858903,43,,,
m3  12 features (+GO metapaths),39599,0.9121043056397817,34,,,
m3  12 features (+GO metapaths),39719,0.7067015496075669,20,0.8622694466720129,1.0,0.0
m3  12 features (+GO metapaths),39767,0.9193618269775312,196,,,
m3  12 features (+GO metapaths),39833,0.7758975495199735,256,0.6831598153912204,1.0,0.0
m3  12 features (+GO metapaths),40042,0.923140513063683,343,,,
m3  12 features (+GO metapaths),40056,0.9502969053328766,21,,,
m3  12 features (+GO metapaths),40072,0.775291313559322,16,,,
m3  12 features (+GO metapaths),40154,0.7822083525967021,9,,,
m3  12 features (+GO metapaths),40170,0.7641130604288499,15,0.6291872997378386,2.0,0.0
m3  12 features (+GO metapaths),40213,0.82521756729407,15,,,
m3  12 features (+GO metapaths),40234,0.3924540470815866,7,,,
m3  12 features (+GO metapaths),40442,0.9060415224152901,78,0.9077843747054943,3.0,0.0
m3  12 features (+GO metapaths),40767,0.3968031968031968,5,,,
m3  12 features (+GO metapaths),40769,0.9282077630808887,447,,,
m3  12 features (+GO metapaths),40787,0.7744020685197156,13,0.9192060237556561,17.0,0.0
m3  12 features (+GO metapaths),40953,0.8976142499160402,34,0.9376498800959233,1.0,0.0
m3  12 features (+GO metapaths),41049,0.9489484567993272,683,,,
m3  12 features (+GO metapaths),41102,0.8478762746332602,39,,,
m3  12 features (+GO metapaths),41140,0.9029642947490152,134,,,
m3  12 features (+GO metapaths),41141,0.6529423680745468,6,,,
m3  12 features (+GO metapaths),41231,0.901169413015415,13,,,
m3  12 features (+GO metapaths),41287,0.9133366356442278,183,0.45296909663106844,21.0,0.0
m3  12 features (+GO metapaths),41293,0.6487864736057104,454,,,
m3  12 features (+GO metapaths),41313,0.8776038398795332,26,,,
m3  12 features (+GO metapaths),41324,0.9283326345722671,105,0.4179574360911724,1.0,0.0
m3  12 features (+GO metapaths),41370,0.9256192916748801,19,,,
m3  12 features (+GO metapaths),41371,0.9881873998932195,8,,,
m3  12 features (+GO metapaths),41400,0.8866601650017133,11,0.7561330409356725,40.0,0.0
m3  12 features (+GO metapaths),41402,0.7194185718317809,10,0.5388513513513513,1.0,0.0
m3  12 features (+GO metapaths),41416,0.9107614582664355,345,,,
m3  12 features (+GO metapaths),41448,0.8452686594535118,21,,,
m3  12 features (+GO metapaths),41503,0.9408050908050908,28,,,
m3  12 features (+GO metapaths),41554,0.8710377833913832,108,,,
m3  12 features (+GO metapaths),41562,0.764908842629752,86,0.6016824085005903,3.0,0.0
m3  12 features (+GO metapaths),41563,0.822372029250457,40,,,
m3  12 features (+GO metapaths),41590,0.58796992481203,11,0.3659176029962547,1.0,0.0
m3  12 features (+GO metapaths),41613,0.9512366051419957,27,,,
m3  12 features (+GO metapaths),41628,0.9821334734629532,23,,,
m3  12 features (+GO metapaths),41675,0.9513420173967871,63,,,
m3  12 features (+GO metapaths),41676,0.9097287504059344,41,,,
m3  12 features (+GO metapaths),41681,0.9265751967118868,46,,,
m3  12 features (+GO metapaths),41683,0.915817066025226,54,,,
m3  12 features (+GO metapaths),41684,0.8834423919547552,98,,,
m3  12 features (+GO metapaths),41688,0.9162063442775662,43,,,
m3  12 features (+GO metapaths),41690,0.93654089254932,46,,,
m3  12 features (+GO metapaths),41691,0.8962175204231221,177,,,
m3  12 features (+GO metapaths),41692,0.9011126230689186,155,,,
m3  12 features (+GO metapaths),41694,0.8960867228095324,50,,,
m3  12 features (+GO metapaths),41695,0.8936787439509253,206,,,
m3  12 features (+GO metapaths),41696,0.9188221076841641,447,,,
m3  12 features (+GO metapaths),41712,0.6006456358287022,38,0.7989998968965872,12.0,2.0
m3  12 features (+GO metapaths),41713,0.9030751708428246,20,,,
m3  12 features (+GO metapaths),41731,0.8722935906034498,21,,,
m3  12 features (+GO metapaths),41740,0.9258770625836182,14,,,
m3  12 features (+GO metapaths),41790,0.8701420009118305,29,,,
m3  12 features (+GO metapaths),41854,0.8963248400964664,24,,,
m3  12 features (+GO metapaths),41863,0.8581231671554252,11,,,
m3  12 features (+GO metapaths),41880,0.7895195062816839,20,,,
m3  12 features (+GO metapaths),42001,0.9323476405899445,570,0.9788632770242157,1.0,0.0
m3  12 features (+GO metapaths),42106,0.8818805769541896,52,0.9952656074466377,2.0,2.0
m3  12 features (+GO metapaths),42110,0.8917822068168688,20,,,
m3  12 features (+GO metapaths),42263,0.8088734567901235,15,,,
m3  12 features (+GO metapaths),42290,0.8870623785883877,25,,,
m3  12 features (+GO metapaths),42291,0.9225054907196073,44,,,
m3  12 features (+GO metapaths),42351,0.9176916610913832,17,,,
m3  12 features (+GO metapaths),42371,0.6316388479871399,47,,,
m3  12 features (+GO metapaths),42380,0.9091181165203511,16,,,
m3  12 features (+GO metapaths),42413,0.836193310189012,60,,,
m3  12 features (+GO metapaths),42432,0.7086955522353753,154,0.6839400262771466,3.0,0.0
m3  12 features (+GO metapaths),42464,0.8198517020559488,10,,,
m3  12 features (+GO metapaths),42470,0.9295972525757102,2,,,
m3  12 features (+GO metapaths),42484,0.9245111896348646,50,,,
m3  12 features (+GO metapaths),42487,0.8246877040261154,25,,,
m3  12 features (+GO metapaths),42494,0.8164239983477901,36,,,
m3  12 features (+GO metapaths),42502,0.9153089441951131,45,,,
m3  12 features (+GO metapaths),42504,0.9023367849012264,90,0.3808621212538943,19.0,0.0
m3  12 features (+GO metapaths),42510,0.9498424851326923,82,,,
m3  12 features (+GO metapaths),42523,0.6423251934142915,571,0.36722682187064515,20.0,0.0
m3  12 features (+GO metapaths),42550,0.8700327353672909,35,0.5759186144012972,33.0,5.0
m3  12 features (+GO metapaths),42560,0.8508573277256551,11,0.336094674556213,3.0,0.0
m3  12 features (+GO metapaths),42562,0.9108624676914705,88,,,
m3  12 features (+GO metapaths),42563,0.8523245695969796,101,,,
m3  12 features (+GO metapaths),42570,0.92125676390854,285,,,
m3  12 features (+GO metapaths),42571,0.790422077922078,8,0.7247245625405055,2.0,0.0
m3  12 features (+GO metapaths),42581,,0,,,
m3  12 features (+GO metapaths),42590,0.9355348065822349,600,,,
m3  12 features (+GO metapaths),42601,0.6629306046864984,146,0.7268181818181818,1.0,0.0
m3  12 features (+GO metapaths),42603,0.6815116279069767,25,0.6758137196818729,27.0,0.0
m3  12 features (+GO metapaths),42612,0.9238819264827067,39,,,
m3  12 features (+GO metapaths),42664,0.9282327770646127,57,,,
m3  12 features (+GO metapaths),42714,0.9649358767925136,22,,,
m3  12 features (+GO metapaths),42754,0.7791993760064412,32,,,
m3  12 features (+GO metapaths),42762,0.9278825590916315,446,,,
m3  12 features (+GO metapaths),42770,0.7823712166766887,6,,,
m3  12 features (+GO metapaths),42771,0.9149746192893401,12,,,
m3  12 features (+GO metapaths),42790,0.6801809639812075,7,0.953808752025932,2.0,1.0
m3  12 features (+GO metapaths),42800,0.8496744791666667,16,,,
m3  12 features (+GO metapaths),42841,0.661202863623476,16,,,
m3  12 features (+GO metapaths),42877,0.7664798850574712,36,0.6856898029134533,1.0,0.0
m3  12 features (+GO metapaths),42902,0.9301921079958463,18,0.9777260380287156,3.0,1.0
m3  12 features (+GO metapaths),42911,0.8671377345538855,41,,,
m3  12 features (+GO metapaths),42929,0.8859538934548804,17,,,
m3  12 features (+GO metapaths),42934,0.6841215138170911,9,0.5659025787965616,1.0,0.0
m3  12 features (+GO metapaths),42940,0.9463418226919617,661,0.3840632309057182,1.0,0.0
m3  12 features (+GO metapaths),42973,0.6613825851058538,71,,,
m3  12 features (+GO metapaths),43013,0.7067622312246806,21,,,
m3  12 features (+GO metapaths),43040,0.7943905809172288,317,0.5584245486013659,2.0,0.0
m3  12 features (+GO metapaths),43065,0.9629710188709645,45,,,
m3  12 features (+GO metapaths),43153,0.7101269315673289,4,,,
m3  12 features (+GO metapaths),43180,0.5805514425449814,19,,,
m3  12 features (+GO metapaths),43270,0.8063240666488461,36,,,
m3  12 features (+GO metapaths),43284,0.8007147231398937,414,0.6143649901376725,23.0,2.0
m3  12 features (+GO metapaths),43291,0.8627478063048424,34,,,
m3  12 features (+GO metapaths),43370,0.9759964578339118,38,,,
m3  12 features (+GO metapaths),43509,0.9077105580748976,64,,,
m3  12 features (+GO metapaths),43512,0.6192391486509133,6,,,
m3  12 features (+GO metapaths),43519,0.6968253968253968,10,,,
m3  12 features (+GO metapaths),43531,0.6851093200338425,17,,,
m3  12 features (+GO metapaths),43541,0.9308051620052702,105,,,
m3  12 features (+GO metapaths),43566,0.7690658499234303,8,,,
m3  12 features (+GO metapaths),43632,0.8243430152143845,12,0.2619907168643631,1.0,0.0
m3  12 features (+GO metapaths),43641,0.7397233201581027,8,,,
m3  12 features (+GO metapaths),43664,0.5454208254653359,8,,,
m3  12 features (+GO metapaths),43742,0.6272234746993072,65,,,
m3  12 features (+GO metapaths),43780,0.7200978671566907,22,,,
m3  12 features (+GO metapaths),43790,0.8987531644045501,264,,,
m3  12 features (+GO metapaths),43791,0.6347729839620511,38,,,
m3  12 features (+GO metapaths),43830,0.9136070986022894,37,,,
m3  12 features (+GO metapaths),43832,0.6219103171709807,10,,,
m3  12 features (+GO metapaths),43844,0.6359624199719666,14,,,
m3  12 features (+GO metapaths),43861,0.7570082564763325,96,0.4546672023570376,2.0,0.0
m3  12 features (+GO metapaths),43863,0.6511561292338203,510,,,
m3  12 features (+GO metapaths),43870,0.609634703196347,24,,,
m3  12 features (+GO metapaths),43885,0.8622406972307569,22,0.6293160325489333,2.0,0.0
m3  12 features (+GO metapaths),43931,0.7070414246999613,82,,,
m3  12 features (+GO metapaths),43954,0.7105050505050505,75,,,
m3  12 features (+GO metapaths),44004,0.9490950093434171,688,,,
m3  12 features (+GO metapaths),44154,0.9024895863605541,15,,,
m3  12 features (+GO metapaths),44155,0.7909660402242005,14,,,
m3  12 features (+GO metapaths),44182,0.7066500798182158,31,,,
m3  12 features (+GO metapaths),44220,0.9099485420240138,2,0.43958868894601544,1.0,0.0
m3  12 features (+GO metapaths),44274,0.9652014240209855,25,,,
m3  12 features (+GO metapaths),44322,0.8976821506602071,66,,,
m3  12 features (+GO metapaths),44406,0.734424510298142,106,0.9105901755212628,1.0,0.0
m3  12 features (+GO metapaths),44410,0.6111492158782971,253,0.48439481941384605,6.0,0.0
m3  12 features (+GO metapaths),44413,0.7612618206132391,38,,,
m3  12 features (+GO metapaths),44414,0.812798164773494,42,,,
m3  12 features (+GO metapaths),44438,0.8977469859800338,23,,,
m3  12 features (+GO metapaths),44440,0.9594958826700374,23,,,
m3  12 features (+GO metapaths),44483,0.9137717748043424,20,,,
m3  12 features (+GO metapaths),44543,0.6704715823906229,22,0.6058194478985327,3.0,0.0
m3  12 features (+GO metapaths),44567,0.9052177101414174,84,,,
m3  12 features (+GO metapaths),44618,0.7823170791281154,38,,,
m3  12 features (+GO metapaths),44644,0.9189885232300885,16,,,
m3  12 features (+GO metapaths),44668,0.8995292841915887,254,,,
m3  12 features (+GO metapaths),44942,0.8309147840140063,28,0.9843091334894614,1.0,0.0
m3  12 features (+GO metapaths),44971,0.8780368846212467,27,,,
m3  12 features (+GO metapaths),44982,0.8810253267973857,15,,,
m3  12 features (+GO metapaths),44989,0.924154350808135,225,,,
m3  12 features (+GO metapaths),44995,0.8874193064104489,70,,,
m3  12 features (+GO metapaths),45022,0.9240692230947269,447,0.30438626907073507,15.0,0.0
m3  12 features (+GO metapaths),45033,0.747370120918508,155,,,
m3  12 features (+GO metapaths),45141,0.8922693710523975,9,,,
m3  12 features (+GO metapaths),45246,0.8795451126156024,81,,,
m3  12 features (+GO metapaths),45398,0.9458584474885845,40,,,
m3  12 features (+GO metapaths),45422,0.9498268369620365,18,,,
m3  12 features (+GO metapaths),45436,0.8511182697203622,61,,,
m3  12 features (+GO metapaths),45451,0.952951871657754,22,,,
m3  12 features (+GO metapaths),45485,0.9498864687007125,48,,,
m3  12 features (+GO metapaths),45531,0.8844173330446318,67,,,
m3  12 features (+GO metapaths),45674,0.9034096216721158,40,,,
m3  12 features (+GO metapaths),45732,0.9281328141012503,25,,,
m3  12 features (+GO metapaths),45754,0.7776152158010241,9,,,
m3  12 features (+GO metapaths),45776,0.9244176667957156,42,,,
m3  12 features (+GO metapaths),45794,0.7373701476216512,10,,,
m3  12 features (+GO metapaths),45834,0.8708741758637359,19,,,
m3  12 features (+GO metapaths),45864,0.6384963883652924,37,0.8506166406114296,1.0,0.0
m3  12 features (+GO metapaths),45912,0.7582487739428815,99,,,
m3  12 features (+GO metapaths),45914,0.7176056145716705,11,,,
m3  12 features (+GO metapaths),45933,0.8419176094350784,64,0.5143610785463072,2.0,0.0
m3  12 features (+GO metapaths),45954,0.8715810194778284,24,,,
m3  12 features (+GO metapaths),45973,0.7410727232414674,2967,,,
m3  12 features (+GO metapaths),45990,0.9321795439230922,253,,,
m3  12 features (+GO metapaths),46013,0.8706301135931661,73,,,
m3  12 features (+GO metapaths),46033,0.7119070233417472,83,,,
m3  12 features (+GO metapaths),46072,0.9258708381166878,381,,,
m3  12 features (+GO metapaths),46087,0.9183258201853243,18,,,
m3  12 features (+GO metapaths),46121,0.9754117043706194,21,0.5250347705146036,2.0,0.0
m3  12 features (+GO metapaths),46222,0.9355773875312129,255,,,
m3  12 features (+GO metapaths),46370,0.703465551079434,12,0.4611626468769326,5.0,0.0
m3  12 features (+GO metapaths),46454,0.915875805506737,15,,,
m3  12 features (+GO metapaths),46535,0.9176127744510978,25,0.9688120778704807,1.0,0.0
m3  12 features (+GO metapaths),46540,0.9362927464600588,80,,,
m3  12 features (+GO metapaths),46574,0.9590928278138071,23,,,
m3  12 features (+GO metapaths),46584,0.930413742213375,57,,,
m3  12 features (+GO metapaths),46652,0.6492587278813965,18,,,
m3  12 features (+GO metapaths),46664,0.7041326237413488,18,,,
m3  12 features (+GO metapaths),46673,0.9360711033667984,544,,,
m3  12 features (+GO metapaths),46674,0.6775586639150042,24,0.5538542247286796,28.0,0.0
m3  12 features (+GO metapaths),46690,0.6901267093212897,115,,,
m3  12 features (+GO metapaths),46771,0.5363074546156817,3,,,
m3  12 features (+GO metapaths),46862,0.6529671901067182,11,,,
m3  12 features (+GO metapaths),46878,0.9270844783790609,59,,,
m3  12 features (+GO metapaths),46879,0.664622087478542,23,,,
m3  12 features (+GO metapaths),46895,0.5648062140732065,44,,,
m3  12 features (+GO metapaths),46926,0.8077082592724256,12,,,
m3  12 features (+GO metapaths),46932,0.9401399138335538,70,0.9642487375071312,7.0,2.0
m3  12 features (+GO metapaths),46938,0.9370062646438126,140,,,
m3  12 features (+GO metapaths),46939,0.8971867561133954,40,,,
m3  12 features (+GO metapaths),46944,0.9347954143821651,29,,,
m3  12 features (+GO metapaths),46953,0.8883730318934194,49,0.6122772277227723,1.0,0.0
m3  12 features (+GO metapaths),46969,0.8012945914844649,10,,,
m3  12 features (+GO metapaths),47009,0.9190507007051683,34,,,
m3  12 features (+GO metapaths),47010,0.9368315732318149,33,,,
m3  12 features (+GO metapaths),47013,0.9100302246239095,272,,,
m3  12 features (+GO metapaths),47074,0.6428228211133974,77,,,
m3  12 features (+GO metapaths),47081,0.7528920653449439,247,,,
m3  12 features (+GO metapaths),47112,0.6725768321513003,6,,,
m3  12 features (+GO metapaths),47114,0.6973432328473029,35,,,
m3  12 features (+GO metapaths),47122,0.7858126378176666,62,,,
m3  12 features (+GO metapaths),47222,0.7670421089592956,35,,,
m3  12 features (+GO metapaths),47244,0.874903358817971,14,,,
m3  12 features (+GO metapaths),47248,0.8920082550526616,12,,,
m3  12 features (+GO metapaths),47275,0.30303030303030304,3,0.9496470588235294,1.0,0.0
m3  12 features (+GO metapaths),47279,0.68365496697319,14,,,
m3  12 features (+GO metapaths),47282,0.7384002277255907,6,,,
m3  12 features (+GO metapaths),47341,0.7324282988933642,79,,,
m3  12 features (+GO metapaths),47354,0.7522668138453047,44,0.7084409991386735,4.0,0.0
m3  12 features (+GO metapaths),47383,0.923872026050627,177,0.8574307839185319,1.0,0.0
m3  12 features (+GO metapaths),47385,0.9378745366031902,701,,,
m3  12 features (+GO metapaths),47387,0.8647078932313832,429,0.3493102846167278,1.0,0.0
m3  12 features (+GO metapaths),47396,0.9436575917212906,135,0.8667280868600412,12.0,0.0
m3  12 features (+GO metapaths),47398,0.916896098999273,244,0.8132997827816848,33.0,4.0
m3  12 features (+GO metapaths),47404,0.9147668157752955,197,,,
m3  12 features (+GO metapaths),47406,0.9260854975196965,92,,,
m3  12 features (+GO metapaths),47407,0.6959173582641501,547,0.6896787049927661,27.0,0.0
m3  12 features (+GO metapaths),47408,0.7448526461684356,148,0.8723692955250333,12.0,3.0
m3  12 features (+GO metapaths),47410,0.2700067249495629,2,,,
m3  12 features (+GO metapaths),47412,0.9380722334391485,691,0.9769658459094519,5.0,2.0
m3  12 features (+GO metapaths),47414,0.8927675307997347,53,,,
m3  12 features (+GO metapaths),47415,0.8578729597737123,864,0.5986204297022238,25.0,4.0
m3  12 features (+GO metapaths),47417,0.9126217989216705,153,,,
m3  12 features (+GO metapaths),47420,0.7550692533803645,125,0.38104067678757675,1.0,0.0
m3  12 features (+GO metapaths),47421,0.7264679688329013,264,0.7939767827529022,134.0,8.0
m3  12 features (+GO metapaths),47423,0.8656506701253783,24,,,
m3  12 features (+GO metapaths),47434,0.763742417271581,240,0.758132814511745,35.0,2.0
m3  12 features (+GO metapaths),47436,0.7584571428571428,35,,,
m3  12 features (+GO metapaths),47437,0.6763555272279507,968,0.865549975796409,81.0,24.0
m3  12 features (+GO metapaths),47441,0.7071231391107168,36,,,
m3  12 features (+GO metapaths),47444,0.7683969680787943,48,0.7866113307440443,93.0,16.0
m3  12 features (+GO metapaths),47451,0.9444746257072224,677,0.3190216810851223,15.0,0.0
m3  12 features (+GO metapaths),47452,0.9394871317062357,545,,,
m3  12 features (+GO metapaths),47462,0.5493239392331427,21,0.4689735362515086,14.0,0.0
m3  12 features (+GO metapaths),47467,0.9444171747346756,159,,,
m3  12 features (+GO metapaths),47468,0.8633382327375025,69,0.7190101757631823,2.0,0.0
m3  12 features (+GO metapaths),47469,0.9338642238576501,705,,,
m3  12 features (+GO metapaths),47470,0.8807934253246753,48,0.7095276479123005,5.0,0.0
m3  12 features (+GO metapaths),47473,0.7399003967431361,162,0.28751287627332034,1.0,0.0
m3  12 features (+GO metapaths),47482,0.7217624564807945,7,,,
m3  12 features (+GO metapaths),47483,0.49720518064076347,6,,,
m3  12 features (+GO metapaths),47490,0.8677632008354546,36,,,
m3  12 features (+GO metapaths),47491,0.6212096023407369,64,,,
m3  12 features (+GO metapaths),47493,0.6758793657186233,194,0.8698689017837954,1.0,0.0
m3  12 features (+GO metapaths),47495,0.9375533324269834,696,,,
m3  12 features (+GO metapaths),47499,0.7902250321165144,21,0.6727181038830056,15.0,0.0
m3  12 features (+GO metapaths),47502,0.915095385507543,43,,,
m3  12 features (+GO metapaths),47504,0.8959270034382438,19,,,
m3  12 features (+GO metapaths),47517,0.9925790754257907,4,,,
m3  12 features (+GO metapaths),47522,0.7042278319431301,63,,,
m3  12 features (+GO metapaths),47523,0.6625418223959184,436,,,
m3  12 features (+GO metapaths),47529,0.9310410900939772,686,,,
m3  12 features (+GO metapaths),47530,0.7550382718073956,41,,,
m3  12 features (+GO metapaths),47537,0.6340802302263179,1081,0.25557272101313483,68.0,1.0
m3  12 features (+GO metapaths),47540,0.9280690185734696,57,,,
m3  12 features (+GO metapaths),47541,0.6128286211144764,503,,,
m3  12 features (+GO metapaths),47542,0.8464772768820152,9,0.49654605263157897,8.0,0.0
m3  12 features (+GO metapaths),47544,0.9309227074668252,680,,,
m3  12 features (+GO metapaths),47551,0.7375706741223983,30,,,
m3  12 features (+GO metapaths),47556,0.9397755610972569,50,,,
m3  12 features (+GO metapaths),47567,0.9488751158565517,685,,,
m3  12 features (+GO metapaths),47574,0.9099672220551852,551,,,
m3  12 features (+GO metapaths),47586,0.9570899959097092,38,,,
m3  12 features (+GO metapaths),47589,0.8888091822094691,82,,,
m3  12 features (+GO metapaths),47601,0.7034407054493779,84,,,
m3  12 features (+GO metapaths),47604,0.9313458474040515,621,0.6756735929794023,54.0,6.0
m3  12 features (+GO metapaths),47611,0.6827673940698699,22,0.29689174705251875,2.0,0.0
m3  12 features (+GO metapaths),47612,0.7679505468378507,63,,,
m3  12 features (+GO metapaths),47614,0.6908210728550482,19,0.7661406025824964,1.0,0.0
m3  12 features (+GO metapaths),47623,0.7750526140317976,204,0.8399750286130475,3.0,1.0
m3  12 features (+GO metapaths),47624,0.7789102055505244,269,0.6869752099160336,6.0,0.0
m3  12 features (+GO metapaths),47630,0.932738632941885,18,,,
m3  12 features (+GO metapaths),47631,0.811661933572046,89,0.5806458359476304,13.0,0.0
m3  12 features (+GO metapaths),47633,0.7687723041830691,11,0.8823055219669488,1.0,0.0
m3  12 features (+GO metapaths),47641,0.712542794895736,21,,,
m3  12 features (+GO metapaths),47654,0.7119244391971665,35,0.7018658975180714,11.0,0.0
m3  12 features (+GO metapaths),47655,0.7097159090909091,160,0.44226164079822616,50.0,0.0
m3  12 features (+GO metapaths),47662,0.785041237063002,123,0.9958516060210976,1.0,1.0
m3  12 features (+GO metapaths),47663,0.8355219960604071,26,0.6139663182346109,3.0,0.0
m3  12 features (+GO metapaths),47670,0.5390718496520545,7,,,
m3  12 features (+GO metapaths),47673,0.6929898375299373,7,,,
m3  12 features (+GO metapaths),47674,0.8831552706552707,9,,,
m3  12 features (+GO metapaths),47683,0.8294161606263517,39,,,
m3  12 features (+GO metapaths),47684,0.7144845741638522,256,0.3878453429551806,12.0,0.0
m3  12 features (+GO metapaths),47686,0.8471464921846601,18,0.5115395058376324,3.0,0.0
m3  12 features (+GO metapaths),47690,0.8283080808080808,100,,,
m3  12 features (+GO metapaths),47691,0.721651423940727,16,,,
m3  12 features (+GO metapaths),47700,0.8216257987380576,47,0.6996622388737511,12.0,0.0
m3  12 features (+GO metapaths),47701,0.6775601584898366,74,,,
m3  12 features (+GO metapaths),47703,0.9584950511712053,33,0.5578284136026238,2.0,0.0
m3  12 features (+GO metapaths),47704,0.7566979450442269,55,,,
m3  12 features (+GO metapaths),47710,0.8219510759176945,28,0.3729508196721312,1.0,0.0
m3  12 features (+GO metapaths),47712,0.8702086365841825,9,0.8957283680175246,15.0,8.0
m3  12 features (+GO metapaths),47713,0.7220161761978803,66,,,
m3  12 features (+GO metapaths),47714,0.8003630940802697,15,0.9181377303588749,1.0,0.0
m3  12 features (+GO metapaths),47720,0.17631004366812228,2,,,
m3  12 features (+GO metapaths),47722,0.8512155129393313,52,,,
m3  12 features (+GO metapaths),47724,0.6768772124778489,126,0.9992173232454996,2.0,2.0
m3  12 features (+GO metapaths),47727,0.7945027975148458,27,0.572904973182944,26.0,0.0
m3  12 features (+GO metapaths),47729,0.812961280017625,68,,,
m3  12 features (+GO metapaths),47730,0.6239393470959401,55,,,
m3  12 features (+GO metapaths),47734,0.7061204952559248,38,0.7090339332079864,18.0,0.0
m3  12 features (+GO metapaths),47751,0.9254560784914917,60,,,
m3  12 features (+GO metapaths),47753,0.9174038585327277,55,,,
m3  12 features (+GO metapaths),47766,0.9607745806852589,98,,,
m3  12 features (+GO metapaths),47774,0.6871289745063454,99,0.6806564155575656,5.0,0.0
m3  12 features (+GO metapaths),47793,0.862090650437142,64,,,
m3  12 features (+GO metapaths),47801,0.8863864942528735,18,,,
m3  12 features (+GO metapaths),47803,0.7733153638814017,14,,,
m3  12 features (+GO metapaths),47807,0.9300880626223093,8,,,
m3  12 features (+GO metapaths),47832,0.934250086510756,513,,,
m3  12 features (+GO metapaths),47833,0.885375816993464,20,,,
m3  12 features (+GO metapaths),47863,0.8188976377952756,13,0.6723838918283362,40.0,0.0
m3  12 features (+GO metapaths),47864,0.3942074228234478,4,,,
m3  12 features (+GO metapaths),47872,0.7428125749940004,20,,,
m3  12 features (+GO metapaths),47873,0.7450860160109011,35,,,
m3  12 features (+GO metapaths),47878,0.7016548463356974,3,,,
m3  12 features (+GO metapaths),47879,0.9387079373462816,648,,,
m3  12 features (+GO metapaths),47888,0.9471390694679561,691,,,
m3  12 features (+GO metapaths),47892,0.9266685540884315,211,,,
m3  12 features (+GO metapaths),47896,0.8865667121005604,31,,,
m3  12 features (+GO metapaths),47898,0.9615204901580114,47,,,
m3  12 features (+GO metapaths),47902,0.7299504950495049,11,,,
m3  12 features (+GO metapaths),47907,0.828633173087774,36,,,
m3  12 features (+GO metapaths),47908,0.7918213651000334,17,,,
m3  12 features (+GO metapaths),47911,0.778113909075545,60,,,
m3  12 features (+GO metapaths),47928,0.2089171974522293,2,0.4949044585987261,2.0,0.0
m3  12 features (+GO metapaths),47934,0.7075136001192339,14,,,
m3  12 features (+GO metapaths),47964,0.7553930968360498,12,,,
m3  12 features (+GO metapaths),48080,0.7439607888901856,19,0.9703213146921756,1.0,0.0
m3  12 features (+GO metapaths),48104,0.7353754510071138,107,,,
m3  12 features (+GO metapaths),48144,0.7983581690015169,140,,,
m3  12 features (+GO metapaths),48151,0.6496060924369748,10,,,
m3  12 features (+GO metapaths),48180,0.621797489688084,601,,,
m3  12 features (+GO metapaths),48192,0.9243252244626081,55,,,
m3  12 features (+GO metapaths),48193,0.7768756613756613,100,,,
m3  12 features (+GO metapaths),48221,0.7681129890185312,47,,,
m3  12 features (+GO metapaths),48301,0.7985336684948202,48,,,
m3  12 features (+GO metapaths),48305,0.9250191020764587,27,,,
m3  12 features (+GO metapaths),48310,0.895692672570434,97,,,
m3  12 features (+GO metapaths),48312,0.9241117108529109,345,,,
m3  12 features (+GO metapaths),48319,0.9074548907882242,30,,,
m3  12 features (+GO metapaths),48351,0.9300566009841813,333,,,
m3  12 features (+GO metapaths),48368,0.91714600503663,28,,,
m3  12 features (+GO metapaths),48402,0.9265615365360782,71,,,
m3  12 features (+GO metapaths),48413,0.9017753168169882,180,0.9598344148579101,1.0,0.0
m3  12 features (+GO metapaths),48428,0.9412011962966914,394,,,
m3  12 features (+GO metapaths),48442,0.9262514738985957,38,,,
m3  12 features (+GO metapaths),48449,0.8766386378284395,90,,,
m3  12 features (+GO metapaths),48450,0.9415596933216438,643,,,
m3  12 features (+GO metapaths),48481,0.9497405987853945,207,,,
m3  12 features (+GO metapaths),48488,0.9162425675191632,270,,,
m3  12 features (+GO metapaths),48490,0.9431073425177199,108,,,
m3  12 features (+GO metapaths),48493,0.9265422431044984,90,,,
m3  12 features (+GO metapaths),48496,0.9673332852714296,55,,,
m3  12 features (+GO metapaths),48510,0.921051149776282,41,,,
m3  12 features (+GO metapaths),48511,0.9343267089610234,480,,,
m3  12 features (+GO metapaths),48512,0.9093162324595709,84,,,
m3  12 features (+GO metapaths),48514,0.8718801203157095,86,,,
m3  12 features (+GO metapaths),48515,0.8839420478999734,206,,,
m3  12 features (+GO metapaths),48517,0.9072740513631178,359,,,
m3  12 features (+GO metapaths),48524,0.8909833888647448,54,,,
m3  12 features (+GO metapaths),48531,0.9435623879928315,18,,,
m3  12 features (+GO metapaths),48537,0.9337590693075226,599,0.999022084589683,1.0,1.0
m3  12 features (+GO metapaths),48543,0.9535871044409944,22,,,
m3  12 features (+GO metapaths),48546,0.9288175869207431,123,,,
m3  12 features (+GO metapaths),48561,0.8885666597120802,40,,,
m3  12 features (+GO metapaths),48563,0.9409214704518155,94,,,
m3  12 features (+GO metapaths),48575,0.8652860652860653,22,,,
m3  12 features (+GO metapaths),48583,0.8984919104253724,36,,,
m3  12 features (+GO metapaths),48588,0.9482064387562786,181,,,
m3  12 features (+GO metapaths),48592,0.9416195471757276,51,,,
m3  12 features (+GO metapaths),48600,0.4615795497901564,5,,,
m3  12 features (+GO metapaths),48607,0.9208946608946609,84,,,
m3  12 features (+GO metapaths),48612,0.8216379565105483,38,,,
m3  12 features (+GO metapaths),48617,0.9522774090180819,18,,,
m3  12 features (+GO metapaths),48619,0.9241280696933615,210,,,
m3  12 features (+GO metapaths),48628,0.9485378761231733,44,,,
m3  12 features (+GO metapaths),48634,0.893203563723795,26,,,
m3  12 features (+GO metapaths),48646,0.9256076836417101,66,,,
m3  12 features (+GO metapaths),48647,0.9156400075628663,150,,,
m3  12 features (+GO metapaths),48650,0.9365889996092224,144,,,
m3  12 features (+GO metapaths),48654,0.8889360798471013,17,,,
m3  12 features (+GO metapaths),48661,0.9099077643649931,184,,,
m3  12 features (+GO metapaths),48662,0.8587058038692461,95,,,
m3  12 features (+GO metapaths),48670,0.89885500148926,31,,,
m3  12 features (+GO metapaths),48673,0.9299942904269491,22,,,
m3  12 features (+GO metapaths),48674,0.833300791842933,15,,,
m3  12 features (+GO metapaths),48676,0.8762535153937241,64,,,
m3  12 features (+GO metapaths),48681,0.9188684829198381,165,,,
m3  12 features (+GO metapaths),48690,0.9004121191192374,68,,,
m3  12 features (+GO metapaths),48700,0.8096278317152104,15,,,
m3  12 features (+GO metapaths),48701,0.9264739935383564,23,,,
m3  12 features (+GO metapaths),48702,0.9356165910357456,53,,,
m3  12 features (+GO metapaths),48704,0.8243685889147487,24,,,
m3  12 features (+GO metapaths),48711,0.9427738991685525,236,,,
m3  12 features (+GO metapaths),48717,0.9388837460464399,29,,,
m3  12 features (+GO metapaths),48727,0.9246343227705935,525,,,
m3  12 features (+GO metapaths),48731,0.9155174864941712,80,,,
m3  12 features (+GO metapaths),48747,0.793330339872893,33,,,
m3  12 features (+GO metapaths),48748,0.8662056151940545,14,,,
m3  12 features (+GO metapaths),48772,0.9111357340720222,19,,,
m3  12 features (+GO metapaths),48773,0.8790488906256785,108,0.8085413360265474,1.0,0.0
m3  12 features (+GO metapaths),48783,0.7064345991561182,5,,,
m3  12 features (+GO metapaths),48794,0.8592203174603175,35,,,
m3  12 features (+GO metapaths),48822,0.7288363982244769,4,,,
m3  12 features (+GO metapaths),48841,0.653272962892724,24,0.5758090920538975,3.0,0.0
m3  12 features (+GO metapaths),48843,0.7195351312987934,72,0.6309423347398031,7.0,0.0
m3  12 features (+GO metapaths),48850,0.9291879249850865,218,0.18645028335909325,2.0,0.0
m3  12 features (+GO metapaths),48852,0.7720490274447109,33,0.4787758346581876,5.0,0.0
m3  12 features (+GO metapaths),48872,0.5834282210738373,7,,,
m3  12 features (+GO metapaths),48880,0.7676273803396809,29,,,
m3  12 features (+GO metapaths),48896,0.9365572315882875,2,,,
m3  12 features (+GO metapaths),48911,0.6353280680437424,4,,,
m3  12 features (+GO metapaths),48912,0.7032203220322032,22,,,
m3  12 features (+GO metapaths),48922,0.7573257346999532,7,,,
m3  12 features (+GO metapaths),48941,0.9413192565838536,44,,,
m3  12 features (+GO metapaths),48962,0.7686028425851434,25,,,
m3  12 features (+GO metapaths),48984,0.6176585586697946,49,,,
m3  12 features (+GO metapaths),48986,0.8550090813497754,12,,,
m3  12 features (+GO metapaths),49054,0.7237171008464578,59,,,
m3  12 features (+GO metapaths),49074,0.8520766586570552,44,,,
m3  12 features (+GO metapaths),49123,0.5980195177956372,4,,,
m3  12 features (+GO metapaths),49128,0.9695790194165591,43,,,
m3  12 features (+GO metapaths),49131,0.7455880787653006,25,,,
m3  12 features (+GO metapaths),49132,0.6742553112693964,59,,,
m3  12 features (+GO metapaths),49380,0.551363236587511,18,,,
m3  12 features (+GO metapaths),49543,0.7258986928104575,7,,,
m3  12 features (+GO metapaths),49644,0.6509532841158577,107,0.8136384597648144,2.0,0.0
m3  12 features (+GO metapaths),49670,0.6956610576923077,65,0.5455812351246399,9.0,0.0
m3  12 features (+GO metapaths),49673,0.9420353018086729,13,0.470311027332705,9.0,0.0
m3  12 features (+GO metapaths),49712,0.9137935957285822,258,,,
m3  12 features (+GO metapaths),49721,0.6929034362872322,138,0.6669292824456291,47.0,2.0
m3  12 features (+GO metapaths),49733,0.7759857462466853,678,,,
m3  12 features (+GO metapaths),49773,0.7799143944197844,20,,,
m3  12 features (+GO metapaths),49842,0.8380393594915047,3,,,
m3  12 features (+GO metapaths),49850,0.7091977108897816,17,,,
m3  12 features (+GO metapaths),49900,0.9092544349336311,12,,,
m3  12 features (+GO metapaths),49941,0.8726549017424706,44,,,
m3  12 features (+GO metapaths),50002,0.7366259266680024,23,0.883477482851178,7.0,2.0
m3  12 features (+GO metapaths),50033,0.7059540396883051,131,,,
m3  12 features (+GO metapaths),50051,0.8591943772871996,23,,,
m3  12 features (+GO metapaths),50071,0.6207560217624956,57,,,
m3  12 features (+GO metapaths),50730,0.7351832314358467,241,0.8422077289983452,1.0,0.0
m3  12 features (+GO metapaths),51103,0.8444179978944477,21,,,
m3  12 features (+GO metapaths),51180,0.953327922077922,12,,,
m3  12 features (+GO metapaths),51193,0.6371576142932611,43,,,
m3  12 features (+GO metapaths),51232,0.8088559941520468,48,,,
m3  12 features (+GO metapaths),51234,0.9220925315326214,214,,,
m3  12 features (+GO metapaths),51251,0.7114840274969673,10,,,
m3  12 features (+GO metapaths),51261,0.7682819818060915,277,,,
m3  12 features (+GO metapaths),51273,0.7043916547328223,27,,,
m3  12 features (+GO metapaths),51383,0.6399450297755382,2,,,
m3  12 features (+GO metapaths),51394,0.7209384891106126,176,0.750270481078905,18.0,3.0
m3  12 features (+GO metapaths),51421,0.7643341530665474,45,,,
m3  12 features (+GO metapaths),51431,0.9351893074813331,603,0.9433406916850625,5.0,0.0
m3  12 features (+GO metapaths),51461,0.8754323826094161,42,,,
m3  12 features (+GO metapaths),51671,0.9578741019571859,29,,,
m3  12 features (+GO metapaths),51692,0.6619031221303948,6,,,
m3  12 features (+GO metapaths),51843,,0,,,
m3  12 features (+GO metapaths),52070,0.933501736659299,15,,,
m3  12 features (+GO metapaths),52112,0.5731404958677686,5,,,
m3  12 features (+GO metapaths),52236,0.7717407181984175,53,0.8267435035483699,6.0,0.0
m3  12 features (+GO metapaths),52274,0.9067234424025101,30,,,
m3  12 features (+GO metapaths),52293,0.8379361773252076,18,,,
m3  12 features (+GO metapaths),52294,0.8935981239238662,74,,,
m3  12 features (+GO metapaths),52352,0.80131212196563,659,,,
m3  12 features (+GO metapaths),52450,0.5626328091797705,8,,,
m3  12 features (+GO metapaths),52550,0.9327368861736932,533,,,
m3  12 features (+GO metapaths),52620,0.7882838283828383,30,,,
m3  12 features (+GO metapaths),52961,0.641505255800757,33,,,
m3  12 features (+GO metapaths),53272,0.9247741770847171,674,0.41292116928676326,59.0,0.0
m3  12 features (+GO metapaths),53400,0.7729192324055622,71,,,
m3  12 features (+GO metapaths),53708,0.8746190080354669,12,,,
m3  12 features (+GO metapaths),53713,0.9263164305468197,450,,,
m3  12 features (+GO metapaths),53819,0.9049246955197913,32,0.4889753566796368,4.0,0.0
m3  12 features (+GO metapaths),53871,0.8937278489906165,76,0.9926610890943784,5.0,2.0
m3  12 features (+GO metapaths),53913,0.8004718486437201,107,,,
m3  12 features (+GO metapaths),53963,0.8238707068193131,16,,,
m3  12 features (+GO metapaths),53982,0.7637797735259664,26,,,
m3  12 features (+GO metapaths),53984,0.9412698412698413,55,,,
m3  12 features (+GO metapaths),54001,0.8236550359599258,17,,,
m3  12 features (+GO metapaths),54002,0.6757115066886958,29,,,
m3  12 features (+GO metapaths),54053,0.7475070459605951,727,,,
m3  12 features (+GO metapaths),54062,0.874684811764104,61,,,
m3  12 features (+GO metapaths),54074,0.7851823314346862,104,,,
m3  12 features (+GO metapaths),54081,0.8189589665653495,56,,,
m3  12 features (+GO metapaths),54090,0.9682247899159664,30,,,
m3  12 features (+GO metapaths),54092,0.8916131792896876,15,,,
m3  12 features (+GO metapaths),54093,0.8332343143426713,180,,,
m3  12 features (+GO metapaths),54094,0.9026395499783644,15,,,
m3  12 features (+GO metapaths),54120,0.7125609205776173,175,,,
m3  12 features (+GO metapaths),54134,0.9286142808357203,129,,,
m3  12 features (+GO metapaths),54140,0.9484136594817147,12,,,
m3  12 features (+GO metapaths),54142,0.8410775893709168,30,,,
m3  12 features (+GO metapaths),54144,0.9205155454632589,733,,,
m3  12 features (+GO metapaths),54151,0.7878084881206191,44,,,
m3  12 features (+GO metapaths),54153,0.893192538593482,32,,,
m3  12 features (+GO metapaths),54182,0.8977532139853418,14,,,
m3  12 features (+GO metapaths),54210,0.9744747351970828,13,,,
m3  12 features (+GO metapaths),54213,0.8267954484698443,21,,,
m3  12 features (+GO metapaths),54214,0.8195100025725442,231,,,
m3  12 features (+GO metapaths),54224,0.9888649425287356,16,,,
m3  12 features (+GO metapaths),54244,0.9129170766615976,14,,,
m3  12 features (+GO metapaths),54251,0.895100119255623,102,,,
m3  12 features (+GO metapaths),54260,0.8589755464987032,24,,,
m3  12 features (+GO metapaths),54271,0.891230645555905,18,,,
m3  12 features (+GO metapaths),54273,0.6433317698561601,13,,,
m3  12 features (+GO metapaths),54291,0.8829586132003379,23,,,
m3  12 features (+GO metapaths),54314,0.9300954519932623,13,,,
m3  12 features (+GO metapaths),54340,0.7153607981422551,56,,,
m3  12 features (+GO metapaths),54351,0.9555180180180181,24,,,
m3  12 features (+GO metapaths),54364,0.8931490175621631,9,,,
m3  12 features (+GO metapaths),54384,0.7781648089171974,12,,,
m3  12 features (+GO metapaths),54391,0.8258904367558192,309,,,
m3  12 features (+GO metapaths),54400,0.7609097162072656,38,,,
m3  12 features (+GO metapaths),54403,0.8272001083130246,48,,,
m3  12 features (+GO metapaths),54410,0.9721239233491353,17,,,
m3  12 features (+GO metapaths),54413,0.8647174670504469,14,,,
m3  12 features (+GO metapaths),54420,0.8225524475524476,52,,,
m3  12 features (+GO metapaths),54434,0.9486253934942287,25,,,
m3  12 features (+GO metapaths),54443,0.8730209655431768,105,,,
m3  12 features (+GO metapaths),54452,0.7917057169634489,6,,,
m3  12 features (+GO metapaths),54480,0.9178077196053513,93,,,
m3  12 features (+GO metapaths),54481,0.8865897537677504,29,,,
m3  12 features (+GO metapaths),54484,0.811612426035503,10,,,
m3  12 features (+GO metapaths),54502,0.9178097361465886,44,,,
m3  12 features (+GO metapaths),54524,0.8845928147616874,7,,,
m3  12 features (+GO metapaths),54531,0.9259270895984631,38,,,
m3  12 features (+GO metapaths),54534,0.5810599171466101,12,,,
m3  12 features (+GO metapaths),54553,0.9161268972875068,675,,,
m3  12 features (+GO metapaths),54554,0.8994675707478476,243,,,
m3  12 features (+GO metapaths),54562,0.9172402334499564,174,,,
m3  12 features (+GO metapaths),54564,0.7274216780698596,20,,,
m3  12 features (+GO metapaths),54570,0.6496817901868199,25,,,
m3  12 features (+GO metapaths),54590,0.8926347789654198,29,,,
m3  12 features (+GO metapaths),54624,0.8108029508419206,43,,,
m3  12 features (+GO metapaths),54653,0.7320767708064377,18,,,
m3  12 features (+GO metapaths),54682,0.748529074105964,24,,,
m3  12 features (+GO metapaths),54732,0.655361407856736,220,,,
m3  12 features (+GO metapaths),54741,0.9238353306363382,33,,,
m3  12 features (+GO metapaths),54743,0.5031114911405634,18,,,
m3  12 features (+GO metapaths),54751,0.910451197053407,8,,,
m3  12 features (+GO metapaths),54752,0.8813144187659979,61,,,
m3  12 features (+GO metapaths),54762,0.7249271561771562,16,,,
m3  12 features (+GO metapaths),54774,0.9621635424176881,38,,,
m3  12 features (+GO metapaths),54781,0.9082117004865314,12,,,
m3  12 features (+GO metapaths),54782,0.6172243302288145,12,,,
m3  12 features (+GO metapaths),54794,0.8788764451801464,23,,,
m3  12 features (+GO metapaths),54802,0.81703085033377,52,,,
m3  12 features (+GO metapaths),54814,0.966852886405959,15,,,
m3  12 features (+GO metapaths),54841,0.7188252286952335,2,,,
m3  12 features (+GO metapaths),54842,0.7665291441870306,66,,,
m3  12 features (+GO metapaths),54844,0.6592039800995025,12,,,
m3  12 features (+GO metapaths),54860,0.6257206208425721,2,,,
m3  12 features (+GO metapaths),54862,0.546732305936073,4,,,
m3  12 features (+GO metapaths),54863,0.6087618515222173,46,,,
m3  12 features (+GO metapaths),54870,0.7237541832851969,33,,,
m3  12 features (+GO metapaths),54880,0.7294253152279341,20,,,
m3  12 features (+GO metapaths),54881,0.9345578456428076,685,,,
m3  12 features (+GO metapaths),54882,0.9104152262426058,24,,,
m3  12 features (+GO metapaths),54883,0.9215297971543593,165,,,
m3  12 features (+GO metapaths),54890,0.7516502792780316,27,,,
m3  12 features (+GO metapaths),54891,0.6692272864064638,452,,,
m3  12 features (+GO metapaths),54892,0.8999266862170088,31,,,
m3  12 features (+GO metapaths),54893,0.9072745321813929,116,,,
m3  12 features (+GO metapaths),54894,0.6440563227728134,16,,,
m3  12 features (+GO metapaths),54900,0.6139606758403068,56,,,
m3  12 features (+GO metapaths),54902,0.8818828960583581,29,,,
m3  12 features (+GO metapaths),54904,0.6570008724611602,527,,,
m3  12 features (+GO metapaths),54930,0.8881364982282414,18,,,
m3  12 features (+GO metapaths),54933,0.7188539353895265,153,,,
m3  12 features (+GO metapaths),54944,0.9182048437207347,284,,,
m3  12 features (+GO metapaths),54950,0.7817633786545231,67,,,
m3  12 features (+GO metapaths),54952,0.5066387726638772,10,,,
m3  12 features (+GO metapaths),54973,0.7137840525657596,203,,,
m3  12 features (+GO metapaths),54974,0.667390116997729,43,,,
m3  12 features (+GO metapaths),54984,0.9388157894736842,19,,,
m3  12 features (+GO metapaths),54990,0.7432064176668494,148,,,
m3  12 features (+GO metapaths),54991,0.7815841787770771,28,,,
m3  12 features (+GO metapaths),55000,0.8150389538119087,12,,,
m3  12 features (+GO metapaths),55030,0.9124837691269699,279,,,
m3  12 features (+GO metapaths),55050,0.8663026802635141,28,,,
m3  12 features (+GO metapaths),55054,0.8464011134676565,16,,,
m3  12 features (+GO metapaths),55060,0.7666747984261918,31,,,
m3  12 features (+GO metapaths),55082,0.9103972950126796,80,,,
m3  12 features (+GO metapaths),55101,0.703760162601626,48,,,
m3  12 features (+GO metapaths),55104,0.8034912923545638,107,,,
m3  12 features (+GO metapaths),55111,0.78803898935488,184,,,
m3  12 features (+GO metapaths),55133,0.831468218442256,4,,,
m3  12 features (+GO metapaths),55152,0.9886299673533716,18,,,
m3  12 features (+GO metapaths),55162,0.8327192982456141,140,,,
m3  12 features (+GO metapaths),55194,0.9471759959657086,22,,,
m3  12 features (+GO metapaths),55201,0.621040246673158,26,,,
m3  12 features (+GO metapaths),55203,0.9175377520190984,193,,,
m3  12 features (+GO metapaths),55204,0.9162372911682457,187,,,
