file	line	section	value	status	guarded_by	model_dep	hint	context
docs/README.md	42	-	95.7	ORPHAN		y		| [`demo/DASHBOARD_MOCKUP_V3.html`](demo/DASHBOARD_MOCKUP_V3.html) | **Current mockup.** Four interactive acts
docs/appendix/README.md	13	-	0.9354	ORPHAN				without a snapshot, and its most reusable finding — a gene-popularity lookup table scoring 0.9354 and
docs/appendix/README.md	19	-	2,010	ORPHAN		y		| `model_comparison.csv` | 2,010 | §6.4 ablation ladder, m1-f7 → m2-f10 → m3-f12 | saved models `Lx5Mz2hY`, `6
docs/appendix/README.md	20	-	1,113	ORPHAN		y		| `validation_auc_by_disease_2.csv` | 1,113 | §7.1 per-split-key AUC (the second metric run) | `scored_m3` |
docs/appendix/README.md	22	-	27,153	ORPHAN			hist	| `disease_hierarchy_annotation.csv` | 27,153 | §3.2 ontology redundancy, §3.3 granularity trade-off | `diseas
docs/appendix/README.md	23	-	0.110	ORPHAN		y		| `maturity_confound.csv` | 60 | §8.2 the metabolic/oncology correction (Spearman +0.110) | `novel_discovery_e
docs/demo/BREAST_SURGEON_BRIEFING.md	22	1	76,465	ORPHAN				`target_candidates_2` from 76,465 rows over 7 diseases to **129,253 over 13**.
docs/demo/BREAST_SURGEON_BRIEFING.md	22	1	129,253	ORPHAN				`target_candidates_2` from 76,465 rows over 7 diseases to **129,253 over 13**.
docs/demo/BREAST_SURGEON_BRIEFING.md	28	1	8,157	ORPHAN				| HR+/HER2− | luminal A breast carcinoma | 8,157 | 101 | 0.85 (0.80–0.89) |
docs/demo/BREAST_SURGEON_BRIEFING.md	28	1	0.85	ORPHAN				| HR+/HER2− | luminal A breast carcinoma | 8,157 | 101 | 0.85 (0.80–0.89) |
docs/demo/BREAST_SURGEON_BRIEFING.md	28	1	0.80	VALUE_ONLY	nb3_validation_and_plots.py:7.3 per-family macro AUC			| HR+/HER2− | luminal A breast carcinoma | 8,157 | 101 | 0.85 (0.80–0.89) |
docs/demo/BREAST_SURGEON_BRIEFING.md	28	1	0.89	VALUE_ONLY	nb3_validation_and_plots.py:header pooled AUC			| HR+/HER2− | luminal A breast carcinoma | 8,157 | 101 | 0.85 (0.80–0.89) |
docs/demo/BREAST_SURGEON_BRIEFING.md	29	1	12,272	ORPHAN				| HER2+ | HER2 positive breast carcinoma | 12,272 | 599 | **0.94 (0.92–0.95)** |
docs/demo/BREAST_SURGEON_BRIEFING.md	29	1	0.94	VALUE_ONLY	nb4_results_three_axes.py:8.10 HER2+ AUC			| HER2+ | HER2 positive breast carcinoma | 12,272 | 599 | **0.94 (0.92–0.95)** |
docs/demo/BREAST_SURGEON_BRIEFING.md	29	1	0.92	ORPHAN				| HER2+ | HER2 positive breast carcinoma | 12,272 | 599 | **0.94 (0.92–0.95)** |
docs/demo/BREAST_SURGEON_BRIEFING.md	29	1	0.95	ORPHAN				| HER2+ | HER2 positive breast carcinoma | 12,272 | 599 | **0.94 (0.92–0.95)** |
docs/demo/BREAST_SURGEON_BRIEFING.md	30	1	2,563	ORPHAN				| Triple-negative | triple-negative breast carcinoma | 2,563 | **8** | 0.89 (0.75–1.04) |
docs/demo/BREAST_SURGEON_BRIEFING.md	30	1	0.89	VALUE_ONLY	nb3_validation_and_plots.py:header pooled AUC			| Triple-negative | triple-negative breast carcinoma | 2,563 | **8** | 0.89 (0.75–1.04) |
docs/demo/BREAST_SURGEON_BRIEFING.md	30	1	0.75	VALUE_ONLY	nb2_splitting_and_pool.py:5.2.1 approved join auc_supported			| Triple-negative | triple-negative breast carcinoma | 2,563 | **8** | 0.89 (0.75–1.04) |
docs/demo/BREAST_SURGEON_BRIEFING.md	30	1	1.04	ORPHAN				| Triple-negative | triple-negative breast carcinoma | 2,563 | **8** | 0.89 (0.75–1.04) |
docs/demo/BREAST_SURGEON_BRIEFING.md	31	1	13,290	ORPHAN			hist	| *reference* | breast carcinoma (umbrella) | 13,290 | 864 | 0.86 (0.84–0.88) |
docs/demo/BREAST_SURGEON_BRIEFING.md	31	1	0.86	ORPHAN			hist	| *reference* | breast carcinoma (umbrella) | 13,290 | 864 | 0.86 (0.84–0.88) |
docs/demo/BREAST_SURGEON_BRIEFING.md	31	1	0.84	ORPHAN			hist	| *reference* | breast carcinoma (umbrella) | 13,290 | 864 | 0.86 (0.84–0.88) |
docs/demo/BREAST_SURGEON_BRIEFING.md	31	1	0.88	VALUE_ONLY	nb1_features_and_config.py:6.3 F1 threshold		hist	| *reference* | breast carcinoma (umbrella) | 13,290 | 864 | 0.86 (0.84–0.88) |
docs/demo/BREAST_SURGEON_BRIEFING.md	104	3	2,563	ORPHAN		y		2. **PARP1 at rank 360.** PARP inhibition is *the* targeted therapy in TNBC. Ranking it 360 of 2,563
docs/demo/BREAST_SURGEON_BRIEFING.md	113	3	0.90	ORPHAN		y		target–disease pairs the curated therapeutic label asserts for triple-negative (score 0.90). So the
docs/demo/BREAST_SURGEON_BRIEFING.md	115	3	1,157	ORPHAN		y		ranking one, and TACSTD2 is a genuinely hard case — it is reachable for only **1% of all 1,157
docs/demo/BREAST_SURGEON_BRIEFING.md	154	5	0.69	VALUE_ONLY	nb2_splitting_and_pool.py:5.2.1 approved join auc_all			(0.69) — the parent term is beaten by its own children.
docs/demo/BREAST_SURGEON_BRIEFING.md	164	5	98.5	VALUE_ONLY	nb2_splitting_and_pool.py:10.4 reachability ceiling %			pool contains **98.5%** of curated target–disease pairs, and coverage does **not** track how sparsely
docs/demo/BREAST_SURGEON_BRIEFING.md	165	5	0.081	VALUE_ONLY	nb2_splitting_and_pool.py:10.4 Spearman pool_size vs coverage	y		a disease is annotated (Spearman +0.081). TNBC is one of only two diseases below 50% coverage. Do not
docs/demo/BREAST_SURGEON_BRIEFING.md	170	5	0.689	VALUE_ONLY	nb2_splitting_and_pool.py:5.2.1 approved join auc_all	y		evaluation *because of the relationship being evaluated*. Fixing it raises drug-target AUC from 0.689
docs/demo/BREAST_SURGEON_BRIEFING.md	171	5	0.747	VALUE_ONLY	nb2_splitting_and_pool.py:5.2.1 approved join auc_supported			to 0.747. Not clinician-facing, but it changes numbers that are.
docs/demo/DEMO_NARRATIVE.md	74	-	113,391	ORPHAN				A biomedical knowledge graph assembled from six public sources — **113,391 nodes, 2,851,510 edges, 18
docs/demo/DEMO_NARRATIVE.md	74	-	2,851,510	ORPHAN				A biomedical knowledge graph assembled from six public sources — **113,391 nodes, 2,851,510 edges, 18
docs/demo/DEMO_NARRATIVE.md	75	-	0.03	ORPHAN			hist	relations** — and accepted against a frozen reference at **−0.03% on edges, with 14 of 18 relations
docs/demo/DEMO_NARRATIVE.md	93	-	6,754,128	VALUE_ONLY	nb2_splitting_and_pool.py:5.2 pool rows	y		The candidate pool is **6,754,128 disease–gene pairs at a 1.89% positive rate**. Ranking quality is
docs/demo/DEMO_NARRATIVE.md	93	-	1.89	VALUE_ONLY	nb2_splitting_and_pool.py:5.2 pool positive rate %	y		The candidate pool is **6,754,128 disease–gene pairs at a 1.89% positive rate**. Ranking quality is
docs/demo/DEMO_NARRATIVE.md	94	-	0.8230	VALUE_ONLY	nb3_validation_and_plots.py:10.1 macro per-disease AUC	y		**macro per-disease AUC 0.8230 across 670 held-out diseases**.
docs/demo/DEMO_NARRATIVE.md	105	-	0.8932	ASSERTED	nb3_validation_and_plots.py:header pooled AUC	y		**Report macro, never pooled.** Pooled reads 0.8932 and overstates by roughly seven points, because it
docs/demo/DEMO_NARRATIVE.md	115	-	3.29	VALUE_ONLY	nb4_results_three_axes.py:8.4 pooled dm lift @10			| Top 10 | **3.29×** |
docs/demo/DEMO_NARRATIVE.md	116	-	2.42	VALUE_ONLY	nb4_results_three_axes.py:8.4 pooled dm lift @200			| Top 200 | **2.42×** |
docs/demo/DEMO_NARRATIVE.md	119	-	0.59	VALUE_ONLY	nb3b_hub_bias_meter.py:7.2 champion Q1 probability			least-connected fifth at **0.59** against **0.79** for the most-connected. **The model under-scores
docs/demo/DEMO_NARRATIVE.md	119	-	0.79	VALUE_ONLY	nb3b_hub_bias_meter.py:7.2 champion Q5 probability			least-connected fifth at **0.59** against **0.79** for the most-connected. **The model under-scores
docs/demo/DEMO_NARRATIVE.md	134	-	0.8009	VALUE_ONLY	nb3_validation_and_plots.py:7.3 per-family macro AUC			**Across 505 disease families, reconstruction holds at 0.8009.**
docs/demo/DEMO_NARRATIVE.md	161	-	0.9365	VALUE_ONLY	nb4_results_three_axes.py:8.10 HER2+ AUC	y		Open **HER2-positive breast carcinoma**. The model reconstructs its known targets at **AUC 0.9365**.
docs/demo/DEMO_NARRATIVE.md	176	-	16.88	VALUE_ONLY	nb4_results_three_axes.py:8.3 approved lift@10			enriched for genes that later turn out to be real drug targets — **16.88× at top-10 against approved
docs/demo/DEMO_NARRATIVE.md	177	-	21.32	VALUE_ONLY	nb4_results_three_axes.py:8.3 curated>=0.8 lift@10			drugs, 21.32× against a curated target–disease source**.
docs/demo/DEMO_NARRATIVE.md	201	-	3.16	VALUE_ONLY	nb6_interrogation_and_close.py:6.1 membrane receptor drug_lift			| *"Use druggability as a model input."* | Membrane receptors are **3.16×** more likely to be real drug target
docs/demo/DEMO_NARRATIVE.md	201	-	0.78	VALUE_ONLY	nb6_interrogation_and_close.py:6.1 membrane receptor assoc_lift			| *"Use druggability as a model input."* | Membrane receptors are **3.16×** more likely to be real drug target
docs/demo/DEMO_NARRATIVE.md	201	-	11.89	VALUE_ONLY	nb6_interrogation_and_close.py:6.1 ion channel drug_lift			| *"Use druggability as a model input."* | Membrane receptors are **3.16×** more likely to be real drug target
docs/demo/DEMO_NARRATIVE.md	202	-	2.07	VALUE_ONLY	nb6_interrogation_and_close.py:6.1 lof_intolerant assoc_lift	y		| *"Filter out genes the body cannot live without."* | Loss-of-function-intolerant genes are enriched on **bot
docs/demo/DEMO_NARRATIVE.md	202	-	1.37	VALUE_ONLY	nb6_interrogation_and_close.py:6.1 lof_intolerant drug_lift	y		| *"Filter out genes the body cannot live without."* | Loss-of-function-intolerant genes are enriched on **bot
docs/demo/DEMO_NARRATIVE.md	203	-	4.62	VALUE_ONLY	nb6_interrogation_and_close.py:6.1 liability drug_lift			| *"Exclude targets with known safety liabilities."* | Liability-flagged genes are **4.62×** enriched among re
docs/demo/DEMO_NARRATIVE.md	213	-	0.002	VALUE_ONLY	nb3_validation_and_plots.py:7.4 orthogonality pearson r			uncorrelated, r = **+0.002**. And on a drug-target benchmark, a lookup table — *"how many diseases is
docs/demo/DEMO_NARRATIVE.md	238	-	0.9365	VALUE_ONLY	nb4_results_three_axes.py:8.10 HER2+ AUC	y		| **HER2-positive breast carcinoma** | **the spine.** Reconstructs at AUC **0.9365**; a clinician recognises t
docs/demo/DOC_RESTRUCTURE_PLAN.md	173	6.4	3,000	ORPHAN				- Root plus nested auto-loaded project instructions: **at most 3,000 tokens** for an ordinary webapp
docs/demo/WEBAPP_DESIGN.md	62	2	0.9365	VALUE_ONLY	nb4_results_three_axes.py:8.10 HER2+ AUC	y		**Why a spine at all:** the eyeball test needs a disease the audience knows cold. HER2+ reconstructs at AUC 0.
docs/demo/WEBAPP_DESIGN.md	67	2	12,272	ORPHAN				**The clinical sanity check, unprompted.** HER2+ breast carcinoma scores 12,272 candidates. Top 15:
docs/demo/WEBAPP_DESIGN.md	80	2	12,272	ORPHAN				The model was never told which gene this disease is named after. **ERBB2 lands at 14 of 12,272**, and the
docs/demo/WEBAPP_DESIGN.md	82	2	0.9365	VALUE_ONLY	nb4_results_three_axes.py:8.10 HER2+ AUC			**0.9365** on 599 known targets, **19.7×** enrichment at 50. A breast oncologist validates this in about
docs/demo/WEBAPP_DESIGN.md	82	2	19.7	ORPHAN				**0.9365** on 599 known targets, **19.7×** enrichment at 50. A breast oncologist validates this in about
docs/demo/WEBAPP_DESIGN.md	101	2	19.7	ORPHAN				**#61** and the head-of-list novel candidate is **HRAS at #9**; enrichment is equivalent (19.7× vs 19×),
docs/demo/WEBAPP_DESIGN.md	151	3.3	1,086	ORPHAN				Act 4 absorbs the existing hand-written webapp (`V2ZpfdV`, 1,086 lines): the disease picker, the
docs/demo/WEBAPP_DESIGN.md	168	3.4	0.8230	VALUE_ONLY	nb3_validation_and_plots.py:10.1 macro per-disease AUC			3. **A wrong number is visible in a diff.** A hard-coded `0.8230` in a reviewed file is safer than a
docs/demo/WEBAPP_DESIGN.md	227	4	113,391	ORPHAN				| Node inventory | treemap | **113,391** nodes over 8 types: disease 27,153 · biological_process 23,974 · gene
docs/demo/WEBAPP_DESIGN.md	227	4	27,153	ORPHAN				| Node inventory | treemap | **113,391** nodes over 8 types: disease 27,153 · biological_process 23,974 · gene
docs/demo/WEBAPP_DESIGN.md	227	4	23,974	ORPHAN				| Node inventory | treemap | **113,391** nodes over 8 types: disease 27,153 · biological_process 23,974 · gene
docs/demo/WEBAPP_DESIGN.md	227	4	20,861	ORPHAN				| Node inventory | treemap | **113,391** nodes over 8 types: disease 27,153 · biological_process 23,974 · gene
docs/demo/WEBAPP_DESIGN.md	227	4	19,120	ORPHAN				| Node inventory | treemap | **113,391** nodes over 8 types: disease 27,153 · biological_process 23,974 · gene
docs/demo/WEBAPP_DESIGN.md	227	4	10,041	ORPHAN				| Node inventory | treemap | **113,391** nodes over 8 types: disease 27,153 · biological_process 23,974 · gene
docs/demo/WEBAPP_DESIGN.md	227	4	5,282	ORPHAN				| Node inventory | treemap | **113,391** nodes over 8 types: disease 27,153 · biological_process 23,974 · gene
docs/demo/WEBAPP_DESIGN.md	227	4	4,077	ORPHAN				| Node inventory | treemap | **113,391** nodes over 8 types: disease 27,153 · biological_process 23,974 · gene
docs/demo/WEBAPP_DESIGN.md	227	4	2,883	ORPHAN				| Node inventory | treemap | **113,391** nodes over 8 types: disease 27,153 · biological_process 23,974 · gene
docs/demo/WEBAPP_DESIGN.md	228	4	2,851,510	ORPHAN				| Relation inventory | horizontal bars | **2,851,510** edges over **18** relations. Verified live against `GRA
docs/demo/WEBAPP_DESIGN.md	228	4	520,380	ORPHAN				| Relation inventory | horizontal bars | **2,851,510** edges over **18** relations. Verified live against `GRA
docs/demo/WEBAPP_DESIGN.md	228	4	487,054	ORPHAN				| Relation inventory | horizontal bars | **2,851,510** edges over **18** relations. Verified live against `GRA
docs/demo/WEBAPP_DESIGN.md	228	4	380,280	ORPHAN				| Relation inventory | horizontal bars | **2,851,510** edges over **18** relations. Verified live against `GRA
docs/demo/WEBAPP_DESIGN.md	228	4	378,888	ORPHAN				| Relation inventory | horizontal bars | **2,851,510** edges over **18** relations. Verified live against `GRA
docs/demo/WEBAPP_DESIGN.md	228	4	251,808	ORPHAN				| Relation inventory | horizontal bars | **2,851,510** edges over **18** relations. Verified live against `GRA
docs/demo/WEBAPP_DESIGN.md	228	4	186,806	ORPHAN				| Relation inventory | horizontal bars | **2,851,510** edges over **18** relations. Verified live against `GRA
docs/demo/WEBAPP_DESIGN.md	228	4	156,246	ORPHAN				| Relation inventory | horizontal bars | **2,851,510** edges over **18** relations. Verified live against `GRA
docs/demo/WEBAPP_DESIGN.md	229	4	520,380	ORPHAN				| **Every edge knows where it came from** | stacked bars | of 520,380 protein interactions: menche 189,982 · s
docs/demo/WEBAPP_DESIGN.md	229	4	189,982	ORPHAN				| **Every edge knows where it came from** | stacked bars | of 520,380 protein interactions: menche 189,982 · s
docs/demo/WEBAPP_DESIGN.md	229	4	151,254	ORPHAN				| **Every edge knows where it came from** | stacked bars | of 520,380 protein interactions: menche 189,982 · s
docs/demo/WEBAPP_DESIGN.md	229	4	92,536	ORPHAN				| **Every edge knows where it came from** | stacked bars | of 520,380 protein interactions: menche 189,982 · s
docs/demo/WEBAPP_DESIGN.md	229	4	54,554	ORPHAN				| **Every edge knows where it came from** | stacked bars | of 520,380 protein interactions: menche 189,982 · s
docs/demo/WEBAPP_DESIGN.md	229	4	28,478	ORPHAN				| **Every edge knows where it came from** | stacked bars | of 520,380 protein interactions: menche 189,982 · s
docs/demo/WEBAPP_DESIGN.md	229	4	2,714	ORPHAN				| **Every edge knows where it came from** | stacked bars | of 520,380 protein interactions: menche 189,982 · s
docs/demo/WEBAPP_DESIGN.md	229	4	86,608	ORPHAN				| **Every edge knows where it came from** | stacked bars | of 520,380 protein interactions: menche 189,982 · s
docs/demo/WEBAPP_DESIGN.md	229	4	16.6	ORPHAN				| **Every edge knows where it came from** | stacked bars | of 520,380 protein interactions: menche 189,982 · s
docs/demo/WEBAPP_DESIGN.md	230	4	323,786	ORPHAN				| **What "known target" actually means** | donut | of 323,786 annotated disease–gene edges: genetic_associatio
docs/demo/WEBAPP_DESIGN.md	230	4	171,810	ORPHAN				| **What "known target" actually means** | donut | of 323,786 annotated disease–gene edges: genetic_associatio
docs/demo/WEBAPP_DESIGN.md	230	4	150,266	ORPHAN				| **What "known target" actually means** | donut | of 323,786 annotated disease–gene edges: genetic_associatio
docs/demo/WEBAPP_DESIGN.md	230	4	1,710	ORPHAN				| **What "known target" actually means** | donut | of 323,786 annotated disease–gene edges: genetic_associatio
docs/demo/WEBAPP_DESIGN.md	231	4	0.13	ORPHAN			hist	| Accepted against a frozen reference | stat row | nodes −0.13%, edges −0.03%, **14 of 18 relations reproduce
docs/demo/WEBAPP_DESIGN.md	231	4	0.03	ORPHAN			hist	| Accepted against a frozen reference | stat row | nodes −0.13%, edges −0.03%, **14 of 18 relations reproduce
docs/demo/WEBAPP_DESIGN.md	234	4	844,166	ORPHAN				**The provenance data is two disjoint stories.** `edge_metadata`'s 844,166 rows split cleanly: 520,380
docs/demo/WEBAPP_DESIGN.md	234	4	520,380	ORPHAN				**The provenance data is two disjoint stories.** `edge_metadata`'s 844,166 rows split cleanly: 520,380
docs/demo/WEBAPP_DESIGN.md	235	4	323,786	ORPHAN				protein_protein rows carry `ppi_sources` with blank `datatypes`; 323,786 disease_protein rows carry the
docs/demo/WEBAPP_DESIGN.md	243	4	378,888	ORPHAN				⚠ **`disease_protein` has 378,888 edges but only 323,786 metadata rows** — 55,102 (14.5%) carry no
docs/demo/WEBAPP_DESIGN.md	243	4	323,786	ORPHAN				⚠ **`disease_protein` has 378,888 edges but only 323,786 metadata rows** — 55,102 (14.5%) carry no
docs/demo/WEBAPP_DESIGN.md	243	4	55,102	ORPHAN				⚠ **`disease_protein` has 378,888 edges but only 323,786 metadata rows** — 55,102 (14.5%) carry no
docs/demo/WEBAPP_DESIGN.md	243	4	14.5	ORPHAN				⚠ **`disease_protein` has 378,888 edges but only 323,786 metadata rows** — 55,102 (14.5%) carry no
docs/demo/WEBAPP_DESIGN.md	255	4	2,187,862	ORPHAN				| **Zero straddling keys — read this first** | table | 3 rows; all four overlap/straddling columns at **zero**
docs/demo/WEBAPP_DESIGN.md	255	4	3,958,921	ORPHAN				| **Zero straddling keys — read this first** | table | 3 rows; all four overlap/straddling columns at **zero**
docs/demo/WEBAPP_DESIGN.md	255	4	607,345	ORPHAN				| **Zero straddling keys — read this first** | table | 3 rows; all four overlap/straddling columns at **zero**
docs/demo/WEBAPP_DESIGN.md	256	4	0.8230	VALUE_ONLY	nb3_validation_and_plots.py:10.1 macro per-disease AUC	y		| The spread across 670 diseases | histogram, 20 bins | macro **0.8230**, median 0.8623, range 0.1045–0.9962 o
docs/demo/WEBAPP_DESIGN.md	256	4	0.8623	ORPHAN		y		| The spread across 670 diseases | histogram, 20 bins | macro **0.8230**, median 0.8623, range 0.1045–0.9962 o
docs/demo/WEBAPP_DESIGN.md	256	4	0.1045	ORPHAN		y		| The spread across 670 diseases | histogram, 20 bins | macro **0.8230**, median 0.8623, range 0.1045–0.9962 o
docs/demo/WEBAPP_DESIGN.md	256	4	0.9962	ORPHAN		y		| The spread across 670 diseases | histogram, 20 bins | macro **0.8230**, median 0.8623, range 0.1045–0.9962 o
docs/demo/WEBAPP_DESIGN.md	257	4	0.8009	VALUE_ONLY	nb3_validation_and_plots.py:7.3 per-family macro AUC	y		| It holds across 505 families | histogram, 20 bins | macro **0.8009** over the **503** that score |
docs/demo/WEBAPP_DESIGN.md	258	4	19.2	ORPHAN		y		| **Usefulness is not uniform** | box plot | rank enrichment median **19.2×**, quartiles **9.1–28.2×**, range
docs/demo/WEBAPP_DESIGN.md	258	4	28.2	ORPHAN		y		| **Usefulness is not uniform** | box plot | rank enrichment median **19.2×**, quartiles **9.1–28.2×**, range
docs/demo/WEBAPP_DESIGN.md	258	4	59.2	ORPHAN		y		| **Usefulness is not uniform** | box plot | rank enrichment median **19.2×**, quartiles **9.1–28.2×**, range
docs/demo/WEBAPP_DESIGN.md	259	4	0.9365	VALUE_ONLY	nb4_results_three_axes.py:8.10 HER2+ AUC	y		| Where your disease sits | marker on the histogram | HER2+ at **0.9365** — upper tail, stated as a *position
docs/demo/WEBAPP_DESIGN.md	273	4	0.8230	VALUE_ONLY	nb3_validation_and_plots.py:10.1 macro per-disease AUC	y		table — 670 `disease` rows and 443 `split_key` rows. Filtered: **0.8230**, the documented champion
docs/demo/WEBAPP_DESIGN.md	274	4	0.8157	ORPHAN				figure. Unfiltered: **0.8157**. A view without the filter is off by 73 basis points and looks fine.
docs/demo/WEBAPP_DESIGN.md	276	4	2.9	ORPHAN				cell lung carcinoma and 2.9× on chronic kidney disease"* — true **of the 13-persona panel**. Across
docs/demo/WEBAPP_DESIGN.md	277	4	19.2	ORPHAN				all 670 diseases the median `rank_enrichment` is **19.2×** and the max is **59.2×**. NSCLC is the
docs/demo/WEBAPP_DESIGN.md	277	4	59.2	ORPHAN				all 670 diseases the median `rank_enrichment` is **19.2×** and the max is **59.2×**. NSCLC is the
docs/demo/WEBAPP_DESIGN.md	282	4	0.8009	VALUE_ONLY	nb3_validation_and_plots.py:7.3 per-family macro AUC	y		each, so AUC is undefined. `nb3` uses pandas, which skips them, so the documented **0.8009 is a mean over
docs/demo/WEBAPP_DESIGN.md	294	4	0.9365	VALUE_ONLY	nb4_results_three_axes.py:8.10 HER2+ AUC	y		| The panel | table | 12 breast terms: pool, known targets, AUC, hits@50, enrichment, verdict. HER2+ 0.9365 /
docs/demo/WEBAPP_DESIGN.md	294	4	0.9337	ORPHAN		y		| The panel | table | 12 breast terms: pool, known targets, AUC, hits@50, enrichment, verdict. HER2+ 0.9365 /
docs/demo/WEBAPP_DESIGN.md	294	4	0.8949	ORPHAN		y		| The panel | table | 12 breast terms: pool, known targets, AUC, hits@50, enrichment, verdict. HER2+ 0.9365 /
docs/demo/WEBAPP_DESIGN.md	313	4	12,272	ORPHAN		y		| The ranked list | virtualised table | 12,272 rows, rank + percentile + score + SHAP drivers + status badges
docs/demo/WEBAPP_DESIGN.md	314	4	12,272	ORPHAN		y		| The validated filter | three checkboxes + live count | **12,272 → novel 11,673 → tractable 7,951 → not secre
docs/demo/WEBAPP_DESIGN.md	314	4	11,673	ORPHAN		y		| The validated filter | three checkboxes + live count | **12,272 → novel 11,673 → tractable 7,951 → not secre
docs/demo/WEBAPP_DESIGN.md	314	4	7,951	ORPHAN		y		| The validated filter | three checkboxes + live count | **12,272 → novel 11,673 → tractable 7,951 → not secre
docs/demo/WEBAPP_DESIGN.md	314	4	7,274	ORPHAN		y		| The validated filter | three checkboxes + live count | **12,272 → novel 11,673 → tractable 7,951 → not secre
docs/demo/WEBAPP_DESIGN.md	366	4	2.9	ORPHAN				| Fair fight, not a rigged one | **2.9× / 2.7× / 2.4×** at K=10/50/200 against **equally-connected** genes |
docs/demo/WEBAPP_DESIGN.md	366	4	2.7	ORPHAN				| Fair fight, not a rigged one | **2.9× / 2.7× / 2.4×** at K=10/50/200 against **equally-connected** genes |
docs/demo/WEBAPP_DESIGN.md	366	4	2.4	VALUE_ONLY	nb4_results_three_axes.py:8.4 pooled dm lift @200			| Fair fight, not a rigged one | **2.9× / 2.7× / 2.4×** at K=10/50/200 against **equally-connected** genes |
docs/demo/WEBAPP_DESIGN.md	368	4	0.59	VALUE_ONLY	nb3b_hub_bias_meter.py:7.2 champion Q1 probability	y		| The harder version | known targets only, by connectivity quintile: score 0.59 → 0.79, detection 17.3% → 57.0
docs/demo/WEBAPP_DESIGN.md	368	4	0.79	VALUE_ONLY	nb3b_hub_bias_meter.py:7.2 champion Q5 probability	y		| The harder version | known targets only, by connectivity quintile: score 0.59 → 0.79, detection 17.3% → 57.0
docs/demo/WEBAPP_DESIGN.md	368	4	17.3	VALUE_ONLY	nb6_interrogation_and_close.py:5.2 Q1 predicted-positive %	y		| The harder version | known targets only, by connectivity quintile: score 0.59 → 0.79, detection 17.3% → 57.0
docs/demo/WEBAPP_DESIGN.md	368	4	57.0	VALUE_ONLY	nb6_interrogation_and_close.py:5.2 Q5 predicted-positive %	y		| The harder version | known targets only, by connectivity quintile: score 0.59 → 0.79, detection 17.3% → 57.0
docs/demo/WEBAPP_DESIGN.md	368	4	3.3	VALUE_ONLY	nb4_results_three_axes.py:8.4 pooled dm lift @10	y		| The harder version | known targets only, by connectivity quintile: score 0.59 → 0.79, detection 17.3% → 57.0
docs/demo/WEBAPP_DESIGN.md	378	4	12,272	ORPHAN		y		| Delete the answer key | 12,272 scored → 599 known → **11,673** re-ranked |
docs/demo/WEBAPP_DESIGN.md	378	4	11,673	ORPHAN		y		| Delete the answer key | 12,272 scored → 599 known → **11,673** re-ranked |
docs/demo/WEBAPP_DESIGN.md	380	4	16.9	VALUE_ONLY	nb4_results_three_axes.py:8.3 approved lift@10	y		| Lift vs K, by ground truth | approved 16.9× → 5.0× ; investigational 7.4× → 4.0×, decaying to a ~4× floor |
docs/demo/WEBAPP_DESIGN.md	380	4	5.0	VALUE_ONLY	nb4_results_three_axes.py:8.3 approved lift@200	y		| Lift vs K, by ground truth | approved 16.9× → 5.0× ; investigational 7.4× → 4.0×, decaying to a ~4× floor |
docs/demo/WEBAPP_DESIGN.md	380	4	7.4	ORPHAN		y		| Lift vs K, by ground truth | approved 16.9× → 5.0× ; investigational 7.4× → 4.0×, decaying to a ~4× floor |
docs/demo/WEBAPP_DESIGN.md	380	4	4.0	VALUE_ONLY	nb7_panel_selection.py:7.4b breast leaves	y		| Lift vs K, by ground truth | approved 16.9× → 5.0× ; investigational 7.4× → 4.0×, decaying to a ~4× floor |
docs/demo/WEBAPP_DESIGN.md	381	4	16.9	VALUE_ONLY	nb4_results_three_axes.py:8.3 approved lift@10	y		| Where the mean comes from | the per-disease distribution behind 16.9× |
docs/demo/WEBAPP_DESIGN.md	383	4	16.9	VALUE_ONLY	nb4_results_three_axes.py:8.3 approved lift@10	y		**The distribution card is not optional.** 16.9× is a *mean of per-disease lifts on a heavy-tailed
docs/demo/WEBAPP_DESIGN.md	384	4	252.4	ORPHAN				distribution* — Sjögren syndrome alone is **252.4×** at top-10, and the notebook drops infinities before
docs/demo/WEBAPP_DESIGN.md	393	4	21.3	VALUE_ONLY	nb4_results_three_axes.py:8.3 curated>=0.8 lift@10			| Re-run on a curated source | **21.3×** vs 16.9× — the finding got **stronger** |
docs/demo/WEBAPP_DESIGN.md	393	4	16.9	VALUE_ONLY	nb4_results_three_axes.py:8.3 approved lift@10			| Re-run on a curated source | **21.3×** vs 16.9× — the finding got **stronger** |
docs/demo/WEBAPP_DESIGN.md	394	4	0.002	VALUE_ONLY	nb3_validation_and_plots.py:7.4 orthogonality pearson r	y		| Association ≠ therapeutic relevance | one point per disease, association AUC × therapeutic AUC. **r = +0.002
docs/demo/WEBAPP_DESIGN.md	431	4	3.16	VALUE_ONLY	nb6_interrogation_and_close.py:6.1 membrane receptor drug_lift			| "Use druggability as a model input" | two bars per class, **pointing opposite ways**. Membrane receptor: `dr
docs/demo/WEBAPP_DESIGN.md	431	4	0.78	VALUE_ONLY	nb6_interrogation_and_close.py:6.1 membrane receptor assoc_lift			| "Use druggability as a model input" | two bars per class, **pointing opposite ways**. Membrane receptor: `dr
docs/demo/WEBAPP_DESIGN.md	431	4	3.2	VALUE_ONLY	nb6_interrogation_and_close.py:6.1 membrane receptor drug_lift			| "Use druggability as a model input" | two bars per class, **pointing opposite ways**. Membrane receptor: `dr
docs/demo/WEBAPP_DESIGN.md	431	4	1.3	ORPHAN				| "Use druggability as a model input" | two bars per class, **pointing opposite ways**. Membrane receptor: `dr
docs/demo/WEBAPP_DESIGN.md	432	4	2.07	VALUE_ONLY	nb6_interrogation_and_close.py:6.1 lof_intolerant assoc_lift			| "Filter out genes the body cannot live without" | intolerant genes: `assoc_lift` **2.07**, `drug_lift` **1.3
docs/demo/WEBAPP_DESIGN.md	432	4	1.37	VALUE_ONLY	nb6_interrogation_and_close.py:6.1 lof_intolerant drug_lift			| "Filter out genes the body cannot live without" | intolerant genes: `assoc_lift` **2.07**, `drug_lift` **1.3
docs/demo/WEBAPP_DESIGN.md	433	4	4.62	VALUE_ONLY	nb6_interrogation_and_close.py:6.1 liability drug_lift			| "Exclude known safety liabilities" | flagged genes carry `drug_lift` **4.62** — liabilities are discovered *
docs/demo/WEBAPP_DESIGN.md	436	4	0.9354	ORPHAN				| The slide no vendor shows you | a lookup table — *"how many diseases is this gene already a drug target for"
docs/demo/WEBAPP_DESIGN.md	447	4	2.6	ORPHAN				genetically supported targets are 2.6× more likely to survive the clinic *(Minikel et al., Nature 2024)*.
docs/demo/WEBAPP_DESIGN.md	476	6	252.4	ORPHAN				| `AVG(lift_top10)` in a chart | Sjögren is 252.4× and the notebook drops infinities first | the aggregate car
docs/demo/WEBAPP_DESIGN.md	536	9.1	3.29	VALUE_ONLY	nb4_results_three_axes.py:8.4 pooled dm lift @10	y		| pooled degree-matched lift @10 | 3.29× | `nb6` §5.1, `nb4` §8.4 |
docs/demo/WEBAPP_DESIGN.md	537	9.1	2.42	VALUE_ONLY	nb4_results_three_axes.py:8.4 pooled dm lift @200	y		| pooled degree-matched lift @200 | 2.42× | same |
docs/demo/WEBAPP_DESIGN.md	538	9.1	3.11	VALUE_ONLY	nb4_results_three_axes.py:8.4 macro dm lift @10	y		| macro degree-matched lift @10 | 3.11× | same |
docs/demo/WEBAPP_DESIGN.md	542	9.1	0.59	VALUE_ONLY	nb3b_hub_bias_meter.py:7.2 champion Q1 probability	y		only — and the model still scores the lowest degree quintile 0.59 against 0.79 for the highest. The
docs/demo/WEBAPP_DESIGN.md	542	9.1	0.79	VALUE_ONLY	nb3b_hub_bias_meter.py:7.2 champion Q5 probability	y		only — and the model still scores the lowest degree quintile 0.59 against 0.79 for the highest. The
docs/demo/WEBAPP_DESIGN.md	548	9.2	0.8932	VALUE_ONLY	nb3_validation_and_plots.py:header pooled AUC	y		Pooled per-disease AUC reads **0.8932**; macro reads **0.8230**. The gap is ~7 points and it is not
docs/demo/WEBAPP_DESIGN.md	548	9.2	0.8230	VALUE_ONLY	nb3_validation_and_plots.py:10.1 macro per-disease AUC	y		Pooled per-disease AUC reads **0.8932**; macro reads **0.8230**. The gap is ~7 points and it is not
docs/demo/WEBAPP_DESIGN.md	556	9.3	0.8009	VALUE_ONLY	nb3_validation_and_plots.py:7.3 per-family macro AUC	y		label — and inflates the score. Family-level macro AUC across 505 families is **0.8009**, and zero
docs/demo/WEBAPP_DESIGN.md	565	9.4	0.9365	VALUE_ONLY	nb4_results_three_axes.py:8.10 HER2+ AUC	y		known targets at AUC **0.9365**; that is the number Act 4 is built to make visible, because a
docs/demo/WEBAPP_DESIGN.md	573	9.4	16.88	VALUE_ONLY	nb4_results_three_axes.py:8.3 approved lift@10			| approved drugs | 16.88× | 5.04× |
docs/demo/WEBAPP_DESIGN.md	573	9.4	5.04	VALUE_ONLY	nb4_results_three_axes.py:8.3 approved lift@200			| approved drugs | 16.88× | 5.04× |
docs/demo/WEBAPP_DESIGN.md	574	9.4	8.85	VALUE_ONLY	nb4_results_three_axes.py:8.3 investigational lift@10			| drugs in trials | 8.85× | — |
docs/demo/WEBAPP_DESIGN.md	575	9.4	21.32	VALUE_ONLY	nb4_results_three_axes.py:8.3 curated>=0.8 lift@10			| curated target–disease | 21.32× | 5.23× |
docs/demo/WEBAPP_DESIGN.md	575	9.4	5.23	VALUE_ONLY	nb4_results_three_axes.py:8.3 curated>=0.8 lift@200			| curated target–disease | 21.32× | 5.23× |
docs/demo/WEBAPP_DESIGN.md	598	9.5	0.78	VALUE_ONLY	nb6_interrogation_and_close.py:6.1 membrane receptor assoc_lift			| membrane receptor as a feature | 0.78× | 3.16× | REJECTED — the model would learn "score lower" |
docs/demo/WEBAPP_DESIGN.md	598	9.5	3.16	VALUE_ONLY	nb6_interrogation_and_close.py:6.1 membrane receptor drug_lift			| membrane receptor as a feature | 0.78× | 3.16× | REJECTED — the model would learn "score lower" |
docs/demo/WEBAPP_DESIGN.md	599	9.5	11.89	VALUE_ONLY	nb6_interrogation_and_close.py:6.1 ion channel drug_lift			| ion channel *(same shape, larger)* | — | 11.89× | — |
docs/demo/WEBAPP_DESIGN.md	600	9.5	2.07	VALUE_ONLY	nb6_interrogation_and_close.py:6.1 lof_intolerant assoc_lift			| filter out LoF-intolerant genes | 2.07× | 1.37× | REJECTED — enriched on **both** |
docs/demo/WEBAPP_DESIGN.md	600	9.5	1.37	VALUE_ONLY	nb6_interrogation_and_close.py:6.1 lof_intolerant drug_lift			| filter out LoF-intolerant genes | 2.07× | 1.37× | REJECTED — enriched on **both** |
docs/demo/WEBAPP_DESIGN.md	601	9.5	4.62	VALUE_ONLY	nb6_interrogation_and_close.py:6.1 liability drug_lift			| exclude safety liabilities | — | 4.62× | REJECTED — the flag marks the best-studied targets |
docs/demo/WEBAPP_DESIGN.md	604	9.5	907,246	VALUE_ONLY	nb6_interrogation_and_close.py:6.0 lift base rows			907,246 scored pairs belonging to diseases with at least one drug-validated target. Measuring them on
docs/demo/WEBAPP_DESIGN.md	612	9.6	0.002	VALUE_ONLY	nb3_validation_and_plots.py:7.4 orthogonality pearson r	y		Association AUC and drug-target AUC are uncorrelated across diseases: r = **+0.002**, R² = **0.0000**.
docs/demo/WEBAPP_DESIGN.md	612	9.6	0.0000	VALUE_ONLY	nb2_splitting_and_pool.py:5.4 	y		Association AUC and drug-target AUC are uncorrelated across diseases: r = **+0.002**, R² = **0.0000**.
docs/demo/WEBAPP_DESIGN.md	636	11	87.5	ORPHAN				- **Do not quote 82% / 8% for ground-truth inflation.** Measured at source it is ~87.5% / ~12.5%, on a
docs/demo/WEBAPP_DESIGN.md	636	11	12.5	ORPHAN				- **Do not quote 82% / 8% for ground-truth inflation.** Measured at source it is ~87.5% / ~12.5%, on a
docs/demo/panel_selection/README.md	37	-	0.40	ORPHAN				| `subtype_overlap.csv` + summary | 47 + 5 | Overlap on the **curated leaf sets** — breast 0.40 / uterine 0.49
docs/demo/panel_selection/README.md	37	-	0.49	ORPHAN				| `subtype_overlap.csv` + summary | 47 + 5 | Overlap on the **curated leaf sets** — breast 0.40 / uterine 0.49
docs/demo/panel_selection/README.md	37	-	0.35	ORPHAN				| `subtype_overlap.csv` + summary | 47 + 5 | Overlap on the **curated leaf sets** — breast 0.40 / uterine 0.49
docs/demo/panel_selection/README.md	56	-	0.402	ORPHAN				| breast | 0.402 | 0.430 |
docs/demo/panel_selection/README.md	56	-	0.430	VALUE_ONLY	nb7_panel_selection.py:7.4 breast mean overlap			| breast | 0.402 | 0.430 |
docs/demo/panel_selection/README.md	57	-	0.494	ORPHAN				| uterine | 0.494 | 0.478 |
docs/demo/panel_selection/README.md	57	-	0.478	VALUE_ONLY	nb7_panel_selection.py:7.4 uterine mean overlap			| uterine | 0.494 | 0.478 |
docs/demo/panel_selection/README.md	58	-	0.350	ORPHAN				| stomach | 0.350 | 0.451 |
docs/demo/panel_selection/README.md	58	-	0.451	VALUE_ONLY	nb7_panel_selection.py:7.4 stomach mean overlap			| stomach | 0.350 | 0.451 |
docs/demo/panel_selection/README.md	63	-	0.961	ORPHAN				`gastric adenocarcinoma` shares 0.961 of its top 50 with its parent `gastric carcinoma`.
docs/demo/panel_selection/README.md	65	-	0.350	ORPHAN		y		way: Spearman −0.350 over the 148 shipped pairs.
docs/demo/panel_selection/README.md	70	-	0.749	ORPHAN				triple-negative breast has 8 positives and an interval of 0.749–1.041. A subtype under the
docs/demo/panel_selection/README.md	70	-	1.041	ORPHAN				triple-negative breast has 8 positives and an interval of 0.749–1.041. A subtype under the
docs/demo/panel_selection/README.md	75	-	0.887	ORPHAN				members are clinically. Lung is the case in point: adenocarcinoma vs squamous is 0.887.
docs/graph/GRAPH_BUILDING.md	15	-	113,391	ORPHAN				> **Status: complete.** 113,391 nodes / 2,851,510 edges / 18 relations, rebuilt from source and
docs/graph/GRAPH_BUILDING.md	15	-	2,851,510	ORPHAN				> **Status: complete.** 113,391 nodes / 2,851,510 edges / 18 relations, rebuilt from source and
docs/graph/GRAPH_BUILDING.md	48	2	25,906	ORPHAN			hist	| **MONDO** (`MONDO.obo`) | disease backbone + cross-reference hub | `disease` (25,906 MONDO + 1,247 grouped)
docs/graph/GRAPH_BUILDING.md	48	2	1,247	ORPHAN			hist	| **MONDO** (`MONDO.obo`) | disease backbone + cross-reference hub | `disease` (25,906 MONDO + 1,247 grouped)
docs/graph/GRAPH_BUILDING.md	49	2	26.06	ORPHAN				| **Open Targets** (26.06) | gene–disease associations + the entire drug layer | `drug` (5,282) | `disease_pro
docs/graph/GRAPH_BUILDING.md	49	2	5,282	ORPHAN				| **Open Targets** (26.06) | gene–disease associations + the entire drug layer | `drug` (5,282) | `disease_pro
docs/graph/GRAPH_BUILDING.md	50	2	20,861	ORPHAN				| **PPI: Menche + HuRI + STRING** | protein interactome, merged with provenance retained | `gene/protein` (20,
docs/graph/GRAPH_BUILDING.md	51	2	2,883	ORPHAN				| **Reactome** | curated pathways | `pathway` (2,883) | `pathway_protein`, `pathway_pathway` |
docs/graph/GRAPH_BUILDING.md	52	2	23,974	ORPHAN				| **GO + NCBI `gene2go`** | functional annotation, 3 namespaces | `biological_process` (23,974), `molecular_fu
docs/graph/GRAPH_BUILDING.md	52	2	10,041	ORPHAN				| **GO + NCBI `gene2go`** | functional annotation, 3 namespaces | `biological_process` (23,974), `molecular_fu
docs/graph/GRAPH_BUILDING.md	52	2	4,077	ORPHAN				| **GO + NCBI `gene2go`** | functional annotation, 3 namespaces | `biological_process` (23,974), `molecular_fu
docs/graph/GRAPH_BUILDING.md	53	2	19,120	ORPHAN				| **HPO** (`hp.obo`, `phenotype.hpoa`, `genes_to_phenotype`) | phenotype layer | `effect/phenotype` (19,120) |
docs/graph/GRAPH_BUILDING.md	84	2.2	26.06	ORPHAN				| Open Targets | **26.06** | **yes**, in the path | — |
docs/graph/GRAPH_BUILDING.md	104	2.2	38,092	ORPHAN			hist	**⚠ GO has already drifted, and the frozen reference is the stale side.** Both projects hold 38,092
docs/graph/GRAPH_BUILDING.md	105	2.2	38,245	ORPHAN			hist	GO terms, but the reference's `graph_nodes` carries **38,245** GO nodes — 153 more than any GO
docs/graph/GRAPH_BUILDING.md	128	3	113,391	ORPHAN				key. Verified by two independent full builds producing byte-identical indices across all 113,391
docs/graph/GRAPH_BUILDING.md	135	3	113,391	ORPHAN			hist	> 1. **The origin.** This project is **1-based** (1…113,391); the reference is **0-based**
docs/graph/GRAPH_BUILDING.md	136	3	113,543	ORPHAN				> (0…113,543), as is the published schema — the Window row number starts at 1.
docs/graph/GRAPH_BUILDING.md	162	3.2	1,247	ORPHAN				empty body. It is **load-bearing**: it creates the 1,247 grouped disease nodes, which are 883 of the
docs/graph/GRAPH_BUILDING.md	163	3.2	6,821	ORPHAN				6,821 modelled diseases and 115 of 588 scored validation diseases. Deleting the recipe would remove
docs/graph/GRAPH_BUILDING.md	166	3.2	6,392	ORPHAN				**Fix in place:** the recipe reads a 6,392-row snapshot from the `raw_files` managed folder via a
docs/graph/GRAPH_BUILDING.md	237	4.4	1,474,753	ORPHAN				| 1 | `stack_edge_sources` | **Stack** (12 in) | union the 12 edge tables, deduplicate, drop self-loops | `kg_
docs/graph/GRAPH_BUILDING.md	238	4.4	2,854,754	ORPHAN				| 2 | `compute_kg_edges` | Python (8 in) | reverse-all, attach names, ground, disease grouping, giant componen
docs/graph/GRAPH_BUILDING.md	238	4.4	113,391	ORPHAN				| 2 | `compute_kg_edges` | Python (8 in) | reverse-all, attach names, ground, disease grouping, giant componen
docs/graph/GRAPH_BUILDING.md	239	4.4	113,391	ORPHAN				| 3 | `assign_node_index` | **Window** | `node_index` over an explicit sort | `graph_nodes` — 113,391 |
docs/graph/GRAPH_BUILDING.md	240	4.4	2,854,754	ORPHAN				| 4 | `attach_node_index` | Python (3 in) | join indices back onto both endpoints | `kg` 2,854,754 · `graph_ed
docs/graph/GRAPH_BUILDING.md	240	4.4	2,851,510	ORPHAN				| 4 | `attach_node_index` | Python (3 in) | join indices back onto both endpoints | `kg` 2,854,754 · `graph_ed
docs/graph/GRAPH_BUILDING.md	240	4.4	844,166	ORPHAN				| 4 | `attach_node_index` | Python (3 in) | join indices back onto both endpoints | `kg` 2,854,754 · `graph_ed
docs/graph/GRAPH_BUILDING.md	268	4.5	983,040	ORPHAN				983,040 unresolved rows and produced no error.
docs/graph/GRAPH_BUILDING.md	275	4.5	18,950	ORPHAN				produced 18,950 duplicates.
docs/graph/GRAPH_BUILDING.md	335	7.1	27,153	ORPHAN				| disease | 27,153 | disease ontology (25,906 + 1,247 grouped) |
docs/graph/GRAPH_BUILDING.md	335	7.1	25,906	ORPHAN				| disease | 27,153 | disease ontology (25,906 + 1,247 grouped) |
docs/graph/GRAPH_BUILDING.md	335	7.1	1,247	ORPHAN				| disease | 27,153 | disease ontology (25,906 + 1,247 grouped) |
docs/graph/GRAPH_BUILDING.md	336	7.1	23,974	ORPHAN				| biological_process | 23,974 | function ontology |
docs/graph/GRAPH_BUILDING.md	337	7.1	20,861	ORPHAN				| gene/protein | 20,861 | gene vocabulary |
docs/graph/GRAPH_BUILDING.md	338	7.1	19,120	ORPHAN				| effect/phenotype | 19,120 | phenotype ontology |
docs/graph/GRAPH_BUILDING.md	339	7.1	10,041	ORPHAN				| molecular_function | 10,041 | function ontology |
docs/graph/GRAPH_BUILDING.md	340	7.1	5,282	ORPHAN			hist	| drug | 5,282 | drug layer via cross-reference |
docs/graph/GRAPH_BUILDING.md	341	7.1	4,077	ORPHAN				| cellular_component | 4,077 | function ontology |
docs/graph/GRAPH_BUILDING.md	342	7.1	2,883	ORPHAN				| pathway | 2,883 | pathway database |
docs/graph/GRAPH_BUILDING.md	343	7.1	113,391	ORPHAN				| **Total** | **113,391** | |
docs/graph/GRAPH_BUILDING.md	347	7.1	520,380	ORPHAN				| protein_protein | 520,380 | three interactomes merged; sources retained in `edge_metadata` |
docs/graph/GRAPH_BUILDING.md	348	7.1	487,054	ORPHAN				| phenotype_protein | 487,054 | phenotype gene links |
docs/graph/GRAPH_BUILDING.md	349	7.1	380,280	ORPHAN				| disease_phenotype_positive | 380,280 | phenotype annotations |
docs/graph/GRAPH_BUILDING.md	350	7.1	378,888	ORPHAN				| disease_protein | 378,888 | genetic association + somatic mutation @ ≥ 0.3 |
docs/graph/GRAPH_BUILDING.md	351	7.1	251,808	ORPHAN				| bioprocess_protein | 251,808 | function ontology + gene annotation |
docs/graph/GRAPH_BUILDING.md	352	7.1	186,806	ORPHAN				| cellcomp_protein | 186,806 | as above |
docs/graph/GRAPH_BUILDING.md	353	7.1	156,246	ORPHAN				| molfunc_protein | 156,246 | as above |
docs/graph/GRAPH_BUILDING.md	354	7.1	129,606	ORPHAN				| disease_disease | 129,606 | disease hierarchy |
docs/graph/GRAPH_BUILDING.md	355	7.1	97,618	ORPHAN				| pathway_protein | 97,618 | pathway database |
docs/graph/GRAPH_BUILDING.md	356	7.1	80,972	ORPHAN				| bioprocess_bioprocess | 80,972 | function hierarchy |
docs/graph/GRAPH_BUILDING.md	357	7.1	69,682	ORPHAN				| drug_investigated_for | 69,682 | clinical indication, in-trial stages |
docs/graph/GRAPH_BUILDING.md	358	7.1	45,912	ORPHAN				| phenotype_phenotype | 45,912 | phenotype hierarchy |
docs/graph/GRAPH_BUILDING.md	359	7.1	24,548	ORPHAN				| molfunc_molfunc | 24,548 | function hierarchy |
docs/graph/GRAPH_BUILDING.md	360	7.1	15,918	ORPHAN				| drug_protein | 15,918 | mechanism of action |
docs/graph/GRAPH_BUILDING.md	361	7.1	9,418	ORPHAN				| indication | 9,418 | clinical indication, approved stages |
docs/graph/GRAPH_BUILDING.md	362	7.1	9,392	ORPHAN				| cellcomp_cellcomp | 9,392 | function hierarchy |
docs/graph/GRAPH_BUILDING.md	363	7.1	5,798	ORPHAN				| pathway_pathway | 5,798 | pathway hierarchy |
docs/graph/GRAPH_BUILDING.md	364	7.1	1,184	ORPHAN				| disease_phenotype_negative | 1,184 | phenotype annotations, negation qualifier |
docs/graph/GRAPH_BUILDING.md	365	7.1	2,851,510	ORPHAN				| **Total** | **2,851,510** | undirected; reverse edges included |
docs/graph/GRAPH_BUILDING.md	368	7.1	2,854,754	ORPHAN				every sampled relation. `kg` holds 2,854,754 rows — 3,244 more than `graph_edges`, which are
docs/graph/GRAPH_BUILDING.md	368	7.1	3,244	ORPHAN				every sampled relation. `kg` holds 2,854,754 rows — 3,244 more than `graph_edges`, which are
docs/graph/GRAPH_BUILDING.md	379	7.2	113,544	ORPHAN				| `graph_nodes` | 113,544 | 113,391 | **−153 (−0.13%)** |
docs/graph/GRAPH_BUILDING.md	379	7.2	113,391	ORPHAN				| `graph_nodes` | 113,544 | 113,391 | **−153 (−0.13%)** |
docs/graph/GRAPH_BUILDING.md	379	7.2	0.13	ORPHAN				| `graph_nodes` | 113,544 | 113,391 | **−153 (−0.13%)** |
docs/graph/GRAPH_BUILDING.md	380	7.2	2,852,298	ORPHAN				| `graph_edges` | 2,852,298 | 2,851,510 | **−788 (−0.03%)** |
docs/graph/GRAPH_BUILDING.md	380	7.2	2,851,510	ORPHAN				| `graph_edges` | 2,852,298 | 2,851,510 | **−788 (−0.03%)** |
docs/graph/GRAPH_BUILDING.md	380	7.2	0.03	ORPHAN				| `graph_edges` | 2,852,298 | 2,851,510 | **−788 (−0.03%)** |
docs/graph/GRAPH_BUILDING.md	381	7.2	2,855,542	ORPHAN				| `kg` | 2,855,542 | 2,854,754 | −788 |
docs/graph/GRAPH_BUILDING.md	381	7.2	2,854,754	ORPHAN				| `kg` | 2,855,542 | 2,854,754 | −788 |
docs/graph/GRAPH_BUILDING.md	382	7.2	844,166	ORPHAN				| `edge_metadata` | 844,166 | 844,166 | **0** |
docs/graph/GRAPH_BUILDING.md	387	7.2	25,906	ORPHAN				are identical **to the row** — disease 25,906 + 1,247, gene 20,861, phenotype 19,120, drug 5,282,
docs/graph/GRAPH_BUILDING.md	387	7.2	1,247	ORPHAN				are identical **to the row** — disease 25,906 + 1,247, gene 20,861, phenotype 19,120, drug 5,282,
docs/graph/GRAPH_BUILDING.md	387	7.2	20,861	ORPHAN				are identical **to the row** — disease 25,906 + 1,247, gene 20,861, phenotype 19,120, drug 5,282,
docs/graph/GRAPH_BUILDING.md	387	7.2	19,120	ORPHAN				are identical **to the row** — disease 25,906 + 1,247, gene 20,861, phenotype 19,120, drug 5,282,
docs/graph/GRAPH_BUILDING.md	387	7.2	5,282	ORPHAN				are identical **to the row** — disease 25,906 + 1,247, gene 20,861, phenotype 19,120, drug 5,282,
docs/graph/GRAPH_BUILDING.md	388	7.2	2,883	ORPHAN				pathway 2,883. On the edge side **14 of 18 relations reproduce exactly**, including all five of the
docs/graph/GRAPH_BUILDING.md	408	7.3	28,642	ORPHAN				| Biological process | 28,642 | 23,974 | close |
docs/graph/GRAPH_BUILDING.md	408	7.3	23,974	ORPHAN				| Biological process | 28,642 | 23,974 | close |
docs/graph/GRAPH_BUILDING.md	409	7.3	27,671	ORPHAN				| Protein | 27,671 | 20,861 | no anatomy/exposure proteins |
docs/graph/GRAPH_BUILDING.md	409	7.3	20,861	ORPHAN				| Protein | 27,671 | 20,861 | no anatomy/exposure proteins |
docs/graph/GRAPH_BUILDING.md	410	7.3	17,080	ORPHAN				| Disease | 17,080 | 27,153 | higher — full ontology, less grouping |
docs/graph/GRAPH_BUILDING.md	410	7.3	27,153	ORPHAN				| Disease | 17,080 | 27,153 | higher — full ontology, less grouping |
docs/graph/GRAPH_BUILDING.md	411	7.3	15,311	ORPHAN				| Phenotype | 15,311 | 19,120 | higher — full ontology |
docs/graph/GRAPH_BUILDING.md	411	7.3	19,120	ORPHAN				| Phenotype | 15,311 | 19,120 | higher — full ontology |
docs/graph/GRAPH_BUILDING.md	412	7.3	14,035	ORPHAN				| Anatomy | 14,035 | 0 | not built |
docs/graph/GRAPH_BUILDING.md	413	7.3	11,169	ORPHAN				| Molecular function | 11,169 | 10,041 | close |
docs/graph/GRAPH_BUILDING.md	413	7.3	10,041	ORPHAN				| Molecular function | 11,169 | 10,041 | close |
docs/graph/GRAPH_BUILDING.md	414	7.3	7,957	ORPHAN			hist	| Drug | 7,957 | 5,282 | only drugs with a cross-reference |
docs/graph/GRAPH_BUILDING.md	414	7.3	5,282	ORPHAN			hist	| Drug | 7,957 | 5,282 | only drugs with a cross-reference |
docs/graph/GRAPH_BUILDING.md	415	7.3	4,176	ORPHAN				| Cellular component | 4,176 | 4,077 | close |
docs/graph/GRAPH_BUILDING.md	415	7.3	4,077	ORPHAN				| Cellular component | 4,176 | 4,077 | close |
docs/graph/GRAPH_BUILDING.md	416	7.3	2,516	ORPHAN				| Pathway | 2,516 | 2,883 | close |
docs/graph/GRAPH_BUILDING.md	416	7.3	2,883	ORPHAN				| Pathway | 2,516 | 2,883 | close |
docs/graph/GRAPH_BUILDING.md	418	7.3	129,375	ORPHAN				| **Total** | **129,375** | **113,391** | |
docs/graph/GRAPH_BUILDING.md	418	7.3	113,391	ORPHAN				| **Total** | **129,375** | **113,391** | |
docs/graph/GRAPH_BUILDING.md	422	7.3	3,076,180	ORPHAN				| anatomy–protein | 3,076,180 | 0 | not built |
docs/graph/GRAPH_BUILDING.md	423	7.3	2,672,628	ORPHAN				| drug–drug | 2,672,628 | 0 | out of scope |
docs/graph/GRAPH_BUILDING.md	424	7.3	642,150	ORPHAN				| protein–protein | 642,150 | 520,380 | **gap closed** — was 276k with one source |
docs/graph/GRAPH_BUILDING.md	424	7.3	520,380	ORPHAN				| protein–protein | 642,150 | 520,380 | **gap closed** — was 276k with one source |
docs/graph/GRAPH_BUILDING.md	425	7.3	300,634	ORPHAN				| disease–phenotype (pos) | 300,634 | 380,280 | higher — full ontology |
docs/graph/GRAPH_BUILDING.md	425	7.3	380,280	ORPHAN				| disease–phenotype (pos) | 300,634 | 380,280 | higher — full ontology |
docs/graph/GRAPH_BUILDING.md	426	7.3	289,610	ORPHAN				| biological process–protein | 289,610 | 251,808 | close |
docs/graph/GRAPH_BUILDING.md	426	7.3	251,808	ORPHAN				| biological process–protein | 289,610 | 251,808 | close |
docs/graph/GRAPH_BUILDING.md	427	7.3	166,804	ORPHAN				| cellular component–protein | 166,804 | 186,806 | close |
docs/graph/GRAPH_BUILDING.md	427	7.3	186,806	ORPHAN				| cellular component–protein | 166,804 | 186,806 | close |
docs/graph/GRAPH_BUILDING.md	428	7.3	160,822	ORPHAN				| disease–protein | 160,822 | 378,888 | higher — genetic + somatic |
docs/graph/GRAPH_BUILDING.md	428	7.3	378,888	ORPHAN				| disease–protein | 160,822 | 378,888 | higher — genetic + somatic |
docs/graph/GRAPH_BUILDING.md	429	7.3	139,060	ORPHAN				| molecular function–protein | 139,060 | 156,246 | close |
docs/graph/GRAPH_BUILDING.md	429	7.3	156,246	ORPHAN				| molecular function–protein | 139,060 | 156,246 | close |
docs/graph/GRAPH_BUILDING.md	430	7.3	129,568	ORPHAN				| drug–phenotype | 129,568 | 0 | not built |
docs/graph/GRAPH_BUILDING.md	431	7.3	105,772	ORPHAN				| bioprocess–bioprocess | 105,772 | 80,972 | close |
docs/graph/GRAPH_BUILDING.md	431	7.3	80,972	ORPHAN				| bioprocess–bioprocess | 105,772 | 80,972 | close |
docs/graph/GRAPH_BUILDING.md	432	7.3	85,292	ORPHAN				| pathway–protein | 85,292 | 97,618 | close |
docs/graph/GRAPH_BUILDING.md	432	7.3	97,618	ORPHAN				| pathway–protein | 85,292 | 97,618 | close |
docs/graph/GRAPH_BUILDING.md	433	7.3	64,388	ORPHAN				| disease–disease | 64,388 | 129,606 | higher — ontology version |
docs/graph/GRAPH_BUILDING.md	433	7.3	129,606	ORPHAN				| disease–disease | 64,388 | 129,606 | higher — ontology version |
docs/graph/GRAPH_BUILDING.md	434	7.3	61,350	ORPHAN				| drug–disease (contraindication) | 61,350 | 0 | source not built |
docs/graph/GRAPH_BUILDING.md	435	7.3	51,306	ORPHAN				| drug–protein | 51,306 | 15,918 | mechanism-of-action only vs all roles |
docs/graph/GRAPH_BUILDING.md	435	7.3	15,918	ORPHAN				| drug–protein | 51,306 | 15,918 | mechanism-of-action only vs all roles |
docs/graph/GRAPH_BUILDING.md	436	7.3	37,472	ORPHAN				| phenotype–phenotype | 37,472 | 45,912 | close |
docs/graph/GRAPH_BUILDING.md	436	7.3	45,912	ORPHAN				| phenotype–phenotype | 37,472 | 45,912 | close |
docs/graph/GRAPH_BUILDING.md	437	7.3	27,148	ORPHAN				| molfunc–molfunc | 27,148 | 24,548 | close |
docs/graph/GRAPH_BUILDING.md	437	7.3	24,548	ORPHAN				| molfunc–molfunc | 27,148 | 24,548 | close |
docs/graph/GRAPH_BUILDING.md	438	7.3	18,776	ORPHAN				| drug–disease (indication) | 18,776 | 9,418 | approved stages only |
docs/graph/GRAPH_BUILDING.md	438	7.3	9,418	ORPHAN				| drug–disease (indication) | 18,776 | 9,418 | approved stages only |
docs/graph/GRAPH_BUILDING.md	439	7.3	69,682	ORPHAN				| drug–disease (investigational) | — | 69,682 | **no published equivalent** |
docs/graph/GRAPH_BUILDING.md	440	7.3	9,690	ORPHAN				| cellcomp–cellcomp | 9,690 | 9,392 | close |
docs/graph/GRAPH_BUILDING.md	440	7.3	9,392	ORPHAN				| cellcomp–cellcomp | 9,690 | 9,392 | close |
docs/graph/GRAPH_BUILDING.md	441	7.3	6,660	ORPHAN				| phenotype–protein | 6,660 | 487,054 | **far higher** — the phenotype project's own gene file is much denser
docs/graph/GRAPH_BUILDING.md	441	7.3	487,054	ORPHAN				| phenotype–protein | 6,660 | 487,054 | **far higher** — the phenotype project's own gene file is much denser
docs/graph/GRAPH_BUILDING.md	442	7.3	5,070	ORPHAN				| pathway–pathway | 5,070 | 5,798 | close |
docs/graph/GRAPH_BUILDING.md	442	7.3	5,798	ORPHAN				| pathway–pathway | 5,070 | 5,798 | close |
docs/graph/GRAPH_BUILDING.md	443	7.3	2,386	ORPHAN				| disease–phenotype (neg) | 2,386 | 1,184 | lower |
docs/graph/GRAPH_BUILDING.md	443	7.3	1,184	ORPHAN				| disease–phenotype (neg) | 2,386 | 1,184 | lower |
docs/graph/GRAPH_BUILDING.md	444	7.3	8,100,498	ORPHAN				| **Total** | **8,100,498** | **2,851,510** | |
docs/graph/GRAPH_BUILDING.md	444	7.3	2,851,510	ORPHAN				| **Total** | **8,100,498** | **2,851,510** | |
docs/graph/GRAPH_BUILDING.md	470	7.3	113,391	ORPHAN				| 2026-08-14 | **Assembly decomposed into 4 recipes**, two visual (§4.4). All outputs reproduce the monolith e
docs/graph/GRAPH_BUILDING.md	473	7.3	0.03	ORPHAN			hist	| 2026-08-14 | **Reconstruction accepted** (§7.2). 7 of 9 node groups and 14 of 18 relations reproduce **to th
docs/operations/PHASE_0_BASELINE_2026-08-28.md	37	-	433,238	ORPHAN				| Current documentation | 15 | 433,238 | `docs/`, excluding the restructure plan and `archive/` |
docs/operations/PHASE_0_BASELINE_2026-08-28.md	38	-	19,082	ORPHAN				| Current planning | 1 | 19,082 | `docs/demo/DOC_RESTRUCTURE_PLAN.md` |
docs/operations/PHASE_0_BASELINE_2026-08-28.md	39	-	90,542	ORPHAN				| Decision log | 1 | 90,542 | root `DECISIONS.md` |
docs/operations/PHASE_0_BASELINE_2026-08-28.md	40	-	147,883	ORPHAN			hist	| Historical archive | 2 | 147,883 | `archive/` Markdown before this Phase 0 record |
docs/operations/PHASE_0_BASELINE_2026-08-28.md	41	-	70,166	ORPHAN				| Harness material | 8 | 70,166 | root/nested instructions plus Codex/Claude target-ID skill Markdown; symlink
docs/operations/PHASE_0_BASELINE_2026-08-28.md	42	-	5,690	ORPHAN				| Evidence support | 1 | 5,690 | `notebooks/README.md` |
docs/operations/PHASE_0_BASELINE_2026-08-28.md	43	-	62,965	ORPHAN				| Supporting webapp material | 3 | 62,965 | remaining tracked Markdown outside the areas above |
docs/operations/PHASE_0_BASELINE_2026-08-28.md	44	-	829,566	ORPHAN				| **Total** | **31** | **829,566** | all tracked Markdown |
docs/operations/PHASE_0_BASELINE_2026-08-28.md	48	-	644,851	ORPHAN				At the capture, `.index/` held 14 regular files / 644,851 bytes: seven TSV indexes (2,984 data-plus-header row
docs/operations/PHASE_0_BASELINE_2026-08-28.md	48	-	2,984	ORPHAN				At the capture, `.index/` held 14 regular files / 644,851 bytes: seven TSV indexes (2,984 data-plus-header row
docs/operations/PHASE_0_BASELINE_2026-08-28.md	48	-	405,626	ORPHAN				At the capture, `.index/` held 14 regular files / 644,851 bytes: seven TSV indexes (2,984 data-plus-header row
docs/operations/PHASE_0_BASELINE_2026-08-28.md	48	-	227,966	ORPHAN				At the capture, `.index/` held 14 regular files / 644,851 bytes: seven TSV indexes (2,984 data-plus-header row
docs/operations/PHASE_0_BASELINE_2026-08-28.md	48	-	11,259	ORPHAN				At the capture, `.index/` held 14 regular files / 644,851 bytes: seven TSV indexes (2,984 data-plus-header row
docs/operations/PHASE_0_BASELINE_2026-08-28.md	52	-	11,497	ORPHAN				| `assertions.tsv` | 200 | 11,497 | generated 2026-08-28 12:18:56Z |
docs/operations/PHASE_0_BASELINE_2026-08-28.md	53	-	2,129	ORPHAN				| `claims.tsv` | 2,129 | 334,823 | generated 2026-08-28 12:18:56Z; **stale** against the pre-existing approval
docs/operations/PHASE_0_BASELINE_2026-08-28.md	53	-	334,823	ORPHAN				| `claims.tsv` | 2,129 | 334,823 | generated 2026-08-28 12:18:56Z; **stale** against the pre-existing approval
docs/operations/PHASE_0_BASELINE_2026-08-28.md	54	-	10,051	ORPHAN				| `code.tsv` | 108 | 10,051 | generated 2026-08-28 12:19:07Z |
docs/operations/PHASE_0_BASELINE_2026-08-28.md	55	-	14,923	ORPHAN				| `decisions.tsv` | 159 | 14,923 | generated 2026-08-28 12:18:56Z |
docs/operations/PHASE_0_BASELINE_2026-08-28.md	56	-	20,221	ORPHAN				| `features.tsv` | 284 | 20,221 | generated 2026-08-28 12:19:07Z |
docs/operations/PHASE_0_BASELINE_2026-08-28.md	57	-	2,320	ORPHAN				| `models.tsv` | 9 | 2,320 | generated 2026-08-28 12:19:07Z |
docs/operations/PHASE_0_BASELINE_2026-08-28.md	58	-	11,791	ORPHAN				| `recipes.tsv` | 95 | 11,791 | generated 2026-08-28 12:19:07Z |
docs/operations/PHASE_0_BASELINE_2026-08-28.md	60	-	194,159	ORPHAN				The linked DSS snapshot was present as `.index/dss_snapshot.json` (194,159 bytes; 2026-08-27 12:36:32Z). It wa
docs/operations/PHASE_0_BASELINE_2026-08-28.md	64	-	3,000	ORPHAN				The ordinary webapp cold-start payload combines the root instruction and the nested webapp overlay. Byte, line
docs/operations/PHASE_0_BASELINE_2026-08-28.md	68	-	6,712	ORPHAN				| OpenAI Codex | `AGENTS.md` (6,712 B; 79 lines; 980 words) | `webapp/AGENTS.md` (18,724 B; 329 lines; 2,478 w
docs/operations/PHASE_0_BASELINE_2026-08-28.md	68	-	18,724	ORPHAN				| OpenAI Codex | `AGENTS.md` (6,712 B; 79 lines; 980 words) | `webapp/AGENTS.md` (18,724 B; 329 lines; 2,478 w
docs/operations/PHASE_0_BASELINE_2026-08-28.md	68	-	2,478	ORPHAN				| OpenAI Codex | `AGENTS.md` (6,712 B; 79 lines; 980 words) | `webapp/AGENTS.md` (18,724 B; 329 lines; 2,478 w
docs/operations/PHASE_0_BASELINE_2026-08-28.md	68	-	25,436	ORPHAN				| OpenAI Codex | `AGENTS.md` (6,712 B; 79 lines; 980 words) | `webapp/AGENTS.md` (18,724 B; 329 lines; 2,478 w
docs/operations/PHASE_0_BASELINE_2026-08-28.md	68	-	3,458	ORPHAN				| OpenAI Codex | `AGENTS.md` (6,712 B; 79 lines; 980 words) | `webapp/AGENTS.md` (18,724 B; 329 lines; 2,478 w
docs/operations/PHASE_0_BASELINE_2026-08-28.md	69	-	6,828	ORPHAN				| Claude Code | `CLAUDE.md` (6,828 B; 116 lines; 1,000 words) | `webapp/CLAUDE.md` → `AGENTS.md` (18,724 B; 32
docs/operations/PHASE_0_BASELINE_2026-08-28.md	69	-	1,000	ORPHAN				| Claude Code | `CLAUDE.md` (6,828 B; 116 lines; 1,000 words) | `webapp/CLAUDE.md` → `AGENTS.md` (18,724 B; 32
docs/operations/PHASE_0_BASELINE_2026-08-28.md	69	-	18,724	ORPHAN				| Claude Code | `CLAUDE.md` (6,828 B; 116 lines; 1,000 words) | `webapp/CLAUDE.md` → `AGENTS.md` (18,724 B; 32
docs/operations/PHASE_0_BASELINE_2026-08-28.md	69	-	2,478	ORPHAN				| Claude Code | `CLAUDE.md` (6,828 B; 116 lines; 1,000 words) | `webapp/CLAUDE.md` → `AGENTS.md` (18,724 B; 32
docs/operations/PHASE_0_BASELINE_2026-08-28.md	69	-	25,552	ORPHAN				| Claude Code | `CLAUDE.md` (6,828 B; 116 lines; 1,000 words) | `webapp/CLAUDE.md` → `AGENTS.md` (18,724 B; 32
docs/operations/PHASE_0_BASELINE_2026-08-28.md	69	-	3,478	ORPHAN				| Claude Code | `CLAUDE.md` (6,828 B; 116 lines; 1,000 words) | `webapp/CLAUDE.md` → `AGENTS.md` (18,724 B; 32
docs/operations/PHASE_0_BASELINE_2026-08-28.md	80	-	2,128	ORPHAN				This repository-only, offline rebuild completed without `--refresh`: `build_index.py` wrote 2,128 claims / 199
docs/overview/PROJECT_CONTEXT.md	70	2.1	2.6	ORPHAN				| **Genetic evidence works** | Target–disease pairs with human genetic support have **2.6× relative clinical s
docs/overview/PROJECT_CONTEXT.md	70	2.1	4.8	ORPHAN				| **Genetic evidence works** | Target–disease pairs with human genetic support have **2.6× relative clinical s
docs/overview/PROJECT_CONTEXT.md	114	2.3	0.81	ORPHAN		y		disease module predicts association (Guney et al., *Nat Commun* 2016, AUC ≈ 0.81; Menche et al.,
docs/overview/PROJECT_CONTEXT.md	135	3	0.93	ORPHAN				0.93 on 599 known targets), **diabetes mellitus** and **obesity disorder**.
docs/overview/PROJECT_CONTEXT.md	138	3	0.69	VALUE_ONLY	nb2_splitting_and_pool.py:5.2.1 approved join auc_all	y		measurement.** It is the *worst* term in the breast panel — AUC **0.69**, beaten by its own subtypes.
docs/overview/PROJECT_CONTEXT.md	169	4.1	113,391	ORPHAN				**Status: complete.** 113,391 nodes / 2,851,510 edges across 18 relation types, 8 node types.
docs/overview/PROJECT_CONTEXT.md	169	4.1	2,851,510	ORPHAN				**Status: complete.** 113,391 nodes / 2,851,510 edges across 18 relation types, 8 node types.
docs/overview/PROJECT_CONTEXT.md	183	4.2	0.8230	VALUE_ONLY	nb3_validation_and_plots.py:10.1 macro per-disease AUC	y		`m7-f14` (14 features): macro per-disease AUC **0.8230** over 670 diseases. Three-rung ablation
docs/overview/PROJECT_CONTEXT.md	184	4.2	1.9	VALUE_ONLY	nb2_splitting_and_pool.py:5.2 pool positive rate %			ladder, two independent validation metrics cross-checking to 1.9×10⁻⁴, and a documented negative
docs/overview/PROJECT_CONTEXT.md	233	4.5	0.01	ORPHAN			hist	2026-08-17 and **the reconstruction is confirmed**: every metric landed within ±0.01 of the frozen
docs/overview/PROJECT_CONTEXT.md	234	4.5	0.02	ORPHAN			hist	reference, against a ±0.02 tolerance set in advance (historical comparison in
docs/overview/PROJECT_CONTEXT.md	239	4.5	0.8228	ORPHAN		y		| macro per-disease AUC | 0.8228 | **0.8197** |
docs/overview/PROJECT_CONTEXT.md	239	4.5	0.8197	ORPHAN		y		| macro per-disease AUC | 0.8228 | **0.8197** |
docs/overview/PROJECT_CONTEXT.md	240	4.5	0.6836	ORPHAN		y		| drug-target AUC | 0.6836 | **0.6911** |
docs/overview/PROJECT_CONTEXT.md	240	4.5	0.6911	ORPHAN		y		| drug-target AUC | 0.6836 | **0.6911** |
docs/overview/PROJECT_CONTEXT.md	241	4.5	6,754,128	VALUE_ONLY	nb2_splitting_and_pool.py:5.2 pool rows			| candidate pool | 6,754,128 | **6,754,128** *(identical)* |
docs/overview/PROJECT_CONTEXT.md	243	4.5	0.002	VALUE_ONLY	nb3_validation_and_plots.py:7.4 orthogonality pearson r	y		Three individual personas reproduced to within **0.002**, which is stronger evidence than the macro
docs/overview/PROJECT_CONTEXT.md	251	4.6	129,253	ORPHAN		y		solved.** `target_candidates_2` is **129,253 ranked candidates over 13 personas** carrying
docs/platform/DSS_CHEATSHEET.md	21	1	65,536	ORPHAN				`get_dataframe()` reads in fixed-size chunks (65,536 rows) and infers each column's type **within
docs/platform/DSS_CHEATSHEET.md	26	1	983,040	ORPHAN				> One occurrence silently dropped **983,040 rows = 15 × 65,536** — the chunk-size multiple is the
docs/platform/DSS_CHEATSHEET.md	26	1	65,536	ORPHAN				> One occurrence silently dropped **983,040 rows = 15 × 65,536** — the chunk-size multiple is the
docs/platform/DSS_CHEATSHEET.md	27	1	65,536	ORPHAN				> tell. If an unresolved-row count is a clean multiple of 65,536, this is why.
docs/platform/DSS_CHEATSHEET.md	139	1	2.2	ORPHAN				caused a 2.2× row-count discrepancy that survived repeated clean rebuilds.
docs/platform/DSS_CHEATSHEET.md	172	1	58.8	ORPHAN				| assign a split by `mod(id, 10)` | the integer's residue | 58.8% of records changed split |
docs/platform/DSS_CHEATSHEET.md	173	1	0.3	VALUE_ONLY	nb3b_hub_bias_meter.py:7.2 champion rho(degree,proba)	y		| pick the nearest ancestor, ties on lowest id | ordering among ties | 0.3% of records changed group |
docs/prioritizer/FEATURE_AUDIT.md	42	1	0.00	VALUE_ONLY	nb2_splitting_and_pool.py:5.4 			§6.1 measured that `gene_ppi_degree` and `gene_n_pathways` show **0.00% variation across diseases**.
docs/prioritizer/FEATURE_AUDIT.md	44	1	1.23	ORPHAN				> **For 43 diseases (1.23% of pool rows) the model has no disease-specific signal at all. It is
docs/prioritizer/FEATURE_AUDIT.md	46	1	3.7	ORPHAN				> model being served for 3.7% of the disease population.
docs/prioritizer/FEATURE_AUDIT.md	73	3	0.718	VALUE_ONLY	nb1_features_and_config.py:6.1 dwpc_GPGD single-feature AUC	y		| **`dwpc_GPGD`** | Cypher | gated ≥20 | **threshold → 5** | Strongest single feature (AUC **0.718**). Restore
docs/prioritizer/FEATURE_AUDIT.md	74	3	0.669	VALUE_ONLY	nb1_features_and_config.py:6.1 dwpc_GGD single-feature AUC			| **`dwpc_GGD`** | Cypher | gated ≥20 | **threshold → 5** | Second strongest (**0.669**). Same 43 diseases |
docs/prioritizer/FEATURE_AUDIT.md	78	3	0.646	ORPHAN		y		| **`prox_closest`** | Python | gated ≥20; `MAX_HOPS = 3` saturates; **NULL is a positive indicator at k = 1**
docs/prioritizer/FEATURE_AUDIT.md	78	3	0.567	ORPHAN		y		| **`prox_closest`** | Python | gated ≥20; `MAX_HOPS = 3` saturates; **NULL is a positive indicator at k = 1**
docs/prioritizer/FEATURE_AUDIT.md	78	3	0.328	ORPHAN		y		| **`prox_closest`** | Python | gated ≥20; `MAX_HOPS = 3` saturates; **NULL is a positive indicator at k = 1**
docs/prioritizer/FEATURE_AUDIT.md	81	3	0.00	VALUE_ONLY	nb2_splitting_and_pool.py:5.4 			| **`gene_ppi_degree` / `gene_n_pathways`** | Cypher | **0.00% cross-disease variation** (§6.1) | keep, but st
docs/prioritizer/FEATURE_AUDIT.md	83	3	0.857	ORPHAN		y		| `gene_n_diseases` | Cypher | label-derived; single-feature AUC **0.857**, above the champion | **keep reject
docs/prioritizer/FEATURE_AUDIT.md	84	3	1.000	VALUE_ONLY	nb6_interrogation_and_close.py:6.2 ERBB2 carries a liability flag	y		| `degree`, `pagerank`, `triangles`, `eigenvector_centrality`, `clustering_coefficient` | plugin | collinear w
docs/prioritizer/FEATURE_AUDIT.md	128	4	6.57	ORPHAN				| pool NULL rate | 6.57% | **5.41%** |
docs/prioritizer/FEATURE_AUDIT.md	128	4	5.41	ORPHAN				| pool NULL rate | 6.57% | **5.41%** |
docs/prioritizer/FEATURE_AUDIT.md	129	4	1,114	ORPHAN				| pool diseases with prox coverage | 1,114 | **1,156 of 1,157** |
docs/prioritizer/FEATURE_AUDIT.md	129	4	1,156	ORPHAN				| pool diseases with prox coverage | 1,114 | **1,156 of 1,157** |
docs/prioritizer/FEATURE_AUDIT.md	129	4	1,157	ORPHAN				| pool diseases with prox coverage | 1,114 | **1,156 of 1,157** |
docs/prioritizer/FEATURE_AUDIT.md	130	4	4.99	ORPHAN		y		| null gap by label | −4.99 pp | **−3.94 pp** |
docs/prioritizer/FEATURE_AUDIT.md	130	4	3.94	ORPHAN		y		| null gap by label | −4.99 pp | **−3.94 pp** |
docs/prioritizer/FEATURE_AUDIT.md	131	4	6,754,128	VALUE_ONLY	nb2_splitting_and_pool.py:5.2 pool rows			| pool rows / splits | 6,754,128 | **6,754,128 — unchanged** |
docs/prioritizer/FEATURE_AUDIT.md	134	4	0.0022	ORPHAN		y		**63% of controls**, medians **+0.0022 vs +0.0021**, **t = 1.29**. The macro AUROC gain (0.8171 → 0.8323)
docs/prioritizer/FEATURE_AUDIT.md	134	4	0.0021	ORPHAN		y		**63% of controls**, medians **+0.0022 vs +0.0021**, **t = 1.29**. The macro AUROC gain (0.8171 → 0.8323)
docs/prioritizer/FEATURE_AUDIT.md	134	4	1.29	ORPHAN		y		**63% of controls**, medians **+0.0022 vs +0.0021**, **t = 1.29**. The macro AUROC gain (0.8171 → 0.8323)
docs/prioritizer/FEATURE_AUDIT.md	134	4	0.8171	ORPHAN		y		**63% of controls**, medians **+0.0022 vs +0.0021**, **t = 1.29**. The macro AUROC gain (0.8171 → 0.8323)
docs/prioritizer/FEATURE_AUDIT.md	134	4	0.8323	ORPHAN		y		**63% of controls**, medians **+0.0022 vs +0.0021**, **t = 1.29**. The macro AUROC gain (0.8171 → 0.8323)
docs/prioritizer/FEATURE_AUDIT.md	136	4	3.42	ORPHAN		y		diseases moved significantly (t = 3.42) despite identical features.
docs/prioritizer/FEATURE_AUDIT.md	143	4	1.23	ORPHAN				- **Pre-registered prediction:** aggregate metrics barely move (1.23% of rows), while the **43 affected
docs/prioritizer/FEATURE_AUDIT.md	146	4	1,114	ORPHAN		y		1,114. A 1.23% slice cannot move a pooled number but can transform those diseases — and macro
docs/prioritizer/FEATURE_AUDIT.md	146	4	1.23	ORPHAN		y		1,114. A 1.23% slice cannot move a pooled number but can transform those diseases — and macro
docs/prioritizer/FEATURE_AUDIT.md	147	4	3.7	ORPHAN				averages weight every disease equally, so 3.7% of the population is where to look.
docs/prioritizer/FEATURE_AUDIT.md	154	4	6,754,128	VALUE_ONLY	nb2_splitting_and_pool.py:5.2 pool rows			6,754,128; splits unchanged.
docs/prioritizer/FEATURE_AUDIT.md	158	4	0.378	ORPHAN				| `prox_closest` | −0.378 | −0.378 | 0.5956 | incumbent |
docs/prioritizer/FEATURE_AUDIT.md	158	4	0.5956	ORPHAN				| `prox_closest` | −0.378 | −0.378 | 0.5956 | incumbent |
docs/prioritizer/FEATURE_AUDIT.md	159	4	0.697	ORPHAN				| `prox_mean` | **−0.697** | −0.697 | **0.6499** | best discriminator, **most hub-entangled** — deferred |
docs/prioritizer/FEATURE_AUDIT.md	159	4	0.6499	ORPHAN				| `prox_mean` | **−0.697** | −0.697 | **0.6499** | best discriminator, **most hub-entangled** — deferred |
docs/prioritizer/FEATURE_AUDIT.md	160	4	0.216	ORPHAN		y		| **`prox_kernel`** | **+0.216** | −0.452 | 0.6094 | **chosen for m7** |
docs/prioritizer/FEATURE_AUDIT.md	160	4	0.452	ORPHAN		y		| **`prox_kernel`** | **+0.216** | −0.452 | 0.6094 | **chosen for m7** |
docs/prioritizer/FEATURE_AUDIT.md	160	4	0.6094	ORPHAN		y		| **`prox_kernel`** | **+0.216** | −0.452 | 0.6094 | **chosen for m7** |
docs/prioritizer/FEATURE_AUDIT.md	161	4	0.104	ORPHAN		y		| `prox_n_reach` | +0.104 | −0.534 | 0.4864 | **dropped** — ρ = +0.982 with kernel, below the 0.5 floor |
docs/prioritizer/FEATURE_AUDIT.md	161	4	0.534	ORPHAN		y		| `prox_n_reach` | +0.104 | −0.534 | 0.4864 | **dropped** — ρ = +0.982 with kernel, below the 0.5 floor |
docs/prioritizer/FEATURE_AUDIT.md	161	4	0.4864	ORPHAN		y		| `prox_n_reach` | +0.104 | −0.534 | 0.4864 | **dropped** — ρ = +0.982 with kernel, below the 0.5 floor |
docs/prioritizer/FEATURE_AUDIT.md	161	4	0.982	ORPHAN		y		| `prox_n_reach` | +0.104 | −0.534 | 0.4864 | **dropped** — ρ = +0.982 with kernel, below the 0.5 floor |
docs/prioritizer/FEATURE_AUDIT.md	172	4	0.567	ORPHAN		y		saturates at 74% hop-1 and scores AUC 0.567. If the gain is uniform across module sizes, the
docs/prioritizer/FEATURE_AUDIT.md	181	4	0.8197	ORPHAN		y		| association macro AUROC | 0.8197 | 0.8200 | 0.8175 | 0.8197 | **0.8230** | **t = +3.29, 0 ties** |
docs/prioritizer/FEATURE_AUDIT.md	181	4	0.8200	ORPHAN		y		| association macro AUROC | 0.8197 | 0.8200 | 0.8175 | 0.8197 | **0.8230** | **t = +3.29, 0 ties** |
docs/prioritizer/FEATURE_AUDIT.md	181	4	0.8175	ORPHAN		y		| association macro AUROC | 0.8197 | 0.8200 | 0.8175 | 0.8197 | **0.8230** | **t = +3.29, 0 ties** |
docs/prioritizer/FEATURE_AUDIT.md	181	4	0.8230	VALUE_ONLY	nb3_validation_and_plots.py:10.1 macro per-disease AUC	y		| association macro AUROC | 0.8197 | 0.8200 | 0.8175 | 0.8197 | **0.8230** | **t = +3.29, 0 ties** |
docs/prioritizer/FEATURE_AUDIT.md	181	4	3.29	VALUE_ONLY	nb4_results_three_axes.py:8.4 pooled dm lift @10	y		| association macro AUROC | 0.8197 | 0.8200 | 0.8175 | 0.8197 | **0.8230** | **t = +3.29, 0 ties** |
docs/prioritizer/FEATURE_AUDIT.md	182	4	0.1737	ORPHAN		y		| association macro AUPRC | 0.1737 | 0.1762 | 0.1711 | 0.1749 | **0.1778** | **t = +3.18** |
docs/prioritizer/FEATURE_AUDIT.md	182	4	0.1762	ORPHAN		y		| association macro AUPRC | 0.1737 | 0.1762 | 0.1711 | 0.1749 | **0.1778** | **t = +3.18** |
docs/prioritizer/FEATURE_AUDIT.md	182	4	0.1711	ORPHAN		y		| association macro AUPRC | 0.1737 | 0.1762 | 0.1711 | 0.1749 | **0.1778** | **t = +3.18** |
docs/prioritizer/FEATURE_AUDIT.md	182	4	0.1749	ORPHAN		y		| association macro AUPRC | 0.1737 | 0.1762 | 0.1711 | 0.1749 | **0.1778** | **t = +3.18** |
docs/prioritizer/FEATURE_AUDIT.md	182	4	0.1778	ORPHAN		y		| association macro AUPRC | 0.1737 | 0.1762 | 0.1711 | 0.1749 | **0.1778** | **t = +3.18** |
docs/prioritizer/FEATURE_AUDIT.md	182	4	3.18	ORPHAN		y		| association macro AUPRC | 0.1737 | 0.1762 | 0.1711 | 0.1749 | **0.1778** | **t = +3.18** |
docs/prioritizer/FEATURE_AUDIT.md	183	4	0.1954	ORPHAN		y		| hub spread *(lower better)* | 0.1954 | 0.1932 | 0.1915 | **0.1900** | 0.1935 | worse |
docs/prioritizer/FEATURE_AUDIT.md	183	4	0.1932	ORPHAN		y		| hub spread *(lower better)* | 0.1954 | 0.1932 | 0.1915 | **0.1900** | 0.1935 | worse |
docs/prioritizer/FEATURE_AUDIT.md	183	4	0.1915	ORPHAN		y		| hub spread *(lower better)* | 0.1954 | 0.1932 | 0.1915 | **0.1900** | 0.1935 | worse |
docs/prioritizer/FEATURE_AUDIT.md	183	4	0.1900	ORPHAN		y		| hub spread *(lower better)* | 0.1954 | 0.1932 | 0.1915 | **0.1900** | 0.1935 | worse |
docs/prioritizer/FEATURE_AUDIT.md	183	4	0.1935	VALUE_ONLY	nb3b_hub_bias_meter.py:7.2 champion spread	y		| hub spread *(lower better)* | 0.1954 | 0.1932 | 0.1915 | **0.1900** | 0.1935 | worse |
docs/prioritizer/FEATURE_AUDIT.md	184	4	0.6911	ORPHAN		y		| therapeutic, all | 0.6911 | 0.6949 | 0.6931 | 0.6949 | 0.6886 | worst of five |
docs/prioritizer/FEATURE_AUDIT.md	184	4	0.6949	ORPHAN		y		| therapeutic, all | 0.6911 | 0.6949 | 0.6931 | 0.6949 | 0.6886 | worst of five |
docs/prioritizer/FEATURE_AUDIT.md	184	4	0.6931	ORPHAN		y		| therapeutic, all | 0.6911 | 0.6949 | 0.6931 | 0.6949 | 0.6886 | worst of five |
docs/prioritizer/FEATURE_AUDIT.md	184	4	0.6886	VALUE_ONLY	nb2_splitting_and_pool.py:5.2.1 approved join auc_all	y		| therapeutic, all | 0.6911 | 0.6949 | 0.6931 | 0.6949 | 0.6886 | worst of five |
docs/prioritizer/FEATURE_AUDIT.md	185	4	0.7337	ORPHAN		y		| therapeutic, route-supported | 0.7337 | 0.7371 | 0.7384 | 0.7418 | **0.7471** | best |
docs/prioritizer/FEATURE_AUDIT.md	185	4	0.7371	ORPHAN		y		| therapeutic, route-supported | 0.7337 | 0.7371 | 0.7384 | 0.7418 | **0.7471** | best |
docs/prioritizer/FEATURE_AUDIT.md	185	4	0.7384	ORPHAN		y		| therapeutic, route-supported | 0.7337 | 0.7371 | 0.7384 | 0.7418 | **0.7471** | best |
docs/prioritizer/FEATURE_AUDIT.md	185	4	0.7418	ORPHAN		y		| therapeutic, route-supported | 0.7337 | 0.7371 | 0.7384 | 0.7418 | **0.7471** | best |
docs/prioritizer/FEATURE_AUDIT.md	185	4	0.7471	VALUE_ONLY	nb2_splitting_and_pool.py:5.2.1 approved join auc_supported	y		| therapeutic, route-supported | 0.7337 | 0.7371 | 0.7384 | 0.7418 | **0.7471** | best |
docs/prioritizer/FEATURE_AUDIT.md	186	4	2.376	ORPHAN		y		| tractability dm@200 | 2.376 | 2.381 | 2.380 | 2.391 | **2.418** | **t = +2.56, 0 ties** |
docs/prioritizer/FEATURE_AUDIT.md	186	4	2.381	ORPHAN		y		| tractability dm@200 | 2.376 | 2.381 | 2.380 | 2.391 | **2.418** | **t = +2.56, 0 ties** |
docs/prioritizer/FEATURE_AUDIT.md	186	4	2.380	ORPHAN		y		| tractability dm@200 | 2.376 | 2.381 | 2.380 | 2.391 | **2.418** | **t = +2.56, 0 ties** |
docs/prioritizer/FEATURE_AUDIT.md	186	4	2.391	ORPHAN		y		| tractability dm@200 | 2.376 | 2.381 | 2.380 | 2.391 | **2.418** | **t = +2.56, 0 ties** |
docs/prioritizer/FEATURE_AUDIT.md	186	4	2.418	ORPHAN		y		| tractability dm@200 | 2.376 | 2.381 | 2.380 | 2.391 | **2.418** | **t = +2.56, 0 ties** |
docs/prioritizer/FEATURE_AUDIT.md	186	4	2.56	ORPHAN		y		| tractability dm@200 | 2.376 | 2.381 | 2.380 | 2.391 | **2.418** | **t = +2.56, 0 ties** |
docs/prioritizer/FEATURE_AUDIT.md	187	4	7.46	ORPHAN		y		| discovery lift@50 | 7.46 | 7.09 | 9.08 | 7.43 | **9.43** | t = +1.47, **90% ties — n.s.** |
docs/prioritizer/FEATURE_AUDIT.md	187	4	7.09	ORPHAN		y		| discovery lift@50 | 7.46 | 7.09 | 9.08 | 7.43 | **9.43** | t = +1.47, **90% ties — n.s.** |
docs/prioritizer/FEATURE_AUDIT.md	187	4	9.08	ORPHAN		y		| discovery lift@50 | 7.46 | 7.09 | 9.08 | 7.43 | **9.43** | t = +1.47, **90% ties — n.s.** |
docs/prioritizer/FEATURE_AUDIT.md	187	4	7.43	ORPHAN		y		| discovery lift@50 | 7.46 | 7.09 | 9.08 | 7.43 | **9.43** | t = +1.47, **90% ties — n.s.** |
docs/prioritizer/FEATURE_AUDIT.md	187	4	9.43	ORPHAN		y		| discovery lift@50 | 7.46 | 7.09 | 9.08 | 7.43 | **9.43** | t = +1.47, **90% ties — n.s.** |
docs/prioritizer/FEATURE_AUDIT.md	187	4	1.47	ORPHAN		y		| discovery lift@50 | 7.46 | 7.09 | 9.08 | 7.43 | **9.43** | t = +1.47, **90% ties — n.s.** |
docs/prioritizer/FEATURE_AUDIT.md	188	4	4.53	ORPHAN		y		| discovery lift@200 | 4.53 | 4.83 | **5.52** | 4.78 | 5.04 | t = +0.70, **78% ties — n.s.** |
docs/prioritizer/FEATURE_AUDIT.md	188	4	4.83	ORPHAN		y		| discovery lift@200 | 4.53 | 4.83 | **5.52** | 4.78 | 5.04 | t = +0.70, **78% ties — n.s.** |
docs/prioritizer/FEATURE_AUDIT.md	188	4	5.52	ORPHAN		y		| discovery lift@200 | 4.53 | 4.83 | **5.52** | 4.78 | 5.04 | t = +0.70, **78% ties — n.s.** |
docs/prioritizer/FEATURE_AUDIT.md	188	4	4.78	ORPHAN		y		| discovery lift@200 | 4.53 | 4.83 | **5.52** | 4.78 | 5.04 | t = +0.70, **78% ties — n.s.** |
docs/prioritizer/FEATURE_AUDIT.md	188	4	5.04	VALUE_ONLY	nb4_results_three_axes.py:8.3 approved lift@200	y		| discovery lift@200 | 4.53 | 4.83 | **5.52** | 4.78 | 5.04 | t = +0.70, **78% ties — n.s.** |
docs/prioritizer/FEATURE_AUDIT.md	188	4	0.70	ORPHAN		y		| discovery lift@200 | 4.53 | 4.83 | **5.52** | 4.78 | 5.04 | t = +0.70, **78% ties — n.s.** |
docs/prioritizer/FEATURE_AUDIT.md	195	4	0.003	ORPHAN		y		**The mechanism is unexplained.** `Spearman(module size, delta) = −0.003` refutes the saturation story
docs/prioritizer/FEATURE_AUDIT.md	228	5	3,334	ORPHAN				| 1 seed | 3,334 | correctly excluded — nothing to propagate from |
docs/prioritizer/FEATURE_AUDIT.md	229	5	1,617	ORPHAN				| 2–4 | 1,617 | correctly excluded |
docs/prioritizer/FEATURE_AUDIT.md	235	5	1,157	ORPHAN				**Lowering the gate 20 → 5 takes eligible diseases from 1,157 to 2,088 — a +80% increase — and
docs/prioritizer/FEATURE_AUDIT.md	235	5	2,088	ORPHAN				**Lowering the gate 20 → 5 takes eligible diseases from 1,157 to 2,088 — a +80% increase — and
docs/prioritizer/FEATURE_AUDIT.md	243	5	1,157	ORPHAN				| currently eligible (≥20) | 1,157 | ~3.42M *(sampled n=120)* | 2,960 |
docs/prioritizer/FEATURE_AUDIT.md	243	5	2,960	ORPHAN				| currently eligible (≥20) | 1,157 | ~3.42M *(sampled n=120)* | 2,960 |
docs/prioritizer/FEATURE_AUDIT.md	244	5	424,523	ORPHAN				| **the 5–19 gap** | **931** | **424,523** | **456** |
docs/prioritizer/FEATURE_AUDIT.md	246	5	3,424,604	ORPHAN				**+80% more diseases for ~+12% more pool rows.** The sampled estimate implies 3,424,604 rows for the
docs/prioritizer/FEATURE_AUDIT.md	247	5	3,380,853	VALUE_ONLY	nb2_splitting_and_pool.py:5.2 GGD rows			current gate against the 3,380,853 actually in `enriched_dwpc_GGD` — a 1.3% error, which is what
docs/prioritizer/FEATURE_AUDIT.md	247	5	1.3	ORPHAN				current gate against the 3,380,853 actually in `enriched_dwpc_GGD` — a 1.3% error, which is what
docs/prioritizer/FEATURE_AUDIT.md	251	5	2.10	ORPHAN				> — 2.10% against the pool's 1.89%. **That compared the gap's GGD-route-only row count against the
docs/prioritizer/FEATURE_AUDIT.md	251	5	1.89	VALUE_ONLY	nb2_splitting_and_pool.py:5.2 pool positive rate %			> — 2.10% against the pool's 1.89%. **That compared the gap's GGD-route-only row count against the
docs/prioritizer/FEATURE_AUDIT.md	261	5	355,188	ORPHAN				| currently eligible (≥20) | 120 *(sample)* | 355,188 | 11,336 | **3.19%** |
docs/prioritizer/FEATURE_AUDIT.md	261	5	11,336	ORPHAN				| currently eligible (≥20) | 120 *(sample)* | 355,188 | 11,336 | **3.19%** |
docs/prioritizer/FEATURE_AUDIT.md	261	5	3.19	ORPHAN				| currently eligible (≥20) | 120 *(sample)* | 355,188 | 11,336 | **3.19%** |
docs/prioritizer/FEATURE_AUDIT.md	262	5	424,523	ORPHAN				| **the 5–19 gap** | 931 | 424,523 | 3,067 | **0.72%** |
docs/prioritizer/FEATURE_AUDIT.md	262	5	3,067	ORPHAN				| **the 5–19 gap** | 931 | 424,523 | 3,067 | **0.72%** |
docs/prioritizer/FEATURE_AUDIT.md	262	5	0.72	VALUE_ONLY	nb1_features_and_config.py:6.1 dwpc_GPGD single-feature AUC			| **the 5–19 gap** | 931 | 424,523 | 3,067 | **0.72%** |
docs/prioritizer/FEATURE_AUDIT.md	264	5	0.23	ORPHAN				**The gap is 0.23× as dense — 4.4× more dilute.** Worse, **only 3,067 of the gap's 8,919 seeds are
docs/prioritizer/FEATURE_AUDIT.md	264	5	4.4	ORPHAN				**The gap is 0.23× as dense — 4.4× more dilute.** Worse, **only 3,067 of the gap's 8,919 seeds are
docs/prioritizer/FEATURE_AUDIT.md	264	5	3,067	ORPHAN				**The gap is 0.23× as dense — 4.4× more dilute.** Worse, **only 3,067 of the gap's 8,919 seeds are
docs/prioritizer/FEATURE_AUDIT.md	264	5	8,919	ORPHAN				**The gap is 0.23× as dense — 4.4× more dilute.** Worse, **only 3,067 of the gap's 8,919 seeds are
docs/prioritizer/FEATURE_AUDIT.md	273	5	1,326,438	ORPHAN				| **5–19 (admitted)** | 1,326,438 | 4,229 | **47%** | **0.32%** |
docs/prioritizer/FEATURE_AUDIT.md	273	5	4,229	ORPHAN				| **5–19 (admitted)** | 1,326,438 | 4,229 | **47%** | **0.32%** |
docs/prioritizer/FEATURE_AUDIT.md	273	5	0.32	ORPHAN				| **5–19 (admitted)** | 1,326,438 | 4,229 | **47%** | **0.32%** |
docs/prioritizer/FEATURE_AUDIT.md	274	5	702,407	ORPHAN				| **≥20 (current)** | 702,407 *(n=120 scaled)* | 14,025 | **73%** | **2.00%** |
docs/prioritizer/FEATURE_AUDIT.md	274	5	14,025	ORPHAN				| **≥20 (current)** | 702,407 *(n=120 scaled)* | 14,025 | **73%** | **2.00%** |
docs/prioritizer/FEATURE_AUDIT.md	274	5	2.00	VALUE_ONLY	nb2_splitting_and_pool.py:10.4 diseases below 50%			| **≥20 (current)** | 702,407 *(n=120 scaled)* | 14,025 | **73%** | **2.00%** |
docs/prioritizer/FEATURE_AUDIT.md	278	5	6.3	ORPHAN				a quarter for current ones, and on the union they are **6.3× more dilute** — worse than the 4.4× on GGD
docs/prioritizer/FEATURE_AUDIT.md	278	5	4.4	ORPHAN				a quarter for current ones, and on the union they are **6.3× more dilute** — worse than the 4.4× on GGD
docs/prioritizer/FEATURE_AUDIT.md	282	5	19.6	ORPHAN				> **+19.6%** (6,754,128 → 8,080,566) and the positive rate falls to **1.63%**. So the trade is
docs/prioritizer/FEATURE_AUDIT.md	282	5	6,754,128	VALUE_ONLY	nb2_splitting_and_pool.py:5.2 pool rows			> **+19.6%** (6,754,128 → 8,080,566) and the positive rate falls to **1.63%**. So the trade is
docs/prioritizer/FEATURE_AUDIT.md	282	5	8,080,566	ORPHAN				> **+19.6%** (6,754,128 → 8,080,566) and the positive rate falls to **1.63%**. So the trade is
docs/prioritizer/FEATURE_AUDIT.md	282	5	1.63	ORPHAN				> **+19.6%** (6,754,128 → 8,080,566) and the positive rate falls to **1.63%**. So the trade is
docs/prioritizer/FEATURE_AUDIT.md	284	5	0.3	VALUE_ONLY	nb3b_hub_bias_meter.py:7.2 champion rho(degree,proba)			> Method validated at **0.3%** error against the real pool size. See
docs/prioritizer/FEATURE_AUDIT.md	303	5	0.0117	ORPHAN		y		**Headwind to state in the pre-registration.** `m7` made the <20-seed bucket *worse* (−0.0117, n = 22,
docs/prioritizer/PHASE3_PREREGISTRATION.md	24	1	1,157	ORPHAN				and that admitting them does not degrade the 1,157 diseases already there.**
docs/prioritizer/PHASE3_PREREGISTRATION.md	83	2	1,157	ORPHAN				on). That is the deliberate price of keeping the 1,157 existing diseases as a clean control — with
docs/prioritizer/PHASE3_PREREGISTRATION.md	91	3	4,951	ORPHAN				- **No threshold below 5.** The 4,951 diseases with under five seeds stay out; 3,334 have a single seed
docs/prioritizer/PHASE3_PREREGISTRATION.md	91	3	3,334	ORPHAN				- **No threshold below 5.** The 4,951 diseases with under five seeds stay out; 3,334 have a single seed
docs/prioritizer/PHASE3_PREREGISTRATION.md	104	4	1,157	ORPHAN				| **G1** | **Bit-identity of the control stratum.** For the 1,157 diseases eligible before the change, every f
docs/prioritizer/PHASE3_PREREGISTRATION.md	106	4	1,157	ORPHAN				| **G3** | Disease count | eligible 1,157 → **2,088** exactly |
docs/prioritizer/PHASE3_PREREGISTRATION.md	106	4	2,088	ORPHAN				| **G3** | Disease count | eligible 1,157 → **2,088** exactly |
docs/prioritizer/PHASE3_PREREGISTRATION.md	108	4	1,157	ORPHAN		y		| **G5** | Existing diseases' scores under un-retrained `m7` | **bit-identical** to `scored_champion` on the s
docs/prioritizer/PHASE3_PREREGISTRATION.md	118	5	0.05	ORPHAN		y		| **P1** | **The premise.** Admitted diseases beat a gene-popularity baseline (rank by `gene_n_diseases`) by *
docs/prioritizer/PHASE3_PREREGISTRATION.md	119	5	0.62	ORPHAN		y		| **P2** | Admitted diseases score **well below** the existing population: macro AUC in **0.62–0.75** against
docs/prioritizer/PHASE3_PREREGISTRATION.md	119	5	0.75	VALUE_ONLY	nb2_splitting_and_pool.py:5.2.1 approved join auc_supported	y		| **P2** | Admitted diseases score **well below** the existing population: macro AUC in **0.62–0.75** against
docs/prioritizer/PHASE3_PREREGISTRATION.md	119	5	0.8230	VALUE_ONLY	nb3_validation_and_plots.py:10.1 macro per-disease AUC	y		| **P2** | Admitted diseases score **well below** the existing population: macro AUC in **0.62–0.75** against
docs/prioritizer/PHASE3_PREREGISTRATION.md	119	5	0.80	VALUE_ONLY	nb3_validation_and_plots.py:7.3 per-family macro AUC	y		| **P2** | Admitted diseases score **well below** the existing population: macro AUC in **0.62–0.75** against
docs/prioritizer/PHASE3_PREREGISTRATION.md	119	5	0.55	ORPHAN		y		| **P2** | Admitted diseases score **well below** the existing population: macro AUC in **0.62–0.75** against
docs/prioritizer/PHASE3_PREREGISTRATION.md	121	5	0.1935	VALUE_ONLY	nb3b_hub_bias_meter.py:7.2 champion spread	y		| **P4** | **Hub bias worsens**: spread **> 0.1935**, ρ(degree, probability) **> 0.3273**. Thin modules mean t
docs/prioritizer/PHASE3_PREREGISTRATION.md	121	5	0.3273	VALUE_ONLY	nb3b_hub_bias_meter.py:7.2 champion rho(degree,proba)	y		| **P4** | **Hub bias worsens**: spread **> 0.1935**, ρ(degree, probability) **> 0.3273**. Thin modules mean t
docs/prioritizer/PHASE3_PREREGISTRATION.md	122	5	6,754,128	VALUE_ONLY	nb2_splitting_and_pool.py:5.2 pool rows			| **P5** ⚠ | ~~+9% to +15%~~ **REVISED 2026-08-21 pre-experiment: +18% to +22%**, 6,754,128 → **8.0M–8.25M** r
docs/prioritizer/PHASE3_PREREGISTRATION.md	123	5	1.72	ORPHAN				| **P6** ⚠ | ~~1.72–1.86%~~ **REVISED 2026-08-21 pre-experiment: falls from 1.89% to 1.60–1.67%**, because adm
docs/prioritizer/PHASE3_PREREGISTRATION.md	123	5	1.86	ORPHAN				| **P6** ⚠ | ~~1.72–1.86%~~ **REVISED 2026-08-21 pre-experiment: falls from 1.89% to 1.60–1.67%**, because adm
docs/prioritizer/PHASE3_PREREGISTRATION.md	123	5	1.89	VALUE_ONLY	nb2_splitting_and_pool.py:5.2 pool positive rate %			| **P6** ⚠ | ~~1.72–1.86%~~ **REVISED 2026-08-21 pre-experiment: falls from 1.89% to 1.60–1.67%**, because adm
docs/prioritizer/PHASE3_PREREGISTRATION.md	123	5	1.60	ORPHAN				| **P6** ⚠ | ~~1.72–1.86%~~ **REVISED 2026-08-21 pre-experiment: falls from 1.89% to 1.60–1.67%**, because adm
docs/prioritizer/PHASE3_PREREGISTRATION.md	123	5	1.67	ORPHAN				| **P6** ⚠ | ~~1.72–1.86%~~ **REVISED 2026-08-21 pre-experiment: falls from 1.89% to 1.60–1.67%**, because adm
docs/prioritizer/PHASE3_PREREGISTRATION.md	123	5	6.3	ORPHAN				| **P6** ⚠ | ~~1.72–1.86%~~ **REVISED 2026-08-21 pre-experiment: falls from 1.89% to 1.60–1.67%**, because adm
docs/prioritizer/PHASE3_PREREGISTRATION.md	124	5	0.000	VALUE_ONLY	nb2_splitting_and_pool.py:5.4 	y		| **P7** | On the control stratum, retraining produces a **small positive** shift by `m6`'s mechanism — a bett
docs/prioritizer/PHASE3_PREREGISTRATION.md	124	5	0.004	ORPHAN		y		| **P7** | On the control stratum, retraining produces a **small positive** shift by `m6`'s mechanism — a bett
docs/prioritizer/PHASE3_PREREGISTRATION.md	129	5	19.6	ORPHAN				> answered) gives +19.6% rows and a 1.63% positive rate. **The revision is legitimate only because no
docs/prioritizer/PHASE3_PREREGISTRATION.md	129	5	1.63	ORPHAN				> answered) gives +19.6% rows and a 1.63% positive rate. **The revision is legitimate only because no
docs/prioritizer/PHASE3_PREREGISTRATION.md	136	5	0.0117	ORPHAN				**worse** (−0.0117, n = 22, not significant) while helping every larger bucket, and the 931 diseases
docs/prioritizer/PHASE3_PREREGISTRATION.md	137	5	4.4	ORPHAN				this change admits are all in or near that regime. Measured on the GGD route, they are **4.4× more
docs/prioritizer/PHASE3_PREREGISTRATION.md	138	5	0.72	VALUE_ONLY	nb1_features_and_config.py:6.1 dwpc_GPGD single-feature AUC			dilute** in positives (0.72% against 3.19%) and only **34%** of their seeds are reachable at all,
docs/prioritizer/PHASE3_PREREGISTRATION.md	138	5	3.19	ORPHAN				dilute** in positives (0.72% against 3.19%) and only **34%** of their seeds are reachable at all,
docs/prioritizer/PHASE3_PREREGISTRATION.md	145	5	2,088	ORPHAN				> defensible claim if P1 passes and P2 lands as predicted is "we now cover 2,088 diseases instead of
docs/prioritizer/PHASE3_PREREGISTRATION.md	146	5	1,157	ORPHAN		y		> 1,157, and the new ones are ranked better than popularity though worse than the core" — not "the model
docs/prioritizer/PHASE3_PREREGISTRATION.md	158	6	0.005	ORPHAN		y		- **A3** Hub spread does not worsen by more than **+0.005** (i.e. stays ≤ 0.1985). P4 predicts it
docs/prioritizer/PHASE3_PREREGISTRATION.md	158	6	0.1985	ORPHAN		y		- **A3** Hub spread does not worsen by more than **+0.005** (i.e. stays ≤ 0.1985). P4 predicts it
docs/prioritizer/PHASE3_PREREGISTRATION.md	176	7	1,157	ORPHAN		y		| **A — control** | 1,157 eligible before | yes, `m7` on identical features | paired per-disease, with tie cou
docs/prioritizer/PHASE3_PREREGISTRATION.md	192	8	0.8230	VALUE_ONLY	nb3_validation_and_plots.py:10.1 macro per-disease AUC	y		1. **Never compare the branch's macro AUC to 0.8230.** Different population, so the comparison is
docs/prioritizer/PHASE3_PREREGISTRATION.md	193	8	1,157	ORPHAN				meaningless. Cross-project comparison is restricted to the shared 1,157 diseases.
docs/prioritizer/PHASE3_PREREGISTRATION.md	211	9	424,523	ORPHAN				| **5–19 (admitted)** | GGD | 424,523 | 3,067 | 34% | 0.72% |
docs/prioritizer/PHASE3_PREREGISTRATION.md	211	9	3,067	ORPHAN				| **5–19 (admitted)** | GGD | 424,523 | 3,067 | 34% | 0.72% |
docs/prioritizer/PHASE3_PREREGISTRATION.md	211	9	0.72	VALUE_ONLY	nb1_features_and_config.py:6.1 dwpc_GPGD single-feature AUC			| **5–19 (admitted)** | GGD | 424,523 | 3,067 | 34% | 0.72% |
docs/prioritizer/PHASE3_PREREGISTRATION.md	212	9	1,094,712	ORPHAN				| | GPGD | 1,094,712 | 3,820 | 43% | 0.35% |
docs/prioritizer/PHASE3_PREREGISTRATION.md	212	9	3,820	ORPHAN				| | GPGD | 1,094,712 | 3,820 | 43% | 0.35% |
docs/prioritizer/PHASE3_PREREGISTRATION.md	212	9	0.35	ORPHAN				| | GPGD | 1,094,712 | 3,820 | 43% | 0.35% |
docs/prioritizer/PHASE3_PREREGISTRATION.md	213	9	1,326,438	ORPHAN				| | **union** | **1,326,438** | **4,229** | **47%** | **0.32%** |
docs/prioritizer/PHASE3_PREREGISTRATION.md	213	9	4,229	ORPHAN				| | **union** | **1,326,438** | **4,229** | **47%** | **0.32%** |
docs/prioritizer/PHASE3_PREREGISTRATION.md	213	9	0.32	ORPHAN				| | **union** | **1,326,438** | **4,229** | **47%** | **0.32%** |
docs/prioritizer/PHASE3_PREREGISTRATION.md	214	9	355,188	ORPHAN				| **≥20 (current)** | GGD | 355,188 *(n=120)* | 11,336 | 59% | 3.19% |
docs/prioritizer/PHASE3_PREREGISTRATION.md	214	9	11,336	ORPHAN				| **≥20 (current)** | GGD | 355,188 *(n=120)* | 11,336 | 59% | 3.19% |
docs/prioritizer/PHASE3_PREREGISTRATION.md	214	9	3.19	ORPHAN				| **≥20 (current)** | GGD | 355,188 *(n=120)* | 11,336 | 59% | 3.19% |
docs/prioritizer/PHASE3_PREREGISTRATION.md	215	9	557,818	ORPHAN				| | GPGD | 557,818 | 11,969 | 62% | 2.15% |
docs/prioritizer/PHASE3_PREREGISTRATION.md	215	9	11,969	ORPHAN				| | GPGD | 557,818 | 11,969 | 62% | 2.15% |
docs/prioritizer/PHASE3_PREREGISTRATION.md	215	9	2.15	ORPHAN				| | GPGD | 557,818 | 11,969 | 62% | 2.15% |
docs/prioritizer/PHASE3_PREREGISTRATION.md	216	9	702,407	ORPHAN				| | **union** | **702,407** | **14,025** | **73%** | **2.00%** |
docs/prioritizer/PHASE3_PREREGISTRATION.md	216	9	14,025	ORPHAN				| | **union** | **702,407** | **14,025** | **73%** | **2.00%** |
docs/prioritizer/PHASE3_PREREGISTRATION.md	216	9	2.00	VALUE_ONLY	nb2_splitting_and_pool.py:10.4 diseases below 50%			| | **union** | **702,407** | **14,025** | **73%** | **2.00%** |
docs/prioritizer/PHASE3_PREREGISTRATION.md	218	9	6,772,374	ORPHAN				*Method validated: the same computation predicts the current pool at 6,772,374 rows against an actual
docs/prioritizer/PHASE3_PREREGISTRATION.md	219	9	6,754,128	VALUE_ONLY	nb2_splitting_and_pool.py:5.2 pool rows			6,754,128 — a **0.3%** error.*
docs/prioritizer/PHASE3_PREREGISTRATION.md	219	9	0.3	VALUE_ONLY	nb3b_hub_bias_meter.py:7.2 champion rho(degree,proba)			6,754,128 — a **0.3%** error.*
docs/prioritizer/PHASE3_PREREGISTRATION.md	224	9	6.3	ORPHAN				**6.3× more dilute** (0.32% against 2.00%) — worse than the 4.4× measured on GGD alone, because pathway
docs/prioritizer/PHASE3_PREREGISTRATION.md	224	9	0.32	ORPHAN				**6.3× more dilute** (0.32% against 2.00%) — worse than the 4.4× measured on GGD alone, because pathway
docs/prioritizer/PHASE3_PREREGISTRATION.md	224	9	2.00	VALUE_ONLY	nb2_splitting_and_pool.py:10.4 diseases below 50%			**6.3× more dilute** (0.32% against 2.00%) — worse than the 4.4× measured on GGD alone, because pathway
docs/prioritizer/PHASE3_PREREGISTRATION.md	224	9	4.4	ORPHAN				**6.3× more dilute** (0.32% against 2.00%) — worse than the 4.4× measured on GGD alone, because pathway
docs/prioritizer/PHASE3_PREREGISTRATION.md	229	9	0.62	ORPHAN				when this document was written, and P2's 0.62–0.75 band should now be read as optimistic rather than
docs/prioritizer/PHASE3_PREREGISTRATION.md	229	9	0.75	VALUE_ONLY	nb2_splitting_and_pool.py:5.2.1 approved join auc_supported			when this document was written, and P2's 0.62–0.75 band should now be read as optimistic rather than
docs/reference/DISCOVERY_LANDSCAPE.md	73	2	2.6	ORPHAN				- Target–disease pairs with human genetic support have **2.6× relative success**
docs/reference/DISCOVERY_LANDSCAPE.md	78	2	4.8	ORPHAN				- Only **~4.8%** of current Phase I–III target–disease pairs have this kind of support
docs/reference/DISCOVERY_LANDSCAPE.md	85	2	10.1371	ORPHAN				King 2019 ([PLoS Genet](https://journals.plos.org/plosgenetics/article?id=10.1371/journal.pgen.1008489))
docs/reference/DISCOVERY_LANDSCAPE.md	235	5	26.06	ORPHAN				attributions. Release 26.06 added *trans*-pQTL features.
docs/reference/DISCOVERY_LANDSCAPE.md	252	5	49.2	ORPHAN				with no approved therapy at all, +49.2% over eight baselines, and it ships a **multi-hop path
docs/reference/DISCOVERY_LANDSCAPE.md	267	5	33,579	ORPHAN				lines) and **CRISPRbrain** iPSC-neuron screens (33,579 associations, ~73.7% of them novel) as
docs/reference/DISCOVERY_LANDSCAPE.md	267	5	73.7	ORPHAN				lines) and **CRISPRbrain** iPSC-neuron screens (33,579 associations, ~73.7% of them novel) as
docs/reference/DISCOVERY_LANDSCAPE.md	269	5	17,647	ORPHAN				screens across 17,647 genes and 27 cancer types** produced 143 targetable dependencies
docs/reference/DISCOVERY_LANDSCAPE.md	285	5	4.8	ORPHAN				- Only ~4.8% of clinical target–indication pairs have genetic support at all — so for most
docs/reference/DISCOVERY_LANDSCAPE.md	324	6	1.644	ORPHAN				by π²/6 ≈ 1.644) with noisy sources deliberately down-weighted — Europe PMC, Expression Atlas
docs/reference/DISCOVERY_LANDSCAPE.md	345	6	0.01	ORPHAN				| **Precedence** | Target in clinic | ChEMBL clinical phase | 0.01 (preclinical) → 1.0 (approved) |
docs/reference/DISCOVERY_LANDSCAPE.md	362	6	26.06	ORPHAN				Release **26.06** split baseline expression into four separate rows (tissue and cell-type ×
docs/reference/DISCOVERY_LANDSCAPE.md	437	7	10.1371	ORPHAN				([benchmark framework](https://journals.plos.org/ploscompbiol/article?id=10.1371/journal.pcbi.1012463)).
docs/reference/DISCOVERY_LANDSCAPE.md	465	8	10.1021	ORPHAN				([JCIM](https://pubs.acs.org/doi/10.1021/acs.jcim.2c01253))
docs/reference/DISCOVERY_LANDSCAPE.md	494	8	0.62	ORPHAN		y		**Boltz-2** is the one being talked about: claimed Pearson r ≈ 0.62 on the FEP+/OpenFE
docs/reference/DISCOVERY_LANDSCAPE.md	496	8	10.1101	ORPHAN				([preprint](https://www.biorxiv.org/content/10.1101/2025.06.14.659707v1)). See the limits
docs/reference/DISCOVERY_LANDSCAPE.md	496	8	2025.06	ORPHAN				([preprint](https://www.biorxiv.org/content/10.1101/2025.06.14.659707v1)). See the limits
docs/reference/DISCOVERY_LANDSCAPE.md	508	8	10.1021	ORPHAN				([JCIM](https://pubs.acs.org/doi/abs/10.1021/acs.jcim.3c01976)) — i.e. **AlphaFold behaves like
docs/reference/DISCOVERY_LANDSCAPE.md	520	8	10.1186	ORPHAN				([J Cheminform](https://jcheminf.biomedcentral.com/articles/10.1186/s13321-025-00973-x)).
docs/reference/DISCOVERY_LANDSCAPE.md	572	8	1,312	ORPHAN				**PoseX** (2025, 23 methods, 718 self-docking + 1,312 cross-docking cases) then found the
docs/reference/DISCOVERY_LANDSCAPE.md	576	8	2505.01700	ORPHAN				physics-inspired potentials ([arXiv](https://arxiv.org/pdf/2505.01700)).
docs/reference/DISCOVERY_LANDSCAPE.md	600	8	10.1021	ORPHAN				([JCIM](https://pubs.acs.org/doi/10.1021/acs.jcim.2c01073))
docs/reference/DISCOVERY_LANDSCAPE.md	622	8	2507.17783	ORPHAN				geometric mean changes the labels** ([chembl-downloader](https://arxiv.org/pdf/2507.17783)).
docs/reference/DISCOVERY_LANDSCAPE.md	629	8	10.1021	ORPHAN				chemistry ([Phantom PAINS](https://pubs.acs.org/doi/10.1021/acs.jcim.6b00465)).
docs/reference/DISCOVERY_LANDSCAPE.md	639	8	1,455	ORPHAN				- **CACHE #5** (MCHR1, a GPCR): ~1,455–1,553 compounds nominated across 23 participants.
docs/reference/DISCOVERY_LANDSCAPE.md	639	8	1,553	ORPHAN				- **CACHE #5** (MCHR1, a GPCR): ~1,455–1,553 compounds nominated across 23 participants.
docs/reference/DISCOVERY_LANDSCAPE.md	701	9	10,000	ORPHAN				synthesise. *Decide* is active-learning prioritisation: of these 10,000 designs, which 40 do we
docs/reference/DISCOVERY_LANDSCAPE.md	721	9	1.73	ORPHAN				| **58 public systems** | **1.73 kcal/mol** [1.53–1.96] | 10 |
docs/reference/DISCOVERY_LANDSCAPE.md	721	9	1.53	ORPHAN				| **58 public systems** | **1.73 kcal/mol** [1.53–1.96] | 10 |
docs/reference/DISCOVERY_LANDSCAPE.md	721	9	1.96	ORPHAN				| **58 public systems** | **1.73 kcal/mol** [1.53–1.96] | 10 |
docs/reference/DISCOVERY_LANDSCAPE.md	722	9	2.44	ORPHAN				| **37 private industrial systems** | **2.44 kcal/mol** [1.94–3.06] | **2** |
docs/reference/DISCOVERY_LANDSCAPE.md	722	9	1.94	ORPHAN				| **37 private industrial systems** | **2.44 kcal/mol** [1.94–3.06] | **2** |
docs/reference/DISCOVERY_LANDSCAPE.md	722	9	3.06	ORPHAN				| **37 private industrial systems** | **2.44 kcal/mol** [1.94–3.06] | **2** |
docs/reference/DISCOVERY_LANDSCAPE.md	724	9	10.1021	ORPHAN		y		([JCIM](https://pubs.acs.org/doi/10.1021/acs.jcim.6c00089)) — ranking quality was comparable to
docs/reference/DISCOVERY_LANDSCAPE.md	728	9	2.44	ORPHAN				> **2.44 kcal/mol is state-of-the-art physics on unseen industrial molecule series.** For
docs/reference/DISCOVERY_LANDSCAPE.md	759	9	10.1186	ORPHAN				([J Cheminform 2025](https://link.springer.com/article/10.1186/s13321-025-01059-4)).
docs/reference/DISCOVERY_LANDSCAPE.md	791	9	10.1021	ORPHAN				ensemble conformal calibration ([JCIM](https://pubs.acs.org/doi/10.1021/acs.jcim.4c01139)).
docs/reference/DISCOVERY_LANDSCAPE.md	930	11.2	1,000	ORPHAN			hist	| **DepMap** | S1 S2 S3 | CRISPR knockout dependency across ~1,000+ cancer cell lines; the essentiality refere
docs/reference/DISCOVERY_LANDSCAPE.md	943	11.2	17,080	ORPHAN				| **PrimeKG** | S1 S2 | Precomputed biomedical KG: 4.05M edges, 29 edge types, 17,080 diseases — **what our PO
docs/reference/DISCOVERY_LANDSCAPE.md	957	11.2	13,130	ORPHAN		y		| **TDC (Therapeutics Data Commons)** | S4 S5 | Benchmark suite: 22 ADMET datasets, 475–13,130 molecules each
docs/reference/DISCOVERY_LANDSCAPE.md	979	11.3	1.73	ORPHAN				| **OpenFE** (+ alchemiscale) | S5 | Open free energy; **1.73 public / 2.44 private kcal/mol RMSE** | MIT | 🔌
docs/reference/DISCOVERY_LANDSCAPE.md	979	11.3	2.44	ORPHAN				| **OpenFE** (+ alchemiscale) | S5 | Open free energy; **1.73 public / 2.44 private kcal/mol RMSE** | MIT | 🔌
docs/reference/DISCOVERY_LANDSCAPE.md	1191	13.3	0.28	ORPHAN				| `nearest_train_analog` | CHEMBL… , Tanimoto 0.28 | nearest-neighbour lookup |
docs/reference/DISCOVERY_LANDSCAPE.md	1199	13.3	0.28	ORPHAN				is outside the model's applicability domain (nearest training analog Tanimoto 0.28), so treat the
docs/reference/DISCOVERY_LANDSCAPE.md	1259	13.5	0.31	ORPHAN			hist	**contextualises each prediction against a reference set of approved drugs**, so "0.31" becomes
docs/reference/DISCOVERY_LANDSCAPE.md	1384	14	0.96	ORPHAN		y		| **hERG AUC ~0.96** | Split-dependent; do not quote without stating the split |
docs/reference/DISCOVERY_LANDSCAPE.md	1390	14	2.6	ORPHAN				| **Minikel 2024 2.6×** and the **Phase I 80–90% / Phase II ~40%** split | Primary, peer-reviewed, load-bearin
docs/reference/RESEARCH_NOTE.md	54	2	141,296	ORPHAN				- *Summary:* Built a human interactome (~141,296 interactions among ~13,460 proteins) and
docs/reference/RESEARCH_NOTE.md	54	2	13,460	ORPHAN				- *Summary:* Built a human interactome (~141,296 interactions among ~13,460 proteins) and
docs/reference/RESEARCH_NOTE.md	76	2	1,206	ORPHAN				- *Summary:* On a heterogeneous network, enumerated **~1,206 typed metapaths** and computed the
docs/reference/RESEARCH_NOTE.md	85	2	10.1186	ORPHAN				([s12859-024-05683-z](https://link.springer.com/article/10.1186/s12859-024-05683-z))
docs/reference/RESEARCH_NOTE.md	89	2	0.85	ORPHAN				BA ≈ 0.85 / F1 ≈ 0.79 on held-out gene–disease associations — our exact pipeline shape.
docs/reference/RESEARCH_NOTE.md	89	2	0.79	VALUE_ONLY	nb3b_hub_bias_meter.py:7.2 champion Q5 probability			BA ≈ 0.85 / F1 ≈ 0.79 on held-out gene–disease associations — our exact pipeline shape.
docs/reference/RESEARCH_NOTE.md	153	5	2504.08445	ORPHAN				*KGE gene–disease benchmark* ([arXiv 2504.08445](https://arxiv.org/abs/2504.08445)),
docs/reference/RESEARCH_NOTE.md	155	5	2105.10578	ORPHAN				*KG-enhanced tensor factorization* ([arXiv 2105.10578](https://arxiv.org/abs/2105.10578)),
docs/reference/RESEARCH_NOTE.md	164	5	0.92	ORPHAN		y		ADR prediction from a drug-target-ADR KG (AUC 0.92). Add DepMap + GTEx (per-gene features) →
docs/reference/RESEARCH_NOTE.md	168	5	10.3389	ORPHAN				*BenevolentAI baricitinib* ([Front Pharmacol 2021](https://www.frontiersin.org/journals/pharmacology/articles/
docs/reference/RESEARCH_NOTE.md	178	6	2504.08445	ORPHAN				| 2 | [KGE gene–disease benchmark — arXiv 2025](https://arxiv.org/abs/2504.08445) | primary | deferred (KGE) |
docs/reference/RESEARCH_NOTE.md	180	6	2105.10578	ORPHAN				| 4 | [KG tensor factorization — arXiv 2022](https://arxiv.org/abs/2105.10578) | primary | deferred (KGE) |
docs/reference/RESEARCH_NOTE.md	186	6	10.1186	ORPHAN		y		| 10 | [MultiXrank — *BMC Bioinf* 2024](https://link.springer.com/article/10.1186/s12859-024-05683-z) | primar
docs/reference/RESEARCH_NOTE.md	198	6	10.3389	ORPHAN				| 22 | [BenevolentAI — *Front Pharmacol* 2021](https://www.frontiersin.org/journals/pharmacology/articles/10.3
notebooks/README.md	41	-	0.59	VALUE_ONLY	nb3b_hub_bias_meter.py:7.2 champion Q1 probability			under-score poorly-connected true targets?"* — about **detection**, and it is the source of the 0.59 →
notebooks/README.md	42	-	0.79	VALUE_ONLY	nb3b_hub_bias_meter.py:7.2 champion Q5 probability			0.79 finding. They point opposite ways and both are true. `nb6` §5.2 carries `nb3b`'s version for the
notebooks/README.md	90	-	0.8567	ORPHAN				- **The gene-popularity shortcut reaches the association axis**: `gene_n_diseases` alone scores 0.8567.
notebooks/README.md	91	-	56.4	ORPHAN				- **§3.3's thesis was backwards** — over 259 parent-child pairs the more specific term wins 56.4%.
webapp/DEPLOYMENT.md	182	5	129,253	ORPHAN				That is deliberate — `dashboard_candidates` is 129,253 rows and re-reading it per request makes the
webapp/README.md	68	-	3.11	VALUE_ONLY	nb4_results_three_axes.py:8.4 macro dm lift @10			ENV_NAME=my-code-env # a Python ≥3.11 code env on the DSS instance
webapp/README.md	298	-	3.11	VALUE_ONLY	nb4_results_three_axes.py:8.4 macro dm lift @10			and `uvicorn` installed. Python ≥3.11 is recommended (see tech notes).
webapp/README.md	391	-	3.11	VALUE_ONLY	nb4_results_three_axes.py:8.4 macro dm lift @10			**`from __future__ import annotations` / Python ≥3.11**
webapp/README.md	394	-	3.10	ORPHAN				generics) require Python 3.10+. DSS's default Python environment may be 3.9. The backend
webapp/README.md	396	-	3.11	VALUE_ONLY	nb4_results_three_axes.py:8.4 macro dm lift @10			still: create a code env with Python 3.11+ and set it in `app.env` as `ENV_NAME`.
webapp/README.md	414	-	3.11	VALUE_ONLY	nb4_results_three_axes.py:8.4 macro dm lift @10			| `ENV_NAME` | `deploy.sh` | Code env on the DSS instance (Python ≥3.11 recommended) |
webapp/README.md	739	-	3.11	VALUE_ONLY	nb4_results_three_axes.py:8.4 macro dm lift @10			- **Python ≥3.11** — recommended for the code env. The backend uses `from __future__ import annotations` as a
