file	line	section	value	status	guarded_by	model_dep	hint	context
archive/DASHBOARD_BUILD_LOG.md	38	11	10,000	ORPHAN				**DSS traps worth keeping** (they apply to any presentation layer): chart sampling defaults to 10,000
archive/DASHBOARD_BUILD_LOG.md	41	11	129,253	ORPHAN				`dashboard_candidates` pulls all 129,253 rows in one `head` call, which is how every HER2+ figure here was
archive/DASHBOARD_BUILD_LOG.md	85	12.2	2,851,510	ORPHAN				at most a few hundred rows *once computed*. The app must never read `graph_edges` (2,851,510 rows) to
archive/DASHBOARD_BUILD_LOG.md	102	12.2	12,272	ORPHAN				**Second question, and it applies to exactly one dataset.** Act 4 needs row-level data: ~12,272 rows ×
archive/DASHBOARD_BUILD_LOG.md	108	12.2	129,253	ORPHAN				(129,253 × 63).
archive/DASHBOARD_BUILD_LOG.md	113	12.2	12,272	ORPHAN				`WHERE disease_index = 48537` is pushed to the warehouse and only 12,272 rows transfer. Cold start is
archive/DASHBOARD_BUILD_LOG.md	131	12.2	2,851,510	ORPHAN				`dku dataset metrics get graph_edges records:COUNT_RECORDS` returns 2,851,510 today. Reading a metric
archive/DASHBOARD_BUILD_LOG.md	134	12.2	113,391	ORPHAN				*And for the two headline scalars, metrics are strictly better.* 113,391 nodes and 2,851,510 edges are
archive/DASHBOARD_BUILD_LOG.md	134	12.2	2,851,510	ORPHAN				*And for the two headline scalars, metrics are strictly better.* 113,391 nodes and 2,851,510 edges are
archive/DASHBOARD_BUILD_LOG.md	212	12.2	113,391	ORPHAN				- **Act 1's stat card reads metrics, not a dataset sum.** 113,391 and 2,851,510 are already
archive/DASHBOARD_BUILD_LOG.md	212	12.2	2,851,510	ORPHAN				- **Act 1's stat card reads metrics, not a dataset sum.** 113,391 and 2,851,510 are already
archive/DASHBOARD_BUILD_LOG.md	243	12.4	0.8962	ORPHAN		y		`auc = 0.8962` and `averagePrecision = 0.3359`. Both are **pooled, on the model's internal test split**:
archive/DASHBOARD_BUILD_LOG.md	243	12.4	0.3359	ORPHAN		y		`auc = 0.8962` and `averagePrecision = 0.3359`. Both are **pooled, on the model's internal test split**:
archive/DASHBOARD_BUILD_LOG.md	247	12.4	0.8962	ORPHAN		y		| AUROC | 0.8962 | **0.8230** | +7.3 pts — exactly the pooled overstatement the project warns about |
archive/DASHBOARD_BUILD_LOG.md	247	12.4	0.8230	VALUE_ONLY	nb3_validation_and_plots.py:10.1 macro per-disease AUC	y		| AUROC | 0.8962 | **0.8230** | +7.3 pts — exactly the pooled overstatement the project warns about |
archive/DASHBOARD_BUILD_LOG.md	248	12.4	0.3359	ORPHAN		y		| AUPRC | 0.3359 | **0.1778** | nearly 2× |
archive/DASHBOARD_BUILD_LOG.md	248	12.4	0.1778	ORPHAN		y		| AUPRC | 0.3359 | **0.1778** | nearly 2× |
archive/DASHBOARD_BUILD_LOG.md	253	12.4	1.89	VALUE_ONLY	nb2_splitting_and_pool.py:5.2 pool positive rate %	y		candidate pool is **1.89% positive**, so a random ranker scores AUPRC 0.0189. The champion's 0.1778 is
archive/DASHBOARD_BUILD_LOG.md	253	12.4	0.0189	ORPHAN		y		candidate pool is **1.89% positive**, so a random ranker scores AUPRC 0.0189. The champion's 0.1778 is
archive/DASHBOARD_BUILD_LOG.md	253	12.4	0.1778	ORPHAN		y		candidate pool is **1.89% positive**, so a random ranker scores AUPRC 0.0189. The champion's 0.1778 is
archive/DASHBOARD_BUILD_LOG.md	254	12.4	9.4	ORPHAN				**9.4× the base rate**. Form: a horizontal bar with the base rate as a hairline at the left edge and the
archive/DASHBOARD_BUILD_LOG.md	255	12.4	9.4	ORPHAN				achieved value as the bar, labelled *"9.4× better than chance at concentrating true targets."* Put
archive/DASHBOARD_BUILD_LOG.md	257	12.4	1.89	VALUE_ONLY	nb2_splitting_and_pool.py:5.2 pool positive rate %			1.89% prevalence.
archive/DASHBOARD_BUILD_LOG.md	268	12.5	38,092	ORPHAN			hist	| 1 | Replace *Accepted vs reference* with the source count | **but say "6 external sources"**, not 7. The sev
archive/DASHBOARD_BUILD_LOG.md	268	12.5	25,906	ORPHAN			hist	| 1 | Replace *Accepted vs reference* with the source count | **but say "6 external sources"**, not 7. The sev
archive/DASHBOARD_BUILD_LOG.md	268	12.5	20,861	ORPHAN			hist	| 1 | Replace *Accepted vs reference* with the source count | **but say "6 external sources"**, not 7. The sev
archive/DASHBOARD_BUILD_LOG.md	268	12.5	19,120	ORPHAN			hist	| 1 | Replace *Accepted vs reference* with the source count | **but say "6 external sources"**, not 7. The sev
archive/DASHBOARD_BUILD_LOG.md	268	12.5	5,282	ORPHAN			hist	| 1 | Replace *Accepted vs reference* with the source count | **but say "6 external sources"**, not 7. The sev
archive/DASHBOARD_BUILD_LOG.md	268	12.5	2,883	ORPHAN			hist	| 1 | Replace *Accepted vs reference* with the source count | **but say "6 external sources"**, not 7. The sev
archive/DASHBOARD_BUILD_LOG.md	268	12.5	1,247	ORPHAN			hist	| 1 | Replace *Accepted vs reference* with the source count | **but say "6 external sources"**, not 7. The sev
archive/DASHBOARD_BUILD_LOG.md	275	12.5	0.03	ORPHAN				write*. Keep it as **one sentence in the act lede** (`−0.03% on edges, 14 of 18 relations reproduce
archive/DASHBOARD_BUILD_LOG.md	283	12.6	3,380,853	VALUE_ONLY	nb2_splitting_and_pool.py:5.2 GGD rows			GGD 3,380,853 ─┐
archive/DASHBOARD_BUILD_LOG.md	284	12.6	5,373,706	VALUE_ONLY	nb2_splitting_and_pool.py:5.2 GPGD rows			GPGD 5,373,706 ─┼─► pool 6,754,128 (1.89% positive) ─┬─► train 2,187,862
archive/DASHBOARD_BUILD_LOG.md	284	12.6	6,754,128	VALUE_ONLY	nb2_splitting_and_pool.py:5.2 pool rows			GPGD 5,373,706 ─┼─► pool 6,754,128 (1.89% positive) ─┬─► train 2,187,862
archive/DASHBOARD_BUILD_LOG.md	284	12.6	1.89	VALUE_ONLY	nb2_splitting_and_pool.py:5.2 pool positive rate %			GPGD 5,373,706 ─┼─► pool 6,754,128 (1.89% positive) ─┬─► train 2,187,862
archive/DASHBOARD_BUILD_LOG.md	284	12.6	2,187,862	ORPHAN				GPGD 5,373,706 ─┼─► pool 6,754,128 (1.89% positive) ─┬─► train 2,187,862
archive/DASHBOARD_BUILD_LOG.md	285	12.6	42,227	VALUE_ONLY	nb2_splitting_and_pool.py:5.2 GCD rows			GCD 42,227 ─┘ ├─► validation 3,958,921
archive/DASHBOARD_BUILD_LOG.md	285	12.6	3,958,921	ORPHAN				GCD 42,227 ─┘ ├─► validation 3,958,921
archive/DASHBOARD_BUILD_LOG.md	286	12.6	607,345	ORPHAN				└─► test 607,345
archive/DASHBOARD_BUILD_LOG.md	289	12.6	8,796,786	ORPHAN				Two things to get right. **The three routes overlap** — they sum to 8,796,786 against a union of
archive/DASHBOARD_BUILD_LOG.md	290	12.6	6,754,128	VALUE_ONLY	nb2_splitting_and_pool.py:5.2 pool rows			6,754,128 — so a naive Sankey overstates the left side by 30%. Render the union explicitly or label the
archive/DASHBOARD_BUILD_LOG.md	291	12.6	0.6	VALUE_ONLY	nb3b_hub_bias_meter.py:7.2 champion Q1 probability			overlap. And **the GCD ribbon is the drug route at 0.6%**: showing it is honest and preempts a
archive/DASHBOARD_BUILD_LOG.md	300	12.6	0.8230	VALUE_ONLY	nb3_validation_and_plots.py:10.1 macro per-disease AUC	y		Each tab carries its own n and macro: *disease* → 668 / 0.8230, *family* → 503 / 0.8009.
archive/DASHBOARD_BUILD_LOG.md	300	12.6	0.8009	VALUE_ONLY	nb3_validation_and_plots.py:7.3 per-family macro AUC	y		Each tab carries its own n and macro: *disease* → 668 / 0.8230, *family* → 503 / 0.8009.
archive/DASHBOARD_BUILD_LOG.md	305	12.6	129,253	ORPHAN		y		drivers for all 129,253 scored rows. Aggregating gives an empirical importance ranking over all 14
archive/DASHBOARD_BUILD_LOG.md	310	12.6	76,487	ORPHAN				| 1 | `ppi_evidence_depth` | 76,487 | | 8 | `gene_n_pathways` | 4,666 |
archive/DASHBOARD_BUILD_LOG.md	310	12.6	4,666	ORPHAN				| 1 | `ppi_evidence_depth` | 76,487 | | 8 | `gene_n_pathways` | 4,666 |
archive/DASHBOARD_BUILD_LOG.md	311	12.6	46,643	ORPHAN				| 2 | `ppi_multi_source_frac` | 46,643 | | 9 | `ppi_adamic_adar` | 3,220 |
archive/DASHBOARD_BUILD_LOG.md	311	12.6	3,220	ORPHAN				| 2 | `ppi_multi_source_frac` | 46,643 | | 9 | `ppi_adamic_adar` | 3,220 |
archive/DASHBOARD_BUILD_LOG.md	312	12.6	46,382	ORPHAN				| 3 | `dwpc_GBGD` | 46,382 | | 10 | `prox_closest` | 2,550 |
archive/DASHBOARD_BUILD_LOG.md	312	12.6	2,550	ORPHAN				| 3 | `dwpc_GBGD` | 46,382 | | 10 | `prox_closest` | 2,550 |
archive/DASHBOARD_BUILD_LOG.md	313	12.6	23,204	ORPHAN				| 4 | `dwpc_GPGD` | 23,204 | | 11 | `ppi_jaccard` | 2,167 |
archive/DASHBOARD_BUILD_LOG.md	313	12.6	2,167	ORPHAN				| 4 | `dwpc_GPGD` | 23,204 | | 11 | `ppi_jaccard` | 2,167 |
archive/DASHBOARD_BUILD_LOG.md	314	12.6	21,802	ORPHAN				| 5 | `prox_kernel` | 21,802 | | 12 | `dwpc_GGD` | 1,148 |
archive/DASHBOARD_BUILD_LOG.md	314	12.6	1,148	ORPHAN				| 5 | `prox_kernel` | 21,802 | | 12 | `dwpc_GGD` | 1,148 |
archive/DASHBOARD_BUILD_LOG.md	315	12.6	19,180	ORPHAN				| 6 | `dwpc_GFGD` | 19,180 | | 13 | `shared_pathway_frac` | 111 |
archive/DASHBOARD_BUILD_LOG.md	316	12.6	10,857	ORPHAN				| 7 | `gene_ppi_degree` | 10,857 | | 14 | `ppi_common_neighbors_z` | 89 |
archive/DASHBOARD_BUILD_LOG.md	346	12.7	0.9188	ORPHAN				| hematologic cancer | 29 | 0.9188 | largest panel in the project |
archive/DASHBOARD_BUILD_LOG.md	347	12.7	0.9272	ORPHAN				| breast cancer | 19 | 0.9272 | the spine; the subtype-resolution story |
archive/DASHBOARD_BUILD_LOG.md	348	12.7	0.9312	ORPHAN				| lung cancer | 17 | 0.9312 | the morphological-subtype *failure*, in-panel |
archive/DASHBOARD_BUILD_LOG.md	349	12.7	0.9309	ORPHAN				| sarcoma | 13 | 0.9309 | a rare-disease shape |
archive/DASHBOARD_BUILD_LOG.md	350	12.7	0.9233	ORPHAN				| salivary gland cancer | 11 | 0.9233 | small, high-quality |
archive/DASHBOARD_BUILD_LOG.md	351	12.7	0.8577	ORPHAN				| **anemia** | 9 | 0.8577 | **not cancer** |
archive/DASHBOARD_BUILD_LOG.md	352	12.7	0.8345	ORPHAN				| **epilepsy syndrome** | 7 | 0.8345 | **not cancer, not oncology-adjacent** |
archive/DASHBOARD_BUILD_LOG.md	388	12.7	0.9365	VALUE_ONLY	nb4_results_three_axes.py:8.10 HER2+ AUC			| HER2+ breast | 599 | 0.9365 | [0.923, 0.950] |
archive/DASHBOARD_BUILD_LOG.md	388	12.7	0.923	ORPHAN				| HER2+ breast | 599 | 0.9365 | [0.923, 0.950] |
archive/DASHBOARD_BUILD_LOG.md	388	12.7	0.950	ORPHAN				| HER2+ breast | 599 | 0.9365 | [0.923, 0.950] |
archive/DASHBOARD_BUILD_LOG.md	389	12.7	0.9043	ORPHAN				| breast adenocarcinoma | 53 | 0.9043 | [0.850, 0.959] |
archive/DASHBOARD_BUILD_LOG.md	389	12.7	0.850	ORPHAN				| breast adenocarcinoma | 53 | 0.9043 | [0.850, 0.959] |
archive/DASHBOARD_BUILD_LOG.md	389	12.7	0.959	ORPHAN				| breast adenocarcinoma | 53 | 0.9043 | [0.850, 0.959] |
archive/DASHBOARD_BUILD_LOG.md	390	12.7	0.8411	ORPHAN				| ER-negative breast | 14 | 0.8411 | [0.712, 0.971] |
archive/DASHBOARD_BUILD_LOG.md	390	12.7	0.712	ORPHAN				| ER-negative breast | 14 | 0.8411 | [0.712, 0.971] |
archive/DASHBOARD_BUILD_LOG.md	390	12.7	0.971	ORPHAN				| ER-negative breast | 14 | 0.8411 | [0.712, 0.971] |
archive/DASHBOARD_BUILD_LOG.md	391	12.7	0.8949	ORPHAN				| **triple-negative breast** | **8** | 0.8949 | **[0.749, 1.041]** |
archive/DASHBOARD_BUILD_LOG.md	391	12.7	0.749	ORPHAN				| **triple-negative breast** | **8** | 0.8949 | **[0.749, 1.041]** |
archive/DASHBOARD_BUILD_LOG.md	391	12.7	1.041	ORPHAN				| **triple-negative breast** | **8** | 0.8949 | **[0.749, 1.041]** |
archive/DASHBOARD_BUILD_LOG.md	393	12.7	1.041	ORPHAN		y		**TNBC's upper bound is 1.041 — impossible for an AUC.** That single fact demonstrates the point better
archive/DASHBOARD_BUILD_LOG.md	433	12.8	12,272	ORPHAN				| 3 | Funnel as a Sankey | ⚠ **prototype before committing.** The last stage is 38 of 12,272 — 0.3% — which re
archive/DASHBOARD_BUILD_LOG.md	433	12.8	0.3	VALUE_ONLY	nb3b_hub_bias_meter.py:7.2 champion rho(degree,proba)			| 3 | Funnel as a Sankey | ⚠ **prototype before committing.** The last stage is 38 of 12,272 — 0.3% — which re
archive/DASHBOARD_BUILD_LOG.md	450	12.9	0.002	VALUE_ONLY	nb3_validation_and_plots.py:7.4 orthogonality pearson r	y		| Orthogonality (r = +0.002) | **act 2** — the AUC spread | *"a high AUC in act 2 does not buy therapeutic rel
archive/DASHBOARD_BUILD_LOG.md	453	12.9	0.9354	ORPHAN				| The 0.9354 lookup | **act 2** | *"this is why act 2 led with a distribution and not a score"* |
archive/DASHBOARD_BUILD_LOG.md	486	12.11	2.9	ORPHAN		y		1. **`2.9×` degree-matched at top-10 is unguarded and matches no current estimator.** The guarded
archive/DASHBOARD_BUILD_LOG.md	487	12.11	3.29	VALUE_ONLY	nb4_results_three_axes.py:8.4 pooled dm lift @10	y		assertions in `nb4` §8.4 are **pooled 3.29× at K=10** and **2.42× at K=200**, with **macro 3.11× at
archive/DASHBOARD_BUILD_LOG.md	487	12.11	2.42	VALUE_ONLY	nb4_results_three_axes.py:8.4 pooled dm lift @200	y		assertions in `nb4` §8.4 are **pooled 3.29× at K=10** and **2.42× at K=200**, with **macro 3.11× at
archive/DASHBOARD_BUILD_LOG.md	487	12.11	3.11	VALUE_ONLY	nb4_results_three_axes.py:8.4 macro dm lift @10	y		assertions in `nb4` §8.4 are **pooled 3.29× at K=10** and **2.42× at K=200**, with **macro 3.11× at
archive/DASHBOARD_BUILD_LOG.md	497	12.11	1,247	ORPHAN				4. **Counting seven node sources overstates the claim.** `MONDO_grouped` (1,247) is a grouping we
archive/DASHBOARD_BUILD_LOG.md	519	13.1	129,253	ORPHAN				| `shap_driver_frequency` | **Prepare** (split ", " → strip " (…)" → fold to rows) → **Group** | all 129,253 r
archive/DASHBOARD_BUILD_LOG.md	535	13.2	27,153	ORPHAN				27,153 disease nodes
archive/DASHBOARD_BUILD_LOG.md	536	13.2	1,157	ORPHAN				└── 1,157 eligible (module_size ≥ 20 — the seed gate)
archive/DASHBOARD_BUILD_LOG.md	537	13.2	25,996	ORPHAN				└── 25,996 EXCLUDED (95.7%): fewer than 20 curated gene associations
archive/DASHBOARD_BUILD_LOG.md	537	13.2	95.7	ORPHAN				└── 25,996 EXCLUDED (95.7%): fewer than 20 curated gene associations
archive/DASHBOARD_BUILD_LOG.md	539	13.2	3,380,853	VALUE_ONLY	nb2_splitting_and_pool.py:5.2 GGD rows			GGD 3,380,853 ┐
archive/DASHBOARD_BUILD_LOG.md	540	13.2	5,373,706	VALUE_ONLY	nb2_splitting_and_pool.py:5.2 GPGD rows			GPGD 5,373,706├─► pool 6,754,128 (1.89% positive) ─┬─► train 2,187,862 (383 diseases)
archive/DASHBOARD_BUILD_LOG.md	540	13.2	6,754,128	VALUE_ONLY	nb2_splitting_and_pool.py:5.2 pool rows			GPGD 5,373,706├─► pool 6,754,128 (1.89% positive) ─┬─► train 2,187,862 (383 diseases)
archive/DASHBOARD_BUILD_LOG.md	540	13.2	1.89	VALUE_ONLY	nb2_splitting_and_pool.py:5.2 pool positive rate %			GPGD 5,373,706├─► pool 6,754,128 (1.89% positive) ─┬─► train 2,187,862 (383 diseases)
archive/DASHBOARD_BUILD_LOG.md	540	13.2	2,187,862	ORPHAN				GPGD 5,373,706├─► pool 6,754,128 (1.89% positive) ─┬─► train 2,187,862 (383 diseases)
archive/DASHBOARD_BUILD_LOG.md	541	13.2	42,227	VALUE_ONLY	nb2_splitting_and_pool.py:5.2 GCD rows			GCD 42,227 ┘ ├─► validation 3,958,921 (670)
archive/DASHBOARD_BUILD_LOG.md	541	13.2	3,958,921	ORPHAN				GCD 42,227 ┘ ├─► validation 3,958,921 (670)
archive/DASHBOARD_BUILD_LOG.md	542	13.2	607,345	ORPHAN				└─► test 607,345 (104)
archive/DASHBOARD_BUILD_LOG.md	545	13.2	1,157	ORPHAN				`383 + 670 + 104 = 1,157` — the eligible count exactly. **The excluded branch is 95.7% of the disease
archive/DASHBOARD_BUILD_LOG.md	545	13.2	95.7	ORPHAN				`383 + 670 + 104 = 1,157` — the eligible count exactly. **The excluded branch is 95.7% of the disease
archive/DASHBOARD_BUILD_LOG.md	547	13.2	2,341	ORPHAN				widen (20 → 5 would admit 931 more diseases). A second, much smaller loss belongs beside it: of 2,341
archive/DASHBOARD_BUILD_LOG.md	548	13.2	98.5	VALUE_ONLY	nb2_splitting_and_pool.py:10.4 reachability ceiling %			curated targets in the audited diseases, **98.5% are reachable in the pool and 1.5% (34) are not**.
archive/DASHBOARD_BUILD_LOG.md	548	13.2	1.5	ORPHAN				curated targets in the audited diseases, **98.5% are reachable in the pool and 1.5% (34) are not**.
archive/DASHBOARD_BUILD_LOG.md	557	13.3	0.975	VALUE_ONLY	nb1_features_and_config.py:6.1 highest |rho| vs degree	y		**Do not.** `nb1` §6.1 records the highest |rho| between a model feature and node degree at **0.975**.
archive/DASHBOARD_BUILD_LOG.md	576	13.4	0.062	ORPHAN				| minimum | 0.062% |
archive/DASHBOARD_BUILD_LOG.md	577	13.4	0.319	ORPHAN				| 10th percentile | 0.319% |
archive/DASHBOARD_BUILD_LOG.md	578	13.4	0.774	ORPHAN				| median | 0.774% |
archive/DASHBOARD_BUILD_LOG.md	579	13.4	2.861	ORPHAN				| 90th percentile | 2.861% |
archive/DASHBOARD_BUILD_LOG.md	580	13.4	19.466	ORPHAN				| maximum | 19.466% |
archive/DASHBOARD_BUILD_LOG.md	583	13.4	0.06	ORPHAN		y		from a floor 312× higher than one at 0.06%. Comparing AUPRC across that population compares prevalence
archive/DASHBOARD_BUILD_LOG.md	590	13.4	1.89	VALUE_ONLY	nb2_splitting_and_pool.py:5.2 pool positive rate %	y		So the rule: **AUPRC only at a single fixed prevalence** (the pooled pool at 1.89%, where 0.1778 against
archive/DASHBOARD_BUILD_LOG.md	590	13.4	0.1778	ORPHAN		y		So the rule: **AUPRC only at a single fixed prevalence** (the pooled pool at 1.89%, where 0.1778 against
archive/DASHBOARD_BUILD_LOG.md	591	13.4	0.0189	ORPHAN		y		a 0.0189 floor means 9.4× chance). For per-disease precision use `rank_enrichment`, which is comparable
archive/DASHBOARD_BUILD_LOG.md	591	13.4	9.4	ORPHAN		y		a 0.0189 floor means 9.4× chance). For per-disease precision use `rank_enrichment`, which is comparable
archive/DASHBOARD_BUILD_LOG.md	639	13.7	0.0069	ORPHAN				| HER2+ | 599 | 0.0069 | 0.0070 |
archive/DASHBOARD_BUILD_LOG.md	639	13.7	0.0070	ORPHAN				| HER2+ | 599 | 0.0069 | 0.0070 |
archive/DASHBOARD_BUILD_LOG.md	640	13.7	0.0080	ORPHAN				| breast carcinoma | 864 | 0.0080 | 0.0081 |
archive/DASHBOARD_BUILD_LOG.md	640	13.7	0.0081	ORPHAN				| breast carcinoma | 864 | 0.0080 | 0.0081 |
archive/DASHBOARD_BUILD_LOG.md	641	13.7	0.0243	ORPHAN				| luminal A | 101 | 0.0243 | 0.0243 |
archive/DASHBOARD_BUILD_LOG.md	642	13.7	0.0250	ORPHAN				| parent term | 138 | 0.0250 | 0.0250 |
archive/DASHBOARD_BUILD_LOG.md	643	13.7	0.0660	ORPHAN				| ER-negative | 14 | 0.0660 | 0.0661 |
archive/DASHBOARD_BUILD_LOG.md	643	13.7	0.0661	ORPHAN				| ER-negative | 14 | 0.0660 | 0.0661 |
archive/DASHBOARD_BUILD_LOG.md	644	13.7	0.0745	ORPHAN				| triple-negative | 8 | 0.0745 | 0.0746 |
archive/DASHBOARD_BUILD_LOG.md	644	13.7	0.0746	ORPHAN				| triple-negative | 8 | 0.0745 | 0.0746 |
archive/DASHBOARD_BUILD_LOG.md	646	13.7	0.0001	ORPHAN		y		Every value agrees to ≤ 0.0001. The interval is therefore **pure arithmetic on `auc`, `n_pos` and
archive/DASHBOARD_BUILD_LOG.md	689	13.9	12,272	ORPHAN				| show all pairs for the disease (12,272 rows, virtualised) | **add** — replaces the top-15 slice |
archive/DASHBOARD_BUILD_LOG.md	736	14.1	3.16	VALUE_ONLY	nb6_interrogation_and_close.py:6.1 membrane receptor drug_lift			reads" pass would remove them. They carry the **entire act 6 punch line**: membrane receptor 3.16× vs
archive/DASHBOARD_BUILD_LOG.md	737	14.1	0.78	VALUE_ONLY	nb6_interrogation_and_close.py:6.1 membrane receptor assoc_lift			0.78×, LoF-intolerant 2.07× / 1.37×, liability 4.62×. Those numbers appear in the deck and **nothing
archive/DASHBOARD_BUILD_LOG.md	737	14.1	2.07	VALUE_ONLY	nb6_interrogation_and_close.py:6.1 lof_intolerant assoc_lift			0.78×, LoF-intolerant 2.07× / 1.37×, liability 4.62×. Those numbers appear in the deck and **nothing
archive/DASHBOARD_BUILD_LOG.md	737	14.1	1.37	VALUE_ONLY	nb6_interrogation_and_close.py:6.1 lof_intolerant drug_lift			0.78×, LoF-intolerant 2.07× / 1.37×, liability 4.62×. Those numbers appear in the deck and **nothing
archive/DASHBOARD_BUILD_LOG.md	737	14.1	4.62	VALUE_ONLY	nb6_interrogation_and_close.py:6.1 liability drug_lift			0.78×, LoF-intolerant 2.07× / 1.37×, liability 4.62×. Those numbers appear in the deck and **nothing
archive/DASHBOARD_BUILD_LOG.md	776	14.2	0.8230	VALUE_ONLY	nb3_validation_and_plots.py:10.1 macro per-disease AUC			**0.8230** (NaN-skipping over the 668 that score), it is produced by a **visual Prepare recipe**, and it
archive/DASHBOARD_BUILD_LOG.md	777	14.2	1,113	ORPHAN				already feeds `compute_persona_candidates`. The `_2` variant is a 1,113-row two-level Python output that
archive/DASHBOARD_BUILD_LOG.md	860	14.5	3.29	VALUE_ONLY	nb4_results_three_axes.py:8.4 pooled dm lift @10	y		| degree-matched enrichment | `tractability_axis` | pooled 3.29× @10, 2.42× @200; macro 3.11× @10; the estimat
archive/DASHBOARD_BUILD_LOG.md	860	14.5	2.42	VALUE_ONLY	nb4_results_three_axes.py:8.4 pooled dm lift @200	y		| degree-matched enrichment | `tractability_axis` | pooled 3.29× @10, 2.42× @200; macro 3.11× @10; the estimat
archive/DASHBOARD_BUILD_LOG.md	860	14.5	3.11	VALUE_ONLY	nb4_results_three_axes.py:8.4 macro dm lift @10	y		| degree-matched enrichment | `tractability_axis` | pooled 3.29× @10, 2.42× @200; macro 3.11× @10; the estimat
archive/DASHBOARD_BUILD_LOG.md	861	14.5	0.59	VALUE_ONLY	nb3b_hub_bias_meter.py:7.2 champion Q1 probability	y		| hub-bias meter | `scored_champion` | 0.59 → 0.79 by degree quintile, 17.3% → 57.0% |
archive/DASHBOARD_BUILD_LOG.md	861	14.5	0.79	VALUE_ONLY	nb3b_hub_bias_meter.py:7.2 champion Q5 probability	y		| hub-bias meter | `scored_champion` | 0.59 → 0.79 by degree quintile, 17.3% → 57.0% |
archive/DASHBOARD_BUILD_LOG.md	861	14.5	17.3	VALUE_ONLY	nb6_interrogation_and_close.py:5.2 Q1 predicted-positive %	y		| hub-bias meter | `scored_champion` | 0.59 → 0.79 by degree quintile, 17.3% → 57.0% |
archive/DASHBOARD_BUILD_LOG.md	861	14.5	57.0	VALUE_ONLY	nb6_interrogation_and_close.py:5.2 Q5 predicted-positive %	y		| hub-bias meter | `scored_champion` | 0.59 → 0.79 by degree quintile, 17.3% → 57.0% |
archive/DASHBOARD_BUILD_LOG.md	862	14.5	16.88	VALUE_ONLY	nb4_results_three_axes.py:8.3 approved lift@10	y		| novel discovery | `novel_discovery_eval` | approved 16.88× @10, 5.04× @200; investigational 8.85× @10 |
archive/DASHBOARD_BUILD_LOG.md	862	14.5	5.04	VALUE_ONLY	nb4_results_three_axes.py:8.3 approved lift@200	y		| novel discovery | `novel_discovery_eval` | approved 16.88× @10, 5.04× @200; investigational 8.85× @10 |
archive/DASHBOARD_BUILD_LOG.md	862	14.5	8.85	VALUE_ONLY	nb4_results_three_axes.py:8.3 investigational lift@10	y		| novel discovery | `novel_discovery_eval` | approved 16.88× @10, 5.04× @200; investigational 8.85× @10 |
archive/DASHBOARD_BUILD_LOG.md	863	14.5	21.32	VALUE_ONLY	nb4_results_three_axes.py:8.3 curated>=0.8 lift@10			| ground-truth provenance | `raw_ot_known_drug`, `known_drug_truth` | 82% multi-target, 8% single-target survi
archive/DASHBOARD_BUILD_LOG.md	864	14.5	0.002	VALUE_ONLY	nb3_validation_and_plots.py:7.4 orthogonality pearson r	y		| orthogonality | `validation_auc_by_disease` × `drug_target_benchmark` | r = +0.002, R² = 0.0000 |
archive/DASHBOARD_BUILD_LOG.md	864	14.5	0.0000	VALUE_ONLY	nb2_splitting_and_pool.py:5.4 	y		| orthogonality | `validation_auc_by_disease` × `drug_target_benchmark` | r = +0.002, R² = 0.0000 |
archive/DASHBOARD_BUILD_LOG.md	865	14.5	3.16	VALUE_ONLY	nb6_interrogation_and_close.py:6.1 membrane receptor drug_lift	y	hist	| **the three refuted gates** | **`tractability_lift`, `safety_lift`** | **3.16× / 0.78×, 2.07× / 1.37×, 4.62×
archive/DASHBOARD_BUILD_LOG.md	865	14.5	0.78	VALUE_ONLY	nb6_interrogation_and_close.py:6.1 membrane receptor assoc_lift	y	hist	| **the three refuted gates** | **`tractability_lift`, `safety_lift`** | **3.16× / 0.78×, 2.07× / 1.37×, 4.62×
archive/DASHBOARD_BUILD_LOG.md	865	14.5	2.07	VALUE_ONLY	nb6_interrogation_and_close.py:6.1 lof_intolerant assoc_lift	y	hist	| **the three refuted gates** | **`tractability_lift`, `safety_lift`** | **3.16× / 0.78×, 2.07× / 1.37×, 4.62×
archive/DASHBOARD_BUILD_LOG.md	865	14.5	1.37	VALUE_ONLY	nb6_interrogation_and_close.py:6.1 lof_intolerant drug_lift	y	hist	| **the three refuted gates** | **`tractability_lift`, `safety_lift`** | **3.16× / 0.78×, 2.07× / 1.37×, 4.62×
archive/DASHBOARD_BUILD_LOG.md	865	14.5	4.62	VALUE_ONLY	nb6_interrogation_and_close.py:6.1 liability drug_lift	y	hist	| **the three refuted gates** | **`tractability_lift`, `safety_lift`** | **3.16× / 0.78×, 2.07× / 1.37×, 4.62×
archive/DASHBOARD_BUILD_LOG.md	867	14.5	0.9354	ORPHAN				| the lookup-table slide | `drug_target_benchmark` | 0.9354 vs the trained model |
archive/DASHBOARD_BUILD_LOG.md	897	14.6	2,882	ORPHAN				**succeeded with 672 rows instead of 2,882**, because its inputs were still being written. A join
archive/DASHBOARD_BUILD_LOG.md	1001	16	113,391	ORPHAN				| **A1** | `graph_node_type_counts` | 8 | Group | sums to 113,391 |
archive/DASHBOARD_BUILD_LOG.md	1002	16	113,391	ORPHAN				| | `graph_node_source_counts` | 7 | Group | sums to 113,391 |
archive/DASHBOARD_BUILD_LOG.md	1003	16	2,851,510	ORPHAN				| | `graph_relation_counts` | 18 | Group | sums to 2,851,510 |
archive/DASHBOARD_BUILD_LOG.md	1004	16	520,380	ORPHAN				| | `graph_ppi_provenance` | 7 | Group + pre-filter | sums to **520,380** — proves the filter fired |
archive/DASHBOARD_BUILD_LOG.md	1005	16	323,786	ORPHAN				| | `graph_label_evidence` | 3 | Group + pre-filter | sums to **323,786** |
archive/DASHBOARD_BUILD_LOG.md	1006	16	0.0001	ORPHAN				| **A2** | `validation_auc_ci` | 670 | **Prepare, Hanley–McNeil in GREL** | every documented `auc_se` to ≤0.00
archive/DASHBOARD_BUILD_LOG.md	1006	16	1.0410	ORPHAN				| **A2** | `validation_auc_ci` | 670 | **Prepare, Hanley–McNeil in GREL** | every documented `auc_se` to ≤0.00
archive/DASHBOARD_BUILD_LOG.md	1008	16	25,996	ORPHAN				| | `disease_eligibility` | 2 | Group | **25,996 / 1,157** |
archive/DASHBOARD_BUILD_LOG.md	1008	16	1,157	ORPHAN				| | `disease_eligibility` | 2 | Group | **25,996 / 1,157** |
archive/DASHBOARD_BUILD_LOG.md	1014	16	27,153	ORPHAN				| | `disease_hierarchy_annotation` | 27,153 | moved | — |
archive/DASHBOARD_BUILD_LOG.md	1015	16	129,253	ORPHAN				| **A4** | `dashboard_candidates` | 129,253 | moved | — |
archive/DASHBOARD_BUILD_LOG.md	1023	16	3,380,853	VALUE_ONLY	nb2_splitting_and_pool.py:5.2 GGD rows			`enriched_dwpc_GGD` (3,380,853), `enriched_dwpc_GPGD` (5,373,706) and `enriched_dwpc_GCD` (42,227),
archive/DASHBOARD_BUILD_LOG.md	1023	16	5,373,706	VALUE_ONLY	nb2_splitting_and_pool.py:5.2 GPGD rows			`enriched_dwpc_GGD` (3,380,853), `enriched_dwpc_GPGD` (5,373,706) and `enriched_dwpc_GCD` (42,227),
archive/DASHBOARD_BUILD_LOG.md	1023	16	42,227	VALUE_ONLY	nb2_splitting_and_pool.py:5.2 GCD rows			`enriched_dwpc_GGD` (3,380,853), `enriched_dwpc_GPGD` (5,373,706) and `enriched_dwpc_GCD` (42,227),
archive/DASHBOARD_BUILD_LOG.md	1210	19.2	0.35	ORPHAN				- **Prepare**: formula `lof_intolerant` = `if(isBlank(lof_oe_upper), null, if(lof_oe_upper < 0.35, 1, 0))`;
archive/DASHBOARD_BUILD_LOG.md	1245	20.1	20,861	ORPHAN				| `compute_graph_genes` | **Filter** | `graph_genes` | 20,861 |
archive/DASHBOARD_BUILD_LOG.md	1246	20.1	20,861	ORPHAN				| `compute_gene_crosswalk` | **Join** (`entrez_id = node_id`, auto-cast) | `gene_crosswalk` | 20,861 |
archive/DASHBOARD_BUILD_LOG.md	1247	20.1	20,837	ORPHAN				| `compute_gene_safety_join` | **Join** on `symbol` | `gene_safety_joined` | 20,837 |
archive/DASHBOARD_BUILD_LOG.md	1248	20.1	20,707	ORPHAN				| `compute_gene_safety_best` | **TopN**, 1 per `node_index` | `gene_safety_best` | 20,707 |
archive/DASHBOARD_BUILD_LOG.md	1249	20.1	20,707	ORPHAN				| `compute_gene_safety_v2` | **Prepare** — 2 formulas, rename, select | `enriched_gene_safety_v2` | 20,707 |
archive/DASHBOARD_BUILD_LOG.md	1251	20.1	20,707	ORPHAN				**Result: 0 mismatched cells across 20,707 genes × 10 columns — 207,070 cells compared.** The comparator
archive/DASHBOARD_BUILD_LOG.md	1251	20.1	207,070	ORPHAN				**Result: 0 mismatched cells across 20,707 genes × 10 columns — 207,070 cells compared.** The comparator
archive/DASHBOARD_BUILD_LOG.md	1259	20.2	20,861	ORPHAN				**The `drop_duplicates("symbol")` never fires.** `gene_crosswalk` is 20,861 rows over 20,861 distinct
archive/DASHBOARD_BUILD_LOG.md	1263	20.2	78,691	ORPHAN				**But `drop_duplicates("gene_index")` fires, and it is non-deterministic.** `raw_ot_safety` has 78,691
archive/DASHBOARD_BUILD_LOG.md	1264	20.2	77,084	ORPHAN				rows over 77,084 symbols — **477 symbols carry more than one row** (2,084 rows), because one symbol can
archive/DASHBOARD_BUILD_LOG.md	1264	20.2	2,084	ORPHAN				rows over 77,084 symbols — **477 symbols carry more than one row** (2,084 rows), because one symbol can
archive/DASHBOARD_BUILD_LOG.md	1298	20.5	20,861	ORPHAN				Same shape, verified the same way: **0 mismatched cells across 20,861 genes × 9 columns — 187,749
archive/DASHBOARD_BUILD_LOG.md	1298	20.5	187,749	ORPHAN				Same shape, verified the same way: **0 mismatched cells across 20,861 genes × 9 columns — 187,749
archive/DASHBOARD_BUILD_LOG.md	1365	21.2	12,272	ORPHAN				correct** — 13 personas, HER2+ at 12,272, matching the current population exactly. The timestamp is
archive/DASHBOARD_BUILD_LOG.md	1383	21.3	0.8230	VALUE_ONLY	nb3_validation_and_plots.py:10.1 macro per-disease AUC	y		**The number is right and it is unreproducible.** Macro AUC 0.8230 — the figure act 2 leads with, and
archive/DASHBOARD_BUILD_LOG.md	1392	21.3	0.8230	VALUE_ONLY	nb3_validation_and_plots.py:10.1 macro per-disease AUC	y		`validation_set_scored`, confirm `validation_auc_by_disease` still reproduces macro **0.8230** over 668
archive/DASHBOARD_BUILD_LOG.md	1411	21.5	0.8230	VALUE_ONLY	nb3_validation_and_plots.py:10.1 macro per-disease AUC	y		| `validation_auc_by_disease` | 670 rows, 668 scored, **macro 0.8230, median 0.8623** — **0 mismatched cells a
archive/DASHBOARD_BUILD_LOG.md	1411	21.5	0.8623	ORPHAN		y		| `validation_auc_by_disease` | 670 rows, 668 scored, **macro 0.8230, median 0.8623** — **0 mismatched cells a
archive/DASHBOARD_BUILD_LOG.md	1412	21.5	1.0410	ORPHAN				| `validation_auc_ci` | 670 rows, **0 mismatched cells × 7 columns**; the six documented `auc_se` still reprod
archive/DASHBOARD_BUILD_LOG.md	1474	22.2	0.59	VALUE_ONLY	nb3b_hub_bias_meter.py:7.2 champion Q1 probability			| `nb3b` | with biology held constant, does the model **under-score** poorly-connected true targets? | **detec
archive/DASHBOARD_BUILD_LOG.md	1474	22.2	0.79	VALUE_ONLY	nb3b_hub_bias_meter.py:7.2 champion Q5 probability			| `nb3b` | with biology held constant, does the model **under-score** poorly-connected true targets? | **detec
archive/DASHBOARD_BUILD_LOG.md	1551	23.2	0.6911	ORPHAN				| DSS `nb3` | **0.6911** |
archive/DASHBOARD_BUILD_LOG.md	1552	23.2	0.6886	VALUE_ONLY	nb2_splitting_and_pool.py:5.2.1 approved join auc_all			| repo `nb3` | **0.6886** |
archive/DASHBOARD_BUILD_LOG.md	1554	23.2	0.6911	ORPHAN		y		And `models.tsv`: **m3-f12 = 0.6911, m7-f14 (champion) = 0.6886.**
archive/DASHBOARD_BUILD_LOG.md	1554	23.2	0.6886	VALUE_ONLY	nb2_splitting_and_pool.py:5.2.1 approved join auc_all	y		And `models.tsv`: **m3-f12 = 0.6911, m7-f14 (champion) = 0.6886.**
archive/DASHBOARD_BUILD_LOG.md	1575	23.3	0.6886	VALUE_ONLY	nb2_splitting_and_pool.py:5.2.1 approved join auc_all	y		| `nb1`'s three figures | the assertion values pinned to the champion (0.6886, not 0.6911) |
archive/DASHBOARD_BUILD_LOG.md	1575	23.3	0.6911	ORPHAN		y		| `nb1`'s three figures | the assertion values pinned to the champion (0.6886, not 0.6911) |
archive/DASHBOARD_BUILD_LOG.md	1614	24.2	3,958,921	ORPHAN		y		**1. `scored_champion` cannot be read whole in a container.** 3,958,921 rows killed the process with
archive/DASHBOARD_BUILD_LOG.md	1616	24.2	73,829	VALUE_ONLY	nb3b_hub_bias_meter.py:7.2 known-target rows			iterating 250k-row chunks and keeping only `is_target == 1` (73,829 rows). **Chunking rather than
archive/DASHBOARD_BUILD_LOG.md	1617	24.2	0.59	VALUE_ONLY	nb3b_hub_bias_meter.py:7.2 champion Q1 probability			sampling was deliberate:** sampling would move the 0.59 / 0.79 figures this section asserts.
archive/DASHBOARD_BUILD_LOG.md	1617	24.2	0.79	VALUE_ONLY	nb3b_hub_bias_meter.py:7.2 champion Q5 probability			sampling was deliberate:** sampling would move the 0.59 / 0.79 figures this section asserts.
archive/DASHBOARD_BUILD_LOG.md	1620	24.2	0.860	ORPHAN				documented rates are measured at the F1-optimised **0.860**, which is what `nb3b` uses.
archive/DASHBOARD_BUILD_LOG.md	1624	24.2	65.5	ORPHAN				| at 0.5 *(my error)* | 65.5% | 84.8% |
archive/DASHBOARD_BUILD_LOG.md	1624	24.2	84.8	ORPHAN				| at 0.5 *(my error)* | 65.5% | 84.8% |
archive/DASHBOARD_BUILD_LOG.md	1625	24.2	0.860	ORPHAN				| at 0.860 *(correct)* | **16.8%** | **57.6%** |
archive/DASHBOARD_BUILD_LOG.md	1625	24.2	16.8	ORPHAN				| at 0.860 *(correct)* | **16.8%** | **57.6%** |
archive/DASHBOARD_BUILD_LOG.md	1625	24.2	57.6	ORPHAN				| at 0.860 *(correct)* | **16.8%** | **57.6%** |
archive/DASHBOARD_BUILD_LOG.md	1626	24.2	17.3	VALUE_ONLY	nb6_interrogation_and_close.py:5.2 Q1 predicted-positive %			| documented | 17.3% | 57.0% |
archive/DASHBOARD_BUILD_LOG.md	1626	24.2	57.0	VALUE_ONLY	nb6_interrogation_and_close.py:5.2 Q5 predicted-positive %			| documented | 17.3% | 57.0% |
archive/DASHBOARD_BUILD_LOG.md	1628	24.2	3.4	ORPHAN				At 0.5 the same data reads as a *mild* effect. At the real threshold it is the 3.4× detection swing the
archive/DASHBOARD_BUILD_LOG.md	1642	24.3	109,630	ORPHAN				| pairs manufactured by the join | **109,630** | — |
archive/DASHBOARD_BUILD_LOG.md	1643	24.3	87.5	ORPHAN				| share from multi-target drugs | **87.5%** | 82% |
archive/DASHBOARD_BUILD_LOG.md	1644	24.3	12.5	ORPHAN				| surviving a single-target demand | **12.5%** | 8% |
archive/DASHBOARD_BUILD_LOG.md	1646	24.3	2,261	ORPHAN				Also measured: 2,261 drugs carry both edge kinds, the worst hits **78 targets**, and the median drug is
archive/DASHBOARD_BUILD_LOG.md	1651	24.3	109,630	ORPHAN				difference is most likely a denominator (109,630 manufactured pairs vs the 67,748 that resolve onto the
archive/DASHBOARD_BUILD_LOG.md	1651	24.3	67,748	VALUE_ONLY	nb4_results_three_axes.py:8.1 resolving onto graph			difference is most likely a denominator (109,630 manufactured pairs vs the 67,748 that resolve onto the
archive/DASHBOARD_BUILD_LOG.md	1656	24.3	87.5	ORPHAN				the assertion once the denominator is agreed — and until then, **the deck should quote 87.5%, or the
archive/DASHBOARD_BUILD_LOG.md	1753	26.1	0.8197	ORPHAN		y		| 10.1 macro per-disease AUC | 0.8197 | **0.8230** | **m3-f12** (`models.tsv` assoc_auroc = 0.8197) |
archive/DASHBOARD_BUILD_LOG.md	1753	26.1	0.8230	VALUE_ONLY	nb3_validation_and_plots.py:10.1 macro per-disease AUC	y		| 10.1 macro per-disease AUC | 0.8197 | **0.8230** | **m3-f12** (`models.tsv` assoc_auroc = 0.8197) |
archive/DASHBOARD_BUILD_LOG.md	1754	26.1	0.7976	ORPHAN		y		| 7.3 per-family macro AUC | 0.7976 | **0.8009** | m3-era |
archive/DASHBOARD_BUILD_LOG.md	1754	26.1	0.8009	VALUE_ONLY	nb3_validation_and_plots.py:7.3 per-family macro AUC	y		| 7.3 per-family macro AUC | 0.7976 | **0.8009** | m3-era |
archive/DASHBOARD_BUILD_LOG.md	1755	26.1	0.024	ORPHAN		y		| 7.4 orthogonality pearson r | +0.024 | **+0.002** | m3-era |
archive/DASHBOARD_BUILD_LOG.md	1755	26.1	0.002	VALUE_ONLY	nb3_validation_and_plots.py:7.4 orthogonality pearson r	y		| 7.4 orthogonality pearson r | +0.024 | **+0.002** | m3-era |
archive/DASHBOARD_BUILD_LOG.md	1756	26.1	0.0006	ORPHAN		y		| 7.4 orthogonality R² | 0.0006 | **0.0000** | m3-era |
archive/DASHBOARD_BUILD_LOG.md	1756	26.1	0.0000	VALUE_ONLY	nb2_splitting_and_pool.py:5.4 	y		| 7.4 orthogonality R² | 0.0006 | **0.0000** | m3-era |
archive/DASHBOARD_BUILD_LOG.md	1762	26.1	0.641	ORPHAN		y		| 6.1 dwpc_GPGD single-feature AUC | 0.641 | **0.702** | |
archive/DASHBOARD_BUILD_LOG.md	1762	26.1	0.702	ORPHAN		y		| 6.1 dwpc_GPGD single-feature AUC | 0.641 | **0.702** | |
archive/DASHBOARD_BUILD_LOG.md	1763	26.1	0.601	ORPHAN		y		| 6.1 dwpc_GGD single-feature AUC | 0.601 | **0.674** | |
archive/DASHBOARD_BUILD_LOG.md	1763	26.1	0.674	ORPHAN		y		| 6.1 dwpc_GGD single-feature AUC | 0.601 | **0.674** | |
archive/DASHBOARD_BUILD_LOG.md	1831	27.2	0.0006	ORPHAN				Four cells. ⚠ **Three other occurrences of `0.0006` in this notebook are `tol=` tolerances, not
archive/DASHBOARD_BUILD_LOG.md	1836	27.2	0.8197	ORPHAN		y		| 3 | `0.8197` → **`0.8230`** | the *documented value* in `check("10.1 macro per-disease AUC", …)`; its `tol=0
archive/DASHBOARD_BUILD_LOG.md	1836	27.2	0.8230	VALUE_ONLY	nb3_validation_and_plots.py:10.1 macro per-disease AUC	y		| 3 | `0.8197` → **`0.8230`** | the *documented value* in `check("10.1 macro per-disease AUC", …)`; its `tol=0
archive/DASHBOARD_BUILD_LOG.md	1836	27.2	0.0006	ORPHAN		y		| 3 | `0.8197` → **`0.8230`** | the *documented value* in `check("10.1 macro per-disease AUC", …)`; its `tol=0
archive/DASHBOARD_BUILD_LOG.md	1837	27.2	0.7976	ORPHAN		y		| 5 | `0.7976` → **`0.8009`** | `check("7.3 per-family macro AUC", …)` |
archive/DASHBOARD_BUILD_LOG.md	1837	27.2	0.8009	VALUE_ONLY	nb3_validation_and_plots.py:7.3 per-family macro AUC	y		| 5 | `0.7976` → **`0.8009`** | `check("7.3 per-family macro AUC", …)` |
archive/DASHBOARD_BUILD_LOG.md	1838	27.2	0.024	ORPHAN		y		| 7 | `0.024` → **`0.002`** | `check("7.4 orthogonality pearson r", …)` |
archive/DASHBOARD_BUILD_LOG.md	1838	27.2	0.002	VALUE_ONLY	nb3_validation_and_plots.py:7.4 orthogonality pearson r	y		| 7 | `0.024` → **`0.002`** | `check("7.4 orthogonality pearson r", …)` |
archive/DASHBOARD_BUILD_LOG.md	1839	27.2	0.0006	ORPHAN				| 7 | `0.0006` → **`0.0000`** | `check("7.4 orthogonality R2", …)` — this one **is** a value |
archive/DASHBOARD_BUILD_LOG.md	1839	27.2	0.0000	VALUE_ONLY	nb2_splitting_and_pool.py:5.4 			| 7 | `0.0006` → **`0.0000`** | `check("7.4 orthogonality R2", …)` — this one **is** a value |
archive/DASHBOARD_BUILD_LOG.md	1840	27.2	0.6911	ORPHAN		y		| 9 | `0.6911` → **`0.6886`** | `check("7.4 drug-target macro AUC", …)`; its `tol=0.0006` stays |
archive/DASHBOARD_BUILD_LOG.md	1840	27.2	0.6886	VALUE_ONLY	nb2_splitting_and_pool.py:5.2.1 approved join auc_all	y		| 9 | `0.6911` → **`0.6886`** | `check("7.4 drug-target macro AUC", …)`; its `tol=0.0006` stays |
archive/DASHBOARD_BUILD_LOG.md	1840	27.2	0.0006	ORPHAN		y		| 9 | `0.6911` → **`0.6886`** | `check("7.4 drug-target macro AUC", …)`; its `tol=0.0006` stays |
archive/DASHBOARD_BUILD_LOG.md	1894	28.1	0.8197	ORPHAN		y		1. **The six corrections** of §27.2 — all applied, verified none of `scored_m3`, `0.8197`, `0.7976` or
archive/DASHBOARD_BUILD_LOG.md	1894	28.1	0.7976	ORPHAN		y		1. **The six corrections** of §27.2 — all applied, verified none of `scored_m3`, `0.8197`, `0.7976` or
archive/DASHBOARD_BUILD_LOG.md	1895	28.1	0.6911	ORPHAN				`0.6911` survives anywhere in the file. The five `tol=0.0006` tolerances are untouched.
archive/DASHBOARD_BUILD_LOG.md	1895	28.1	0.0006	ORPHAN				`0.6911` survives anywhere in the file. The five `tol=0.0006` tolerances are untouched.
archive/DASHBOARD_BUILD_LOG.md	1911	28.2	0.8230	VALUE_ONLY	nb3_validation_and_plots.py:10.1 macro per-disease AUC	y		10.1 macro per-disease AUC 0.8230 PASS 7.4 orthogonality pearson r +0.002 PASS
archive/DASHBOARD_BUILD_LOG.md	1911	28.2	0.002	VALUE_ONLY	nb3_validation_and_plots.py:7.4 orthogonality pearson r	y		10.1 macro per-disease AUC 0.8230 PASS 7.4 orthogonality pearson r +0.002 PASS
archive/DASHBOARD_BUILD_LOG.md	1912	28.2	0.0000	VALUE_ONLY	nb2_splitting_and_pool.py:5.4 			10.1 validation diseases 670 PASS 7.4 orthogonality R2 0.0000 PASS
archive/DASHBOARD_BUILD_LOG.md	1913	28.2	0.8009	VALUE_ONLY	nb3_validation_and_plots.py:7.3 per-family macro AUC	y		7.3 per-family macro AUC 0.8009 PASS 7.4 drug-target macro AUC 0.6886 PASS
archive/DASHBOARD_BUILD_LOG.md	1913	28.2	0.6886	VALUE_ONLY	nb2_splitting_and_pool.py:5.2.1 approved join auc_all	y		7.3 per-family macro AUC 0.8009 PASS 7.4 drug-target macro AUC 0.6886 PASS
archive/DASHBOARD_BUILD_LOG.md	1914	28.2	0.8932	VALUE_ONLY	nb3_validation_and_plots.py:header pooled AUC	y		7.3 families 505 PASS header pooled AUC 0.8932 PASS
archive/DASHBOARD_BUILD_LOG.md	1915	28.2	0.8046	VALUE_ONLY	nb3_validation_and_plots.py:header per-split-key AUC	y		header per-split-key AUC 0.8046 PASS
archive/DASHBOARD_BUILD_LOG.md	1919	28.2	0.8932	VALUE_ONLY	nb3_validation_and_plots.py:header pooled AUC	y		`HEADER|pooled=0.8932|per_split_key=0.8046|split_keys=441` — the pooled figure is **7.0 points above**
archive/DASHBOARD_BUILD_LOG.md	1919	28.2	0.8046	VALUE_ONLY	nb3_validation_and_plots.py:header per-split-key AUC	y		`HEADER|pooled=0.8932|per_split_key=0.8046|split_keys=441` — the pooled figure is **7.0 points above**
archive/DASHBOARD_BUILD_LOG.md	1920	28.2	0.8230	VALUE_ONLY	nb3_validation_and_plots.py:10.1 macro per-disease AUC	y		the macro 0.8230, which is the overstatement §12.2 warns about, now measured rather than asserted.
archive/DASHBOARD_BUILD_LOG.md	2012	30.2	0.78	VALUE_ONLY	nb6_interrogation_and_close.py:6.1 membrane receptor assoc_lift			assertions (membrane receptor 0.78 / 3.16, ion channel 11.89, `lof_intolerant` 2.07 / 1.37, liability
archive/DASHBOARD_BUILD_LOG.md	2012	30.2	3.16	VALUE_ONLY	nb6_interrogation_and_close.py:6.1 membrane receptor drug_lift			assertions (membrane receptor 0.78 / 3.16, ion channel 11.89, `lof_intolerant` 2.07 / 1.37, liability
archive/DASHBOARD_BUILD_LOG.md	2012	30.2	11.89	VALUE_ONLY	nb6_interrogation_and_close.py:6.1 ion channel drug_lift			assertions (membrane receptor 0.78 / 3.16, ion channel 11.89, `lof_intolerant` 2.07 / 1.37, liability
archive/DASHBOARD_BUILD_LOG.md	2012	30.2	2.07	VALUE_ONLY	nb6_interrogation_and_close.py:6.1 lof_intolerant assoc_lift			assertions (membrane receptor 0.78 / 3.16, ion channel 11.89, `lof_intolerant` 2.07 / 1.37, liability
archive/DASHBOARD_BUILD_LOG.md	2012	30.2	1.37	VALUE_ONLY	nb6_interrogation_and_close.py:6.1 lof_intolerant drug_lift			assertions (membrane receptor 0.78 / 3.16, ion channel 11.89, `lof_intolerant` 2.07 / 1.37, liability
archive/DASHBOARD_BUILD_LOG.md	2013	30.2	4.62	VALUE_ONLY	nb6_interrogation_and_close.py:6.1 liability drug_lift			4.62) are **untouched** — which is the point. They were written against the recipe's output, so they
archive/DASHBOARD_BUILD_LOG.md	2030	30.2	746,309	ORPHAN			hist	it is derived from the retired tables themselves, where `lof_intolerant` (746,309 + 107,600 + 53,337)
archive/DASHBOARD_BUILD_LOG.md	2030	30.2	107,600	ORPHAN			hist	it is derived from the retired tables themselves, where `lof_intolerant` (746,309 + 107,600 + 53,337)
archive/DASHBOARD_BUILD_LOG.md	2030	30.2	53,337	ORPHAN			hist	it is derived from the retired tables themselves, where `lof_intolerant` (746,309 + 107,600 + 53,337)
archive/DASHBOARD_BUILD_LOG.md	2031	30.2	425,469	ORPHAN		y		and `ot_ab_tractable` (425,469 + 481,777) independently sum to 907,246. If the codified truth-table
archive/DASHBOARD_BUILD_LOG.md	2031	30.2	481,777	ORPHAN		y		and `ot_ab_tractable` (425,469 + 481,777) independently sum to 907,246. If the codified truth-table
archive/DASHBOARD_BUILD_LOG.md	2031	30.2	907,246	VALUE_ONLY	nb6_interrogation_and_close.py:6.0 lift base rows	y		and `ot_ab_tractable` (425,469 + 481,777) independently sum to 907,246. If the codified truth-table
archive/DASHBOARD_BUILD_LOG.md	2033	30.2	905,651	ORPHAN				905,651 — 1,595 rows sit in groups under the `n>=2000` floor, dropped from the table, not the base.)
archive/DASHBOARD_BUILD_LOG.md	2033	30.2	1,595	ORPHAN				905,651 — 1,595 rows sit in groups under the `n>=2000` floor, dropped from the table, not the base.)
archive/DASHBOARD_BUILD_LOG.md	2046	30.3	0.78	VALUE_ONLY	nb6_interrogation_and_close.py:6.1 membrane receptor assoc_lift			| membrane receptor `assoc_lift` | 0.78 | 0.78 |
archive/DASHBOARD_BUILD_LOG.md	2047	30.3	3.16	VALUE_ONLY	nb6_interrogation_and_close.py:6.1 membrane receptor drug_lift			| membrane receptor `drug_lift` | 3.16 | 3.16 |
archive/DASHBOARD_BUILD_LOG.md	2048	30.3	11.89	VALUE_ONLY	nb6_interrogation_and_close.py:6.1 ion channel drug_lift			| ion channel `drug_lift` | 11.89 | 11.89 |
archive/DASHBOARD_BUILD_LOG.md	2049	30.3	2.07	VALUE_ONLY	nb6_interrogation_and_close.py:6.1 lof_intolerant assoc_lift			| `lof_intolerant` `assoc_lift` | 2.07 | 2.07 |
archive/DASHBOARD_BUILD_LOG.md	2050	30.3	1.37	VALUE_ONLY	nb6_interrogation_and_close.py:6.1 lof_intolerant drug_lift			| `lof_intolerant` `drug_lift` | 1.37 | 1.37 |
archive/DASHBOARD_BUILD_LOG.md	2051	30.3	4.62	VALUE_ONLY	nb6_interrogation_and_close.py:6.1 liability drug_lift			| liability `drug_lift` | 4.62 | 4.62 |
archive/DASHBOARD_BUILD_LOG.md	2053	30.3	907,246	VALUE_ONLY	nb6_interrogation_and_close.py:6.0 lift base rows	y		`6.0 lift base rows` hit 907,246 exactly, so the codified truth-table build and chunked read reproduce
archive/DASHBOARD_BUILD_LOG.md	2081	30.5	3,958,921	ORPHAN				S3**, 3,958,921 rows × 45 columns. CSV has no column pruning, so `get_dataframe(columns=[...])` for
archive/DASHBOARD_BUILD_LOG.md	2148	31.5	0.8009	VALUE_ONLY	nb3_validation_and_plots.py:7.3 per-family macro AUC	y		The chain behind the 0.8009 per-family AUC:
archive/DASHBOARD_BUILD_LOG.md	2163	31.5	0.8009	VALUE_ONLY	nb3_validation_and_plots.py:7.3 per-family macro AUC	y		macro AUC = 0.8009` over 505 families, and nb3 asserts both.
archive/DASHBOARD_BUILD_LOG.md	2192	31.7	907,246	VALUE_ONLY	nb6_interrogation_and_close.py:6.0 lift base rows			| `safety_lift` | `compute_safety_lift` | recomputed in nb6 §6.0; six lifts match to the digit, base populatio
archive/DASHBOARD_BUILD_LOG.md	2201	31.7	0.8009	VALUE_ONLY	nb3_validation_and_plots.py:7.3 per-family macro AUC			| `family_auc_by_family` | only surviving copy of 0.8009 / 505 families; upstream chain never built (31.5) |
archive/DASHBOARD_BUILD_LOG.md	2228	31.8	907,246	VALUE_ONLY	nb6_interrogation_and_close.py:6.0 lift base rows			| `safety_lift` → nb6 | six lifts to the digit; base population 907,246 exact |
archive/DASHBOARD_BUILD_LOG.md	2231	31.8	0.6886	VALUE_ONLY	nb2_splitting_and_pool.py:5.2.1 approved join auc_all			| `pool_selection_bias` → nb2 | `SELBIAS\|computed rows=252\|labels=2`; the four AUCs match — 0.6886 / 0.7471
archive/DASHBOARD_BUILD_LOG.md	2231	31.8	0.7471	VALUE_ONLY	nb2_splitting_and_pool.py:5.2.1 approved join auc_supported			| `pool_selection_bias` → nb2 | `SELBIAS\|computed rows=252\|labels=2`; the four AUCs match — 0.6886 / 0.7471
archive/DASHBOARD_BUILD_LOG.md	2231	31.8	0.6833	VALUE_ONLY	nb2_splitting_and_pool.py:5.2.1 curated known_drug >=0.8 auc_all			| `pool_selection_bias` → nb2 | `SELBIAS\|computed rows=252\|labels=2`; the four AUCs match — 0.6886 / 0.7471
archive/DASHBOARD_BUILD_LOG.md	2231	31.8	0.7335	VALUE_ONLY	nb2_splitting_and_pool.py:5.2.1 curated known_drug >=0.8 auc_supported			| `pool_selection_bias` → nb2 | `SELBIAS\|computed rows=252\|labels=2`; the four AUCs match — 0.6886 / 0.7471
archive/DASHBOARD_BUILD_LOG.md	2337	33.3	2,092	ORPHAN				Indexes rebuilt after the prune: **109 recipes, 98 assertions, 2,092 claims**.
archive/NATIVE_DASHBOARD_EVALUATION.md	19	-	2,851,510	ORPHAN				| **Chart sampling defaults to `maxRecords: 10000`.** On `graph_edges` (2,851,510 rows) that misreports relati
archive/decisions/DECISIONS_2026-08-31.md	22	-	0.946	ORPHAN		y		| 2026-08-08 | **A candidate filter can leak even when the feature is rejected.** A filter on a random-walk fe
archive/decisions/DECISIONS_2026-08-31.md	22	-	0.43	VALUE_ONLY	nb7_panel_selection.py:7.4 breast mean overlap	y		| 2026-08-08 | **A candidate filter can leak even when the feature is rejected.** A filter on a random-walk fe
archive/decisions/DECISIONS_2026-08-31.md	24	-	0.704	ORPHAN				| 2026-08-09 | **Granularity: split by family, report by disease** (§3.3). Family aggregation lifts the weakes
archive/decisions/DECISIONS_2026-08-31.md	24	-	0.907	ORPHAN				| 2026-08-09 | **Granularity: split by family, report by disease** (§3.3). Family aggregation lifts the weakes
archive/decisions/DECISIONS_2026-08-31.md	28	-	11,187	ORPHAN				| 2026-08-10 | **Metapaths implemented as matrix code, not graph queries** (§4.3) — the query engine exhausted
archive/decisions/DECISIONS_2026-08-31.md	30	-	0.5000	ORPHAN				| 2026-08-10 | **Priorities inverted by results**: the priority-1 binary flag scored exactly 0.5000 and was re
archive/decisions/DECISIONS_2026-08-31.md	31	-	92.2	ORPHAN		y		| 2026-08-11 | **Druggability annotation added** (§8.5) — curated source primary, in-graph annotation as gap-f
archive/decisions/DECISIONS_2026-08-31.md	32	-	32.5	ORPHAN				| 2026-08-11 | **Candidate list extended to top-50.** Known-target density falls monotonically 65% → 32.5%, ev
archive/decisions/DECISIONS_2026-08-31.md	33	-	1.04	ORPHAN				| 2026-08-11 | **The candidate-pool restriction NOT expanded to the functional metapaths.** Measured: it would
archive/decisions/DECISIONS_2026-08-31.md	35	-	0.097	ORPHAN		y		| 2026-08-13 | **Drug-validated targets adopted as a mandatory second metric** (§7.4), not as a training objec
archive/decisions/DECISIONS_2026-08-31.md	37	-	0.6836	ORPHAN		y		| 2026-08-14 | **Training on the drug label tested and rejected — a documented negative result** (§7.5). Drug-
archive/decisions/DECISIONS_2026-08-31.md	37	-	0.9324	ORPHAN		y		| 2026-08-14 | **Training on the drug label tested and rejected — a documented negative result** (§7.5). Drug-
archive/decisions/DECISIONS_2026-08-31.md	37	-	0.8228	ORPHAN		y		| 2026-08-14 | **Training on the drug label tested and rejected — a documented negative result** (§7.5). Drug-
archive/decisions/DECISIONS_2026-08-31.md	37	-	0.6444	ORPHAN		y		| 2026-08-14 | **Training on the drug label tested and rejected — a documented negative result** (§7.5). Drug-
archive/decisions/DECISIONS_2026-08-31.md	38	-	0.9354	ORPHAN		y		| 2026-08-14 | **The drug-target benchmark is itself a gene-popularity shortcut** — the finding that reframes
archive/decisions/DECISIONS_2026-08-31.md	38	-	0.6836	ORPHAN		y		| 2026-08-14 | **The drug-target benchmark is itself a gene-popularity shortcut** — the finding that reframes
archive/decisions/DECISIONS_2026-08-31.md	42	-	0.02	ORPHAN		y		| 2026-08-17 | **Retrain tolerance widened to ±0.02** on macro per-disease AUC. The remap reshuffles 58.8% of
archive/decisions/DECISIONS_2026-08-31.md	42	-	58.8	ORPHAN		y		| 2026-08-17 | **Retrain tolerance widened to ±0.02** on macro per-disease AUC. The remap reshuffles 58.8% of
archive/decisions/DECISIONS_2026-08-31.md	42	-	0.0049	ORPHAN		y		| 2026-08-17 | **Retrain tolerance widened to ±0.02** on macro per-disease AUC. The remap reshuffles 58.8% of
archive/decisions/DECISIONS_2026-08-31.md	43	-	0.8197	ORPHAN		y		| 2026-08-17 | **Rebuilt end to end on the shared graph — reconstruction CONFIRMED** (§10.1). Champion macro p
archive/decisions/DECISIONS_2026-08-31.md	43	-	0.8228	ORPHAN		y		| 2026-08-17 | **Rebuilt end to end on the shared graph — reconstruction CONFIRMED** (§10.1). Champion macro p
archive/decisions/DECISIONS_2026-08-31.md	43	-	0.01	ORPHAN		y		| 2026-08-17 | **Rebuilt end to end on the shared graph — reconstruction CONFIRMED** (§10.1). Champion macro p
archive/decisions/DECISIONS_2026-08-31.md	43	-	6,754,128	VALUE_ONLY	nb2_splitting_and_pool.py:5.2 pool rows	y		| 2026-08-17 | **Rebuilt end to end on the shared graph — reconstruction CONFIRMED** (§10.1). Champion macro p
archive/decisions/DECISIONS_2026-08-31.md	43	-	18.8	ORPHAN		y		| 2026-08-17 | **Rebuilt end to end on the shared graph — reconstruction CONFIRMED** (§10.1). Champion macro p
archive/decisions/DECISIONS_2026-08-31.md	43	-	0.002	VALUE_ONLY	nb3_validation_and_plots.py:7.4 orthogonality pearson r	y		| 2026-08-17 | **Rebuilt end to end on the shared graph — reconstruction CONFIRMED** (§10.1). Champion macro p
archive/decisions/DECISIONS_2026-08-31.md	46	-	99.7	ORPHAN		y		| 2026-08-17 | **Per-family tables reclassified as a view of the validation sample, not a property of the grap
archive/decisions/DECISIONS_2026-08-31.md	47	-	0.78	VALUE_ONLY	nb6_interrogation_and_close.py:6.1 membrane receptor assoc_lift	y	hist	| 2026-08-17 | **Druggability / target class REJECTED as a model input** (§10.2) — and not for the reason prev
archive/decisions/DECISIONS_2026-08-31.md	47	-	3.16	VALUE_ONLY	nb6_interrogation_and_close.py:6.1 membrane receptor drug_lift	y	hist	| 2026-08-17 | **Druggability / target class REJECTED as a model input** (§10.2) — and not for the reason prev
archive/decisions/DECISIONS_2026-08-31.md	47	-	0.98	ORPHAN		y	hist	| 2026-08-17 | **Druggability / target class REJECTED as a model input** (§10.2) — and not for the reason prev
archive/decisions/DECISIONS_2026-08-31.md	49	-	1.37	VALUE_ONLY	nb6_interrogation_and_close.py:6.1 lof_intolerant drug_lift	y	hist	| 2026-08-17 | **Safety/toxicity: the lift gate REFUTED the stated prediction and blocked the filter** (§10.2)
archive/decisions/DECISIONS_2026-08-31.md	49	-	0.62	ORPHAN		y	hist	| 2026-08-17 | **Safety/toxicity: the lift gate REFUTED the stated prediction and blocked the filter** (§10.2)
archive/decisions/DECISIONS_2026-08-31.md	49	-	4.62	VALUE_ONLY	nb6_interrogation_and_close.py:6.1 liability drug_lift	y	hist	| 2026-08-17 | **Safety/toxicity: the lift gate REFUTED the stated prediction and blocked the filter** (§10.2)
archive/decisions/DECISIONS_2026-08-31.md	51	-	63,020	ORPHAN		y	hist	| 2026-08-17 | **Deliverable changed from pre-cut to filterable** — the top-50 truncation replaced by a Window
archive/decisions/DECISIONS_2026-08-31.md	51	-	76,465	ORPHAN		y	hist	| 2026-08-17 | **Deliverable changed from pre-cut to filterable** — the top-50 truncation replaced by a Window
archive/decisions/DECISIONS_2026-08-31.md	52	-	1.42	ORPHAN		y	hist	| 2026-08-17 | **Filter validated per persona** (§8.6; measured in `filtered_shortlist_eval`, since deleted an
archive/decisions/DECISIONS_2026-08-31.md	52	-	1.71	ORPHAN		y	hist	| 2026-08-17 | **Filter validated per persona** (§8.6; measured in `filtered_shortlist_eval`, since deleted an
archive/decisions/DECISIONS_2026-08-31.md	52	-	0.54	ORPHAN		y	hist	| 2026-08-17 | **Filter validated per persona** (§8.6; measured in `filtered_shortlist_eval`, since deleted an
archive/decisions/DECISIONS_2026-08-31.md	55	-	1,802	ORPHAN		y		| 2026-08-17 | **DISCOVERY adopted as a third reported axis** (§8.1, §8.3, `novel_discovery_eval`). Ranking pr
archive/decisions/DECISIONS_2026-08-31.md	56	-	4,110	ORPHAN				| 2026-08-17 | **Both ground truths reported, never one.** `indication` (4,110 pairs, approved) is strict; `dr
archive/decisions/DECISIONS_2026-08-31.md	56	-	52,734	ORPHAN				| 2026-08-17 | **Both ground truths reported, never one.** `indication` (4,110 pairs, approved) is strict; `dr
archive/decisions/DECISIONS_2026-08-31.md	56	-	6.8	ORPHAN				| 2026-08-17 | **Both ground truths reported, never one.** `indication` (4,110 pairs, approved) is strict; `dr
archive/decisions/DECISIONS_2026-08-31.md	57	-	2.9	ORPHAN		y		| 2026-08-17 | **CORRECTION — the persona criterion was inverted, and it changed a recommendation** (§8.7). "S
archive/decisions/DECISIONS_2026-08-31.md	59	-	82.2	ORPHAN				| 2026-08-17 | **The drug ground truth is an INFERRED pair, and it needed a sensitivity analysis** (§8.1, §8.3
archive/decisions/DECISIONS_2026-08-31.md	59	-	66.3	ORPHAN				| 2026-08-17 | **The drug ground truth is an INFERRED pair, and it needed a sensitivity analysis** (§8.1, §8.3
archive/decisions/DECISIONS_2026-08-31.md	59	-	8.0	VALUE_ONLY	nb4_results_three_axes.py:8.10 TNBC known targets			| 2026-08-17 | **The drug ground truth is an INFERRED pair, and it needed a sensitivity analysis** (§8.1, §8.3
archive/decisions/DECISIONS_2026-08-31.md	60	-	11.40	ORPHAN		y		| 2026-08-17 | **First reading — WRONG, and withdrawn the same day.** Restricting to single-target drugs dropp
archive/decisions/DECISIONS_2026-08-31.md	60	-	0.00	VALUE_ONLY	nb2_splitting_and_pool.py:5.4 	y		| 2026-08-17 | **First reading — WRONG, and withdrawn the same day.** Restricting to single-target drugs dropp
archive/decisions/DECISIONS_2026-08-31.md	60	-	0.20	ORPHAN		y		| 2026-08-17 | **First reading — WRONG, and withdrawn the same day.** Restricting to single-target drugs dropp
archive/decisions/DECISIONS_2026-08-31.md	61	-	107,593	VALUE_ONLY	nb4_results_three_axes.py:8.1 raw known_drug rows	y		| 2026-08-18 | **Second reading — settled, using a curated label.** Extracted Open Targets' **`known_drug`** d
archive/decisions/DECISIONS_2026-08-31.md	61	-	67,748	VALUE_ONLY	nb4_results_three_axes.py:8.1 resolving onto graph	y		| 2026-08-18 | **Second reading — settled, using a curated label.** Extracted Open Targets' **`known_drug`** d
archive/decisions/DECISIONS_2026-08-31.md	61	-	74.9	ORPHAN		y		| 2026-08-18 | **Second reading — settled, using a curated label.** Extracted Open Targets' **`known_drug`** d
archive/decisions/DECISIONS_2026-08-31.md	61	-	1,173	ORPHAN		y		| 2026-08-18 | **Second reading — settled, using a curated label.** Extracted Open Targets' **`known_drug`** d
archive/decisions/DECISIONS_2026-08-31.md	61	-	17.65	ORPHAN		y		| 2026-08-18 | **Second reading — settled, using a curated label.** Extracted Open Targets' **`known_drug`** d
archive/decisions/DECISIONS_2026-08-31.md	61	-	11.40	ORPHAN		y		| 2026-08-18 | **Second reading — settled, using a curated label.** Extracted Open Targets' **`known_drug`** d
archive/decisions/DECISIONS_2026-08-31.md	61	-	17.7	ORPHAN		y		| 2026-08-18 | **Second reading — settled, using a curated label.** Extracted Open Targets' **`known_drug`** d
archive/decisions/DECISIONS_2026-08-31.md	61	-	4.8	ORPHAN		y		| 2026-08-18 | **Second reading — settled, using a curated label.** Extracted Open Targets' **`known_drug`** d
archive/decisions/DECISIONS_2026-08-31.md	62	-	0.1253	ORPHAN		y	hist	| 2026-08-18 | **Validation overhaul COMPLETE — the filter re-evaluated on all three axes** (§8.6, `compute_fi
archive/decisions/DECISIONS_2026-08-31.md	62	-	0.0007	ORPHAN		y	hist	| 2026-08-18 | **Validation overhaul COMPLETE — the filter re-evaluated on all three axes** (§8.6, `compute_fi
archive/decisions/DECISIONS_2026-08-31.md	62	-	1.60	ORPHAN		y	hist	| 2026-08-18 | **Validation overhaul COMPLETE — the filter re-evaluated on all three axes** (§8.6, `compute_fi
archive/decisions/DECISIONS_2026-08-31.md	62	-	99.5	ORPHAN		y	hist	| 2026-08-18 | **Validation overhaul COMPLETE — the filter re-evaluated on all three axes** (§8.6, `compute_fi
archive/decisions/DECISIONS_2026-08-31.md	62	-	1.61	ORPHAN		y	hist	| 2026-08-18 | **Validation overhaul COMPLETE — the filter re-evaluated on all three axes** (§8.6, `compute_fi
archive/decisions/DECISIONS_2026-08-31.md	62	-	72.6	ORPHAN		y	hist	| 2026-08-18 | **Validation overhaul COMPLETE — the filter re-evaluated on all three axes** (§8.6, `compute_fi
archive/decisions/DECISIONS_2026-08-31.md	63	-	0.110	ORPHAN		y	hist	| 2026-08-18 | **CORRECTION — the metabolic/oncology split is not a class property** (§8.2, `compute_maturity_
archive/decisions/DECISIONS_2026-08-31.md	63	-	41.59	ORPHAN		y	hist	| 2026-08-18 | **CORRECTION — the metabolic/oncology split is not a class property** (§8.2, `compute_maturity_
archive/decisions/DECISIONS_2026-08-31.md	63	-	41.21	ORPHAN		y	hist	| 2026-08-18 | **CORRECTION — the metabolic/oncology split is not a class property** (§8.2, `compute_maturity_
archive/decisions/DECISIONS_2026-08-31.md	63	-	0.00	VALUE_ONLY	nb2_splitting_and_pool.py:5.4 	y	hist	| 2026-08-18 | **CORRECTION — the metabolic/oncology split is not a class property** (§8.2, `compute_maturity_
archive/decisions/DECISIONS_2026-08-31.md	65	-	1,109	ORPHAN		y		| 2026-08-18 | **TRACTABILITY adopted as a third evaluation axis, and it is now the most robust positive claim
archive/decisions/DECISIONS_2026-08-31.md	65	-	20,861	ORPHAN		y		| 2026-08-18 | **TRACTABILITY adopted as a third evaluation axis, and it is now the most robust positive claim
archive/decisions/DECISIONS_2026-08-31.md	65	-	2.38	ORPHAN		y		| 2026-08-18 | **TRACTABILITY adopted as a third evaluation axis, and it is now the most robust positive claim
archive/decisions/DECISIONS_2026-08-31.md	65	-	3.06	ORPHAN		y		| 2026-08-18 | **TRACTABILITY adopted as a third evaluation axis, and it is now the most robust positive claim
archive/decisions/DECISIONS_2026-08-31.md	66	-	0.93	ORPHAN		y	hist	| 2026-08-18 | **CORRECTION — the ligand-vs-receptor failure does NOT generalise, and I had been repeating tha
archive/decisions/DECISIONS_2026-08-31.md	66	-	3.78	ORPHAN		y	hist	| 2026-08-18 | **CORRECTION — the ligand-vs-receptor failure does NOT generalise, and I had been repeating tha
archive/decisions/DECISIONS_2026-08-31.md	66	-	0.16	ORPHAN		y	hist	| 2026-08-18 | **CORRECTION — the ligand-vs-receptor failure does NOT generalise, and I had been repeating tha
archive/decisions/DECISIONS_2026-08-31.md	66	-	3.53	ORPHAN		y	hist	| 2026-08-18 | **CORRECTION — the ligand-vs-receptor failure does NOT generalise, and I had been repeating tha
archive/decisions/DECISIONS_2026-08-31.md	67	-	4,110	ORPHAN		y		| 2026-08-18 | **`known_drug` is a strict SUPERSET of our approved join** — all 4,110 join pairs appear in it
archive/decisions/DECISIONS_2026-08-31.md	68	-	4.3	ORPHAN		y		| 2026-08-17 | **Persona panel: keep one lung term, retire type 2 diabetes, drop CKD** (§8.7). T2D passes one
archive/decisions/DECISIONS_2026-08-31.md	68	-	0.256	ORPHAN		y		| 2026-08-17 | **Persona panel: keep one lung term, retire type 2 diabetes, drop CKD** (§8.7). T2D passes one
archive/decisions/DECISIONS_2026-08-31.md	68	-	41.6	ORPHAN		y		| 2026-08-17 | **Persona panel: keep one lung term, retire type 2 diabetes, drop CKD** (§8.7). T2D passes one
archive/decisions/DECISIONS_2026-08-31.md	69	-	63,020	ORPHAN			hist	| 2026-08-17 | **Candidate-decoration tail collapsed 5 recipes → 2** (§9.2), zone 18 items → 12. The chain was
archive/decisions/DECISIONS_2026-08-31.md	69	-	76,465	ORPHAN			hist	| 2026-08-17 | **Candidate-decoration tail collapsed 5 recipes → 2** (§9.2), zone 18 items → 12. The chain was
archive/decisions/DECISIONS_2026-08-31.md	74	-	0.9324	ORPHAN		y	hist	| 2026-08-18 | **The `m7-drug-label` experiment was DELETED rather than rebuilt** — model, 3 splits, 6 evaluat
archive/decisions/DECISIONS_2026-08-31.md	74	-	0.6444	ORPHAN		y	hist	| 2026-08-18 | **The `m7-drug-label` experiment was DELETED rather than rebuilt** — model, 3 splits, 6 evaluat
archive/decisions/DECISIONS_2026-08-31.md	74	-	1,507	ORPHAN		y	hist	| 2026-08-18 | **The `m7-drug-label` experiment was DELETED rather than rebuilt** — model, 3 splits, 6 evaluat
archive/decisions/DECISIONS_2026-08-31.md	74	-	0.9354	ORPHAN		y	hist	| 2026-08-18 | **The `m7-drug-label` experiment was DELETED rather than rebuilt** — model, 3 splits, 6 evaluat
archive/decisions/DECISIONS_2026-08-31.md	78	-	3.06	ORPHAN		y		| 2026-08-19 | **CORRECTION to §8.4 — the degree-matched claim rested on an estimator mismatch.** The table pu
archive/decisions/DECISIONS_2026-08-31.md	78	-	2.97	ORPHAN		y		| 2026-08-19 | **CORRECTION to §8.4 — the degree-matched claim rested on an estimator mismatch.** The table pu
archive/decisions/DECISIONS_2026-08-31.md	78	-	3.31	ORPHAN		y		| 2026-08-19 | **CORRECTION to §8.4 — the degree-matched claim rested on an estimator mismatch.** The table pu
archive/decisions/DECISIONS_2026-08-31.md	78	-	2.86	ORPHAN		y		| 2026-08-19 | **CORRECTION to §8.4 — the degree-matched claim rested on an estimator mismatch.** The table pu
archive/decisions/DECISIONS_2026-08-31.md	79	-	0.9354	ORPHAN		y	hist	| 2026-08-19 | **Snapshot-before-delete adopted as standing practice.** Every artifact leaving the flow is fir
archive/decisions/DECISIONS_2026-08-31.md	80	-	76,465	ORPHAN				| 2026-08-19 | **Breast cancer and its molecular subtypes added to the persona panel** (§8.10). Six terms join
archive/decisions/DECISIONS_2026-08-31.md	80	-	129,253	ORPHAN				| 2026-08-19 | **Breast cancer and its molecular subtypes added to the persona panel** (§8.10). Six terms join
archive/decisions/DECISIONS_2026-08-31.md	82	-	0.69	VALUE_ONLY	nb2_splitting_and_pool.py:5.2.1 approved join auc_all	y	hist	| 2026-08-19 | **The parent-term intuition is backwards for breast.** §3.3 held that coarser terms are the saf
archive/decisions/DECISIONS_2026-08-31.md	82	-	0.93	ORPHAN		y	hist	| 2026-08-19 | **The parent-term intuition is backwards for breast.** §3.3 held that coarser terms are the saf
archive/decisions/DECISIONS_2026-08-31.md	83	-	2.44	ORPHAN		y		| 2026-08-19 | **A "power" verdict was replaced with an exact test, because the first version was wrong in the
archive/decisions/DECISIONS_2026-08-31.md	83	-	0.81	ORPHAN		y		| 2026-08-19 | **A "power" verdict was replaced with an exact test, because the first version was wrong in the
archive/decisions/DECISIONS_2026-08-31.md	83	-	1.05	ORPHAN		y		| 2026-08-19 | **A "power" verdict was replaced with an exact test, because the first version was wrong in the
archive/decisions/DECISIONS_2026-08-31.md	85	-	8,157	ORPHAN				| 2026-08-19 | **Expert review adopted as a validation axis where labels cannot reach.** Two breast arms canno
archive/decisions/DECISIONS_2026-08-31.md	86	-	100.0	ORPHAN		y		| 2026-08-19 | **`dwpc_GCD` identified as the DRUG route, and it selects the evaluation population on the outc
archive/decisions/DECISIONS_2026-08-31.md	86	-	0.153	VALUE_ONLY	nb2_splitting_and_pool.py:5.2.1 GCD-only pct of pool	y		| 2026-08-19 | **`dwpc_GCD` identified as the DRUG route, and it selects the evaluation population on the outc
archive/decisions/DECISIONS_2026-08-31.md	86	-	25.4	ORPHAN		y		| 2026-08-19 | **`dwpc_GCD` identified as the DRUG route, and it selects the evaluation population on the outc
archive/decisions/DECISIONS_2026-08-31.md	86	-	91.8	ORPHAN		y		| 2026-08-19 | **`dwpc_GCD` identified as the DRUG route, and it selects the evaluation population on the outc
archive/decisions/DECISIONS_2026-08-31.md	86	-	0.265	ORPHAN		y		| 2026-08-19 | **`dwpc_GCD` identified as the DRUG route, and it selects the evaluation population on the outc
archive/decisions/DECISIONS_2026-08-31.md	86	-	0.540	ORPHAN		y		| 2026-08-19 | **`dwpc_GCD` identified as the DRUG route, and it selects the evaluation population on the outc
archive/decisions/DECISIONS_2026-08-31.md	86	-	0.6911	ORPHAN		y		| 2026-08-19 | **`dwpc_GCD` identified as the DRUG route, and it selects the evaluation population on the outc
archive/decisions/DECISIONS_2026-08-31.md	86	-	0.7337	ORPHAN		y		| 2026-08-19 | **`dwpc_GCD` identified as the DRUG route, and it selects the evaluation population on the outc
archive/decisions/DECISIONS_2026-08-31.md	86	-	0.072	ORPHAN		y		| 2026-08-19 | **`dwpc_GCD` identified as the DRUG route, and it selects the evaluation population on the outc
archive/decisions/DECISIONS_2026-08-31.md	87	-	98.5	VALUE_ONLY	nb2_splitting_and_pool.py:10.4 reachability ceiling %	y		| 2026-08-19 | **CORRECTION — I over-promoted the reachability problem to "top modelling priority" on a single
archive/decisions/DECISIONS_2026-08-31.md	87	-	1.5	ORPHAN		y		| 2026-08-19 | **CORRECTION — I over-promoted the reachability problem to "top modelling priority" on a single
archive/decisions/DECISIONS_2026-08-31.md	87	-	0.081	VALUE_ONLY	nb2_splitting_and_pool.py:10.4 Spearman pool_size vs coverage	y		| 2026-08-19 | **CORRECTION — I over-promoted the reachability problem to "top modelling priority" on a single
archive/decisions/DECISIONS_2026-08-31.md	88	-	20,861	ORPHAN		y	hist	| 2026-08-19 | **REFUTED — the "graph under-represents surface biology" hypothesis.** Stated in advance and te
archive/decisions/DECISIONS_2026-08-31.md	88	-	23.3	ORPHAN		y	hist	| 2026-08-19 | **REFUTED — the "graph under-represents surface biology" hypothesis.** Stated in advance and te
archive/decisions/DECISIONS_2026-08-31.md	88	-	15.0	VALUE_ONLY	nb7_panel_selection.py:7.4 stomach overlap pairs	y	hist	| 2026-08-19 | **REFUTED — the "graph under-represents surface biology" hypothesis.** Stated in advance and te
archive/decisions/DECISIONS_2026-08-31.md	88	-	65.3	ORPHAN		y	hist	| 2026-08-19 | **REFUTED — the "graph under-represents surface biology" hypothesis.** Stated in advance and te
archive/decisions/DECISIONS_2026-08-31.md	88	-	55.4	ORPHAN		y	hist	| 2026-08-19 | **REFUTED — the "graph under-represents surface biology" hypothesis.** Stated in advance and te
archive/decisions/DECISIONS_2026-08-31.md	88	-	18.5	ORPHAN		y	hist	| 2026-08-19 | **REFUTED — the "graph under-represents surface biology" hypothesis.** Stated in advance and te
archive/decisions/DECISIONS_2026-08-31.md	88	-	34.5	ORPHAN		y	hist	| 2026-08-19 | **REFUTED — the "graph under-represents surface biology" hypothesis.** Stated in advance and te
archive/decisions/DECISIONS_2026-08-31.md	88	-	38.2	ORPHAN		y	hist	| 2026-08-19 | **REFUTED — the "graph under-represents surface biology" hypothesis.** Stated in advance and te
archive/decisions/DECISIONS_2026-08-31.md	89	-	18.8	ORPHAN		y		| 2026-08-19 | **What the reachability work did establish, net of the corrections:** **18.8% of genes (3,919 o
archive/decisions/DECISIONS_2026-08-31.md	89	-	3,919	ORPHAN		y		| 2026-08-19 | **What the reachability work did establish, net of the corrections:** **18.8% of genes (3,919 o
archive/decisions/DECISIONS_2026-08-31.md	89	-	20,861	ORPHAN		y		| 2026-08-19 | **What the reachability work did establish, net of the corrections:** **18.8% of genes (3,919 o
archive/decisions/DECISIONS_2026-08-31.md	89	-	94.1	ORPHAN		y		| 2026-08-19 | **What the reachability work did establish, net of the corrections:** **18.8% of genes (3,919 o
archive/decisions/DECISIONS_2026-08-31.md	89	-	1.04	ORPHAN		y		| 2026-08-19 | **What the reachability work did establish, net of the corrections:** **18.8% of genes (3,919 o
archive/decisions/DECISIONS_2026-08-31.md	90	-	0.153	VALUE_ONLY	nb2_splitting_and_pool.py:5.2.1 GCD-only pct of pool	y	hist	| 2026-08-19 | **CORRECTION to §5.2.1's own recommendation, within the hour.** "Drop `dwpc_GCD` from the pool
archive/decisions/DECISIONS_2026-08-31.md	91	-	2,563	ORPHAN				| 2026-08-19 | **Dropping GCD would NOT have helped the triple-negative/TACSTD2 case, and the two findings wer
archive/decisions/DECISIONS_2026-08-31.md	91	-	2,463	ORPHAN				| 2026-08-19 | **Dropping GCD would NOT have helped the triple-negative/TACSTD2 case, and the two findings wer
archive/decisions/DECISIONS_2026-08-31.md	92	-	7,456	ORPHAN				| 2026-08-19 | **No route-set expansion reaches TACSTD2 either — the constraint is the graph.** All five metap
archive/decisions/DECISIONS_2026-08-31.md	94	-	0.8567	ORPHAN		y		| 2026-08-19 | **The gene-popularity shortcut exists on the ASSOCIATION axis too, not just the drug axis** (§6
archive/decisions/DECISIONS_2026-08-31.md	94	-	0.8197	ORPHAN		y		| 2026-08-19 | **The gene-popularity shortcut exists on the ASSOCIATION axis too, not just the drug axis** (§6
archive/decisions/DECISIONS_2026-08-31.md	94	-	0.9354	ORPHAN		y		| 2026-08-19 | **The gene-popularity shortcut exists on the ASSOCIATION axis too, not just the drug axis** (§6
archive/decisions/DECISIONS_2026-08-31.md	95	-	0.857	ORPHAN		y		| 2026-08-19 | **CORRECTION — §6.1's third claim was wrong.** It read "≈0.5 for every gene-only feature"; `gen
archive/decisions/DECISIONS_2026-08-31.md	95	-	0.641	ORPHAN		y		| 2026-08-19 | **CORRECTION — §6.1's third claim was wrong.** It read "≈0.5 for every gene-only feature"; `gen
archive/decisions/DECISIONS_2026-08-31.md	95	-	0.718	VALUE_ONLY	nb1_features_and_config.py:6.1 dwpc_GPGD single-feature AUC	y		| 2026-08-19 | **CORRECTION — §6.1's third claim was wrong.** It read "≈0.5 for every gene-only feature"; `gen
archive/decisions/DECISIONS_2026-08-31.md	95	-	0.601	ORPHAN		y		| 2026-08-19 | **CORRECTION — §6.1's third claim was wrong.** It read "≈0.5 for every gene-only feature"; `gen
archive/decisions/DECISIONS_2026-08-31.md	95	-	0.669	VALUE_ONLY	nb1_features_and_config.py:6.1 dwpc_GGD single-feature AUC	y		| 2026-08-19 | **CORRECTION — §6.1's third claim was wrong.** It read "≈0.5 for every gene-only feature"; `gen
archive/decisions/DECISIONS_2026-08-31.md	95	-	0.975	VALUE_ONLY	nb1_features_and_config.py:6.1 highest |rho| vs degree	y		| 2026-08-19 | **CORRECTION — §6.1's third claim was wrong.** It read "≈0.5 for every gene-only feature"; `gen
archive/decisions/DECISIONS_2026-08-31.md	95	-	1.000	VALUE_ONLY	nb6_interrogation_and_close.py:6.2 ERBB2 carries a liability flag	y		| 2026-08-19 | **CORRECTION — §6.1's third claim was wrong.** It read "≈0.5 for every gene-only feature"; `gen
archive/decisions/DECISIONS_2026-08-31.md	95	-	0.00	VALUE_ONLY	nb2_splitting_and_pool.py:5.4 	y		| 2026-08-19 | **CORRECTION — §6.1's third claim was wrong.** It read "≈0.5 for every gene-only feature"; `gen
archive/decisions/DECISIONS_2026-08-31.md	97	-	0.6516	ORPHAN		y	hist	| 2026-08-19 | **REFUTED — the champion does NOT improve under-studied targets** (§7.2, `nb3`). The section cl
archive/decisions/DECISIONS_2026-08-31.md	97	-	0.5898	ORPHAN		y	hist	| 2026-08-19 | **REFUTED — the champion does NOT improve under-studied targets** (§7.2, `nb3`). The section cl
archive/decisions/DECISIONS_2026-08-31.md	97	-	0.1099	ORPHAN		y	hist	| 2026-08-19 | **REFUTED — the champion does NOT improve under-studied targets** (§7.2, `nb3`). The section cl
archive/decisions/DECISIONS_2026-08-31.md	97	-	0.1954	ORPHAN		y	hist	| 2026-08-19 | **REFUTED — the champion does NOT improve under-studied targets** (§7.2, `nb3`). The section cl
archive/decisions/DECISIONS_2026-08-31.md	97	-	0.2424	ORPHAN		y	hist	| 2026-08-19 | **REFUTED — the champion does NOT improve under-studied targets** (§7.2, `nb3`). The section cl
archive/decisions/DECISIONS_2026-08-31.md	97	-	0.3276	ORPHAN		y	hist	| 2026-08-19 | **REFUTED — the champion does NOT improve under-studied targets** (§7.2, `nb3`). The section cl
archive/decisions/DECISIONS_2026-08-31.md	102	-	3.06	ORPHAN		y	hist	| 2026-08-19 | **CORRECTION to TARGET_PRIORITIZER §8.4, found while fact-checking this document.** The claim "
archive/decisions/DECISIONS_2026-08-31.md	102	-	2.97	ORPHAN		y	hist	| 2026-08-19 | **CORRECTION to TARGET_PRIORITIZER §8.4, found while fact-checking this document.** The claim "
archive/decisions/DECISIONS_2026-08-31.md	102	-	3.31	ORPHAN		y	hist	| 2026-08-19 | **CORRECTION to TARGET_PRIORITIZER §8.4, found while fact-checking this document.** The claim "
archive/decisions/DECISIONS_2026-08-31.md	102	-	2.86	ORPHAN		y	hist	| 2026-08-19 | **CORRECTION to TARGET_PRIORITIZER §8.4, found while fact-checking this document.** The claim "
archive/decisions/DECISIONS_2026-08-31.md	103	-	12,310	ORPHAN		y		| 2026-08-19 | **Every headline number in §7 was re-verified against live project data before this document wa
archive/decisions/DECISIONS_2026-08-31.md	103	-	11,689	ORPHAN		y		| 2026-08-19 | **Every headline number in §7 was re-verified against live project data before this document wa
archive/decisions/DECISIONS_2026-08-31.md	104	-	0.1941	ORPHAN		y	hist	| 2026-08-20 | **REFUTED — `prox_closest` is not the hub-fairness lever, and my causal story for §7.2 was wron
archive/decisions/DECISIONS_2026-08-31.md	104	-	0.1917	ORPHAN		y	hist	| 2026-08-20 | **REFUTED — `prox_closest` is not the hub-fairness lever, and my causal story for §7.2 was wron
archive/decisions/DECISIONS_2026-08-31.md	104	-	0.0855	ORPHAN		y	hist	| 2026-08-20 | **REFUTED — `prox_closest` is not the hub-fairness lever, and my causal story for §7.2 was wron
archive/decisions/DECISIONS_2026-08-31.md	105	-	0.8197	ORPHAN		y		| 2026-08-20 | **`m4-f13` measured on four axes and it is neutral-to-better on all of them** — association 0.8
archive/decisions/DECISIONS_2026-08-31.md	105	-	0.8200	ORPHAN		y		| 2026-08-20 | **`m4-f13` measured on four axes and it is neutral-to-better on all of them** — association 0.8
archive/decisions/DECISIONS_2026-08-31.md	105	-	0.6911	ORPHAN		y		| 2026-08-20 | **`m4-f13` measured on four axes and it is neutral-to-better on all of them** — association 0.8
archive/decisions/DECISIONS_2026-08-31.md	105	-	0.6949	ORPHAN		y		| 2026-08-20 | **`m4-f13` measured on four axes and it is neutral-to-better on all of them** — association 0.8
archive/decisions/DECISIONS_2026-08-31.md	105	-	0.7337	ORPHAN		y		| 2026-08-20 | **`m4-f13` measured on four axes and it is neutral-to-better on all of them** — association 0.8
archive/decisions/DECISIONS_2026-08-31.md	105	-	0.7371	ORPHAN		y		| 2026-08-20 | **`m4-f13` measured on four axes and it is neutral-to-better on all of them** — association 0.8
archive/decisions/DECISIONS_2026-08-31.md	105	-	4.53	ORPHAN		y		| 2026-08-20 | **`m4-f13` measured on four axes and it is neutral-to-better on all of them** — association 0.8
archive/decisions/DECISIONS_2026-08-31.md	105	-	4.83	ORPHAN		y		| 2026-08-20 | **`m4-f13` measured on four axes and it is neutral-to-better on all of them** — association 0.8
archive/decisions/DECISIONS_2026-08-31.md	105	-	11.40	ORPHAN		y		| 2026-08-20 | **`m4-f13` measured on four axes and it is neutral-to-better on all of them** — association 0.8
archive/decisions/DECISIONS_2026-08-31.md	105	-	13.81	ORPHAN		y		| 2026-08-20 | **`m4-f13` measured on four axes and it is neutral-to-better on all of them** — association 0.8
archive/decisions/DECISIONS_2026-08-31.md	105	-	0.0024	ORPHAN		y		| 2026-08-20 | **`m4-f13` measured on four axes and it is neutral-to-better on all of them** — association 0.8
archive/decisions/DECISIONS_2026-08-31.md	105	-	7.46	ORPHAN		y		| 2026-08-20 | **`m4-f13` measured on four axes and it is neutral-to-better on all of them** — association 0.8
archive/decisions/DECISIONS_2026-08-31.md	105	-	7.09	ORPHAN		y		| 2026-08-20 | **`m4-f13` measured on four axes and it is neutral-to-better on all of them** — association 0.8
archive/decisions/DECISIONS_2026-08-31.md	106	-	0.1762	ORPHAN		y		| 2026-08-20 | **`m5-f13` (prox_closest imputed with constant 4) trades association for discovery, and the tra
archive/decisions/DECISIONS_2026-08-31.md	106	-	0.1711	ORPHAN		y		| 2026-08-20 | **`m5-f13` (prox_closest imputed with constant 4) trades association for discovery, and the tra
archive/decisions/DECISIONS_2026-08-31.md	106	-	2.9	ORPHAN		y		| 2026-08-20 | **`m5-f13` (prox_closest imputed with constant 4) trades association for discovery, and the tra
archive/decisions/DECISIONS_2026-08-31.md	106	-	0.8200	ORPHAN		y		| 2026-08-20 | **`m5-f13` (prox_closest imputed with constant 4) trades association for discovery, and the tra
archive/decisions/DECISIONS_2026-08-31.md	106	-	0.8175	ORPHAN		y		| 2026-08-20 | **`m5-f13` (prox_closest imputed with constant 4) trades association for discovery, and the tra
archive/decisions/DECISIONS_2026-08-31.md	106	-	13.81	ORPHAN		y		| 2026-08-20 | **`m5-f13` (prox_closest imputed with constant 4) trades association for discovery, and the tra
archive/decisions/DECISIONS_2026-08-31.md	106	-	16.09	ORPHAN		y		| 2026-08-20 | **`m5-f13` (prox_closest imputed with constant 4) trades association for discovery, and the tra
archive/decisions/DECISIONS_2026-08-31.md	106	-	7.09	ORPHAN		y		| 2026-08-20 | **`m5-f13` (prox_closest imputed with constant 4) trades association for discovery, and the tra
archive/decisions/DECISIONS_2026-08-31.md	106	-	9.08	ORPHAN		y		| 2026-08-20 | **`m5-f13` (prox_closest imputed with constant 4) trades association for discovery, and the tra
archive/decisions/DECISIONS_2026-08-31.md	106	-	4.83	ORPHAN		y		| 2026-08-20 | **`m5-f13` (prox_closest imputed with constant 4) trades association for discovery, and the tra
archive/decisions/DECISIONS_2026-08-31.md	106	-	5.52	ORPHAN		y		| 2026-08-20 | **`m5-f13` (prox_closest imputed with constant 4) trades association for discovery, and the tra
archive/decisions/DECISIONS_2026-08-31.md	106	-	0.7371	ORPHAN		y		| 2026-08-20 | **`m5-f13` (prox_closest imputed with constant 4) trades association for discovery, and the tra
archive/decisions/DECISIONS_2026-08-31.md	106	-	0.7384	ORPHAN		y		| 2026-08-20 | **`m5-f13` (prox_closest imputed with constant 4) trades association for discovery, and the tra
archive/decisions/DECISIONS_2026-08-31.md	106	-	0.1932	ORPHAN		y		| 2026-08-20 | **`m5-f13` (prox_closest imputed with constant 4) trades association for discovery, and the tra
archive/decisions/DECISIONS_2026-08-31.md	106	-	0.1915	ORPHAN		y		| 2026-08-20 | **`m5-f13` (prox_closest imputed with constant 4) trades association for discovery, and the tra
archive/decisions/DECISIONS_2026-08-31.md	107	-	1.64	ORPHAN		y		| 2026-08-20 | **The leak-2 concern about constant imputation was tested and did NOT materialise.** §6.2 predi
archive/decisions/DECISIONS_2026-08-31.md	107	-	6.56	ORPHAN		y		| 2026-08-20 | **The leak-2 concern about constant imputation was tested and did NOT materialise.** §6.2 predi
archive/decisions/DECISIONS_2026-08-31.md	107	-	0.0049	ORPHAN		y		| 2026-08-20 | **The leak-2 concern about constant imputation was tested and did NOT materialise.** §6.2 predi
archive/decisions/DECISIONS_2026-08-31.md	107	-	0.0121	ORPHAN		y		| 2026-08-20 | **The leak-2 concern about constant imputation was tested and did NOT materialise.** §6.2 predi
archive/decisions/DECISIONS_2026-08-31.md	107	-	0.0123	ORPHAN		y		| 2026-08-20 | **The leak-2 concern about constant imputation was tested and did NOT materialise.** §6.2 predi
archive/decisions/DECISIONS_2026-08-31.md	107	-	4.99	ORPHAN		y		| 2026-08-20 | **The leak-2 concern about constant imputation was tested and did NOT materialise.** §6.2 predi
archive/decisions/DECISIONS_2026-08-31.md	108	-	0.63	ORPHAN		y		| 2026-08-20 | **AUPRC adopted for model selection, rejected for per-disease reporting** (§6.4, §7.1). Per-dis
archive/decisions/DECISIONS_2026-08-31.md	108	-	0.27	ORPHAN		y		| 2026-08-20 | **AUPRC adopted for model selection, rejected for per-disease reporting** (§6.4, §7.1). Per-dis
archive/decisions/DECISIONS_2026-08-31.md	108	-	0.3161	ORPHAN		y		| 2026-08-20 | **AUPRC adopted for model selection, rejected for per-disease reporting** (§6.4, §7.1). Per-dis
archive/decisions/DECISIONS_2026-08-31.md	108	-	1.865	ORPHAN		y		| 2026-08-20 | **AUPRC adopted for model selection, rejected for per-disease reporting** (§6.4, §7.1). Per-dis
archive/decisions/DECISIONS_2026-08-31.md	110	-	3.057	ORPHAN		y		| 2026-08-20 | **Tractability measured for `m4`/`m5` — the axis I had omitted, and it favours `m4`** (§6.4, §8
archive/decisions/DECISIONS_2026-08-31.md	110	-	3.241	ORPHAN		y		| 2026-08-20 | **Tractability measured for `m4`/`m5` — the axis I had omitted, and it favours `m4`** (§6.4, §8
archive/decisions/DECISIONS_2026-08-31.md	110	-	3.129	ORPHAN		y		| 2026-08-20 | **Tractability measured for `m4`/`m5` — the axis I had omitted, and it favours `m4`** (§6.4, §8
archive/decisions/DECISIONS_2026-08-31.md	110	-	2.376	ORPHAN		y		| 2026-08-20 | **Tractability measured for `m4`/`m5` — the axis I had omitted, and it favours `m4`** (§6.4, §8
archive/decisions/DECISIONS_2026-08-31.md	110	-	2.381	ORPHAN		y		| 2026-08-20 | **Tractability measured for `m4`/`m5` — the axis I had omitted, and it favours `m4`** (§6.4, §8
archive/decisions/DECISIONS_2026-08-31.md	110	-	2.380	ORPHAN		y		| 2026-08-20 | **Tractability measured for `m4`/`m5` — the axis I had omitted, and it favours `m4`** (§6.4, §8
archive/decisions/DECISIONS_2026-08-31.md	110	-	3.06	ORPHAN		y		| 2026-08-20 | **Tractability measured for `m4`/`m5` — the axis I had omitted, and it favours `m4`** (§6.4, §8
archive/decisions/DECISIONS_2026-08-31.md	110	-	2.38	ORPHAN		y		| 2026-08-20 | **Tractability measured for `m4`/`m5` — the axis I had omitted, and it favours `m4`** (§6.4, §8
archive/decisions/DECISIONS_2026-08-31.md	111	-	3.6	ORPHAN		y		| 2026-08-20 | **No model dominates across six axes, and the split is coherent.** `m4` wins association (×3),
archive/decisions/DECISIONS_2026-08-31.md	111	-	2.9	ORPHAN		y		| 2026-08-20 | **No model dominates across six axes, and the split is coherent.** `m4` wins association (×3),
archive/decisions/DECISIONS_2026-08-31.md	112	-	98.5	VALUE_ONLY	nb2_splitting_and_pool.py:10.4 reachability ceiling %	y		| 2026-08-20 | **Adding `prox_closest` as a fourth pool route: tested counterfactually and REJECTED** (§5.2.2)
archive/decisions/DECISIONS_2026-08-31.md	112	-	13,407	ORPHAN		y		| 2026-08-20 | **Adding `prox_closest` as a fourth pool route: tested counterfactually and REJECTED** (§5.2.2)
archive/decisions/DECISIONS_2026-08-31.md	112	-	0.1426	ORPHAN		y		| 2026-08-20 | **Adding `prox_closest` as a fourth pool route: tested counterfactually and REJECTED** (§5.2.2)
archive/decisions/DECISIONS_2026-08-31.md	112	-	0.2738	ORPHAN		y		| 2026-08-20 | **Adding `prox_closest` as a fourth pool route: tested counterfactually and REJECTED** (§5.2.2)
archive/decisions/DECISIONS_2026-08-31.md	112	-	2,564	ORPHAN		y		| 2026-08-20 | **Adding `prox_closest` as a fourth pool route: tested counterfactually and REJECTED** (§5.2.2)
archive/decisions/DECISIONS_2026-08-31.md	113	-	1.5	ORPHAN		y		| 2026-08-20 | **The reachability problem is a feature-family problem, not a gate problem** — and this is a be
archive/decisions/DECISIONS_2026-08-31.md	114	-	1.23	ORPHAN				| 2026-08-20 | **`MIN_SEEDS = 20` in `compute_enriched_prox_closest` has no recorded justification and the evi
archive/decisions/DECISIONS_2026-08-31.md	114	-	18.7	ORPHAN				| 2026-08-20 | **`MIN_SEEDS = 20` in `compute_enriched_prox_closest` has no recorded justification and the evi
archive/decisions/DECISIONS_2026-08-31.md	114	-	81.3	ORPHAN				| 2026-08-20 | **`MIN_SEEDS = 20` in `compute_enriched_prox_closest` has no recorded justification and the evi
archive/decisions/DECISIONS_2026-08-31.md	115	-	0.6459	ORPHAN		y		| 2026-08-20 | **The seed threshold excludes the regime where `prox_closest` works best.** Single-feature AUC
archive/decisions/DECISIONS_2026-08-31.md	115	-	0.5673	ORPHAN		y		| 2026-08-20 | **The seed threshold excludes the regime where `prox_closest` works best.** Single-feature AUC
archive/decisions/DECISIONS_2026-08-31.md	115	-	0.328	ORPHAN		y		| 2026-08-20 | **The seed threshold excludes the regime where `prox_closest` works best.** Single-feature AUC
archive/decisions/DECISIONS_2026-08-31.md	115	-	73.9	ORPHAN		y		| 2026-08-20 | **The seed threshold excludes the regime where `prox_closest` works best.** Single-feature AUC
archive/decisions/DECISIONS_2026-08-31.md	116	-	1.2	ORPHAN		y		| 2026-08-20 | **The 20-seed threshold is not one constant but three, gating four features — and only one reci
archive/decisions/DECISIONS_2026-08-31.md	120	-	0.00	VALUE_ONLY	nb2_splitting_and_pool.py:5.4 	y		| 2026-08-20 | **`module_size >= 20` gates SEVEN of the twelve champion features, across ten recipes** — `dwpc
archive/decisions/DECISIONS_2026-08-31.md	120	-	3.7	ORPHAN		y		| 2026-08-20 | **`module_size >= 20` gates SEVEN of the twelve champion features, across ten recipes** — `dwpc
archive/decisions/DECISIONS_2026-08-31.md	121	-	1.23	ORPHAN		y		| 2026-08-20 | **Rollout agreed as one change per model, adopting only at the end** (`docs/FEATURE_AUDIT.md` §
archive/decisions/DECISIONS_2026-08-31.md	122	-	6.57	ORPHAN		y	hist	| 2026-08-20 | **Phase 1 executed, and its pre-registered prediction was REFUTED.** Lowering `MIN_SEEDS` 20→5
archive/decisions/DECISIONS_2026-08-31.md	122	-	5.41	ORPHAN		y	hist	| 2026-08-20 | **Phase 1 executed, and its pre-registered prediction was REFUTED.** Lowering `MIN_SEEDS` 20→5
archive/decisions/DECISIONS_2026-08-31.md	122	-	4.99	ORPHAN		y	hist	| 2026-08-20 | **Phase 1 executed, and its pre-registered prediction was REFUTED.** Lowering `MIN_SEEDS` 20→5
archive/decisions/DECISIONS_2026-08-31.md	122	-	3.94	ORPHAN		y	hist	| 2026-08-20 | **Phase 1 executed, and its pre-registered prediction was REFUTED.** Lowering `MIN_SEEDS` 20→5
archive/decisions/DECISIONS_2026-08-31.md	122	-	0.0022	ORPHAN		y	hist	| 2026-08-20 | **Phase 1 executed, and its pre-registered prediction was REFUTED.** Lowering `MIN_SEEDS` 20→5
archive/decisions/DECISIONS_2026-08-31.md	122	-	0.0021	ORPHAN		y	hist	| 2026-08-20 | **Phase 1 executed, and its pre-registered prediction was REFUTED.** Lowering `MIN_SEEDS` 20→5
archive/decisions/DECISIONS_2026-08-31.md	122	-	1.29	ORPHAN		y	hist	| 2026-08-20 | **Phase 1 executed, and its pre-registered prediction was REFUTED.** Lowering `MIN_SEEDS` 20→5
archive/decisions/DECISIONS_2026-08-31.md	122	-	0.0152	ORPHAN		y	hist	| 2026-08-20 | **Phase 1 executed, and its pre-registered prediction was REFUTED.** Lowering `MIN_SEEDS` 20→5
archive/decisions/DECISIONS_2026-08-31.md	122	-	0.137	ORPHAN		y	hist	| 2026-08-20 | **Phase 1 executed, and its pre-registered prediction was REFUTED.** Lowering `MIN_SEEDS` 20→5
archive/decisions/DECISIONS_2026-08-31.md	122	-	0.100	ORPHAN		y	hist	| 2026-08-20 | **Phase 1 executed, and its pre-registered prediction was REFUTED.** Lowering `MIN_SEEDS` 20→5
archive/decisions/DECISIONS_2026-08-31.md	122	-	0.114	ORPHAN		y	hist	| 2026-08-20 | **Phase 1 executed, and its pre-registered prediction was REFUTED.** Lowering `MIN_SEEDS` 20→5
archive/decisions/DECISIONS_2026-08-31.md	123	-	3.42	ORPHAN		y		| 2026-08-20 | **What Phase 1 did produce: a small GLOBAL gain, by a different mechanism than predicted.** The
archive/decisions/DECISIONS_2026-08-31.md	123	-	0.0017	ORPHAN		y		| 2026-08-20 | **What Phase 1 did produce: a small GLOBAL gain, by a different mechanism than predicted.** The
archive/decisions/DECISIONS_2026-08-31.md	123	-	0.8175	ORPHAN		y		| 2026-08-20 | **What Phase 1 did produce: a small GLOBAL gain, by a different mechanism than predicted.** The
archive/decisions/DECISIONS_2026-08-31.md	123	-	0.8197	ORPHAN		y		| 2026-08-20 | **What Phase 1 did produce: a small GLOBAL gain, by a different mechanism than predicted.** The
archive/decisions/DECISIONS_2026-08-31.md	123	-	0.1711	ORPHAN		y		| 2026-08-20 | **What Phase 1 did produce: a small GLOBAL gain, by a different mechanism than predicted.** The
archive/decisions/DECISIONS_2026-08-31.md	123	-	0.1749	ORPHAN		y		| 2026-08-20 | **What Phase 1 did produce: a small GLOBAL gain, by a different mechanism than predicted.** The
archive/decisions/DECISIONS_2026-08-31.md	123	-	2.2	ORPHAN		y		| 2026-08-20 | **What Phase 1 did produce: a small GLOBAL gain, by a different mechanism than predicted.** The
archive/decisions/DECISIONS_2026-08-31.md	123	-	0.7384	ORPHAN		y		| 2026-08-20 | **What Phase 1 did produce: a small GLOBAL gain, by a different mechanism than predicted.** The
archive/decisions/DECISIONS_2026-08-31.md	123	-	0.7418	ORPHAN		y		| 2026-08-20 | **What Phase 1 did produce: a small GLOBAL gain, by a different mechanism than predicted.** The
archive/decisions/DECISIONS_2026-08-31.md	123	-	2.380	ORPHAN		y		| 2026-08-20 | **What Phase 1 did produce: a small GLOBAL gain, by a different mechanism than predicted.** The
archive/decisions/DECISIONS_2026-08-31.md	123	-	2.391	ORPHAN		y		| 2026-08-20 | **What Phase 1 did produce: a small GLOBAL gain, by a different mechanism than predicted.** The
archive/decisions/DECISIONS_2026-08-31.md	123	-	9.08	ORPHAN		y		| 2026-08-20 | **What Phase 1 did produce: a small GLOBAL gain, by a different mechanism than predicted.** The
archive/decisions/DECISIONS_2026-08-31.md	123	-	7.43	ORPHAN		y		| 2026-08-20 | **What Phase 1 did produce: a small GLOBAL gain, by a different mechanism than predicted.** The
archive/decisions/DECISIONS_2026-08-31.md	123	-	5.52	ORPHAN		y		| 2026-08-20 | **What Phase 1 did produce: a small GLOBAL gain, by a different mechanism than predicted.** The
archive/decisions/DECISIONS_2026-08-31.md	123	-	4.78	ORPHAN		y		| 2026-08-20 | **What Phase 1 did produce: a small GLOBAL gain, by a different mechanism than predicted.** The
archive/decisions/DECISIONS_2026-08-31.md	124	-	0.8168	ORPHAN		y		| 2026-08-20 | **An unplanned control validated the causal chain even though the effect was not significant.**
archive/decisions/DECISIONS_2026-08-31.md	124	-	0.8171	ORPHAN		y		| 2026-08-20 | **An unplanned control validated the causal chain even though the effect was not significant.**
archive/decisions/DECISIONS_2026-08-31.md	125	-	0.000	VALUE_ONLY	nb2_splitting_and_pool.py:5.4 	y		| 2026-08-20 | **Paired discovery test: m5 and m6 are the SAME RANKER for ~90% of diseases.** lift@10 **115 of
archive/decisions/DECISIONS_2026-08-31.md	125	-	2.11	ORPHAN		y		| 2026-08-20 | **Paired discovery test: m5 and m6 are the SAME RANKER for ~90% of diseases.** lift@10 **115 of
archive/decisions/DECISIONS_2026-08-31.md	125	-	5.52	ORPHAN		y		| 2026-08-20 | **Paired discovery test: m5 and m6 are the SAME RANKER for ~90% of diseases.** lift@10 **115 of
archive/decisions/DECISIONS_2026-08-31.md	125	-	4.78	ORPHAN		y		| 2026-08-20 | **Paired discovery test: m5 and m6 are the SAME RANKER for ~90% of diseases.** lift@10 **115 of
archive/decisions/DECISIONS_2026-08-31.md	126	-	2.2	ORPHAN		y		| 2026-08-20 | **Recommended `m6-f13-new-pc` for adoption, weighting evidence by how well supported it is:** a
archive/decisions/DECISIONS_2026-08-31.md	126	-	0.0022	ORPHAN		y		| 2026-08-20 | **Recommended `m6-f13-new-pc` for adoption, weighting evidence by how well supported it is:** a
archive/decisions/DECISIONS_2026-08-31.md	126	-	3.42	ORPHAN		y		| 2026-08-20 | **Recommended `m6-f13-new-pc` for adoption, weighting evidence by how well supported it is:** a
archive/decisions/DECISIONS_2026-08-31.md	126	-	0.7384	ORPHAN		y		| 2026-08-20 | **Recommended `m6-f13-new-pc` for adoption, weighting evidence by how well supported it is:** a
archive/decisions/DECISIONS_2026-08-31.md	126	-	0.7418	ORPHAN		y		| 2026-08-20 | **Recommended `m6-f13-new-pc` for adoption, weighting evidence by how well supported it is:** a
archive/decisions/DECISIONS_2026-08-31.md	126	-	2.380	ORPHAN		y		| 2026-08-20 | **Recommended `m6-f13-new-pc` for adoption, weighting evidence by how well supported it is:** a
archive/decisions/DECISIONS_2026-08-31.md	126	-	2.391	ORPHAN		y		| 2026-08-20 | **Recommended `m6-f13-new-pc` for adoption, weighting evidence by how well supported it is:** a
archive/decisions/DECISIONS_2026-08-31.md	126	-	2.11	ORPHAN		y		| 2026-08-20 | **Recommended `m6-f13-new-pc` for adoption, weighting evidence by how well supported it is:** a
archive/decisions/DECISIONS_2026-08-31.md	128	-	0.697	ORPHAN		y	hist	| 2026-08-21 | **REFUTED — the graded proximity variants are NOT degree proxies; the MEAN is the degree-entang
archive/decisions/DECISIONS_2026-08-31.md	128	-	0.378	ORPHAN		y	hist	| 2026-08-21 | **REFUTED — the graded proximity variants are NOT degree proxies; the MEAN is the degree-entang
archive/decisions/DECISIONS_2026-08-31.md	128	-	0.216	ORPHAN		y	hist	| 2026-08-21 | **REFUTED — the graded proximity variants are NOT degree proxies; the MEAN is the degree-entang
archive/decisions/DECISIONS_2026-08-31.md	128	-	0.104	ORPHAN		y	hist	| 2026-08-21 | **REFUTED — the graded proximity variants are NOT degree proxies; the MEAN is the degree-entang
archive/decisions/DECISIONS_2026-08-31.md	129	-	0.982	ORPHAN		y		| 2026-08-21 | **`prox_n_reach` dropped before training: ρ = +0.982 with `prox_kernel` and single-feature AUC
archive/decisions/DECISIONS_2026-08-31.md	129	-	0.4864	ORPHAN		y		| 2026-08-21 | **`prox_n_reach` dropped before training: ρ = +0.982 with `prox_kernel` and single-feature AUC
archive/decisions/DECISIONS_2026-08-31.md	129	-	1.000	VALUE_ONLY	nb6_interrogation_and_close.py:6.2 ERBB2 carries a liability flag	y		| 2026-08-21 | **`prox_n_reach` dropped before training: ρ = +0.982 with `prox_kernel` and single-feature AUC
archive/decisions/DECISIONS_2026-08-31.md	130	-	0.6499	ORPHAN		y		| 2026-08-21 | **`prox_kernel` chosen for m7 over `prox_mean`, accepting a worse discriminator to avoid feedin
archive/decisions/DECISIONS_2026-08-31.md	130	-	0.6094	ORPHAN		y		| 2026-08-21 | **`prox_kernel` chosen for m7 over `prox_mean`, accepting a worse discriminator to avoid feedin
archive/decisions/DECISIONS_2026-08-31.md	130	-	0.5956	ORPHAN		y		| 2026-08-21 | **`prox_kernel` chosen for m7 over `prox_mean`, accepting a worse discriminator to avoid feedin
archive/decisions/DECISIONS_2026-08-31.md	130	-	0.4864	ORPHAN		y		| 2026-08-21 | **`prox_kernel` chosen for m7 over `prox_mean`, accepting a worse discriminator to avoid feedin
archive/decisions/DECISIONS_2026-08-31.md	130	-	0.697	ORPHAN		y		| 2026-08-21 | **`prox_kernel` chosen for m7 over `prox_mean`, accepting a worse discriminator to avoid feedin
archive/decisions/DECISIONS_2026-08-31.md	131	-	0.8197	ORPHAN		y		| 2026-08-21 | **`m7-f14` deployed (saved model `hJLGoYn4`, session s11 XGBoost) and is the first model in the
archive/decisions/DECISIONS_2026-08-31.md	131	-	0.8230	VALUE_ONLY	nb3_validation_and_plots.py:10.1 macro per-disease AUC	y		| 2026-08-21 | **`m7-f14` deployed (saved model `hJLGoYn4`, session s11 XGBoost) and is the first model in the
archive/decisions/DECISIONS_2026-08-31.md	131	-	0.1749	ORPHAN		y		| 2026-08-21 | **`m7-f14` deployed (saved model `hJLGoYn4`, session s11 XGBoost) and is the first model in the
archive/decisions/DECISIONS_2026-08-31.md	131	-	0.1778	ORPHAN		y		| 2026-08-21 | **`m7-f14` deployed (saved model `hJLGoYn4`, session s11 XGBoost) and is the first model in the
archive/decisions/DECISIONS_2026-08-31.md	131	-	0.0023	ORPHAN		y		| 2026-08-21 | **`m7-f14` deployed (saved model `hJLGoYn4`, session s11 XGBoost) and is the first model in the
archive/decisions/DECISIONS_2026-08-31.md	131	-	3.29	VALUE_ONLY	nb4_results_three_axes.py:8.4 pooled dm lift @10	y		| 2026-08-21 | **`m7-f14` deployed (saved model `hJLGoYn4`, session s11 XGBoost) and is the first model in the
archive/decisions/DECISIONS_2026-08-31.md	131	-	3.18	ORPHAN		y		| 2026-08-21 | **`m7-f14` deployed (saved model `hJLGoYn4`, session s11 XGBoost) and is the first model in the
archive/decisions/DECISIONS_2026-08-31.md	132	-	0.567	ORPHAN		y	hist	| 2026-08-21 | **REFUTED — the module-size mechanism `prox_kernel` was built on.** Predicted the gain would co
archive/decisions/DECISIONS_2026-08-31.md	132	-	0.003	ORPHAN		y	hist	| 2026-08-21 | **REFUTED — the module-size mechanism `prox_kernel` was built on.** Predicted the gain would co
archive/decisions/DECISIONS_2026-08-31.md	132	-	0.0055	ORPHAN		y	hist	| 2026-08-21 | **REFUTED — the module-size mechanism `prox_kernel` was built on.** Predicted the gain would co
archive/decisions/DECISIONS_2026-08-31.md	132	-	0.0025	ORPHAN		y	hist	| 2026-08-21 | **REFUTED — the module-size mechanism `prox_kernel` was built on.** Predicted the gain would co
archive/decisions/DECISIONS_2026-08-31.md	132	-	0.0117	ORPHAN		y	hist	| 2026-08-21 | **REFUTED — the module-size mechanism `prox_kernel` was built on.** Predicted the gain would co
archive/decisions/DECISIONS_2026-08-31.md	133	-	2.371	ORPHAN		y		| 2026-08-21 | **Paired tests locate m7's real gains: association and TRACTABILITY, not discovery.** Tractabil
archive/decisions/DECISIONS_2026-08-31.md	133	-	2.398	ORPHAN		y		| 2026-08-21 | **Paired tests locate m7's real gains: association and TRACTABILITY, not discovery.** Tractabil
archive/decisions/DECISIONS_2026-08-31.md	133	-	2.56	ORPHAN		y		| 2026-08-21 | **Paired tests locate m7's real gains: association and TRACTABILITY, not discovery.** Tractabil
archive/decisions/DECISIONS_2026-08-31.md	133	-	1.82	ORPHAN		y		| 2026-08-21 | **Paired tests locate m7's real gains: association and TRACTABILITY, not discovery.** Tractabil
archive/decisions/DECISIONS_2026-08-31.md	133	-	1.65	ORPHAN		y		| 2026-08-21 | **Paired tests locate m7's real gains: association and TRACTABILITY, not discovery.** Tractabil
archive/decisions/DECISIONS_2026-08-31.md	133	-	0.04	ORPHAN		y		| 2026-08-21 | **Paired tests locate m7's real gains: association and TRACTABILITY, not discovery.** Tractabil
archive/decisions/DECISIONS_2026-08-31.md	133	-	1.47	ORPHAN		y		| 2026-08-21 | **Paired tests locate m7's real gains: association and TRACTABILITY, not discovery.** Tractabil
archive/decisions/DECISIONS_2026-08-31.md	133	-	0.70	ORPHAN		y		| 2026-08-21 | **Paired tests locate m7's real gains: association and TRACTABILITY, not discovery.** Tractabil
archive/decisions/DECISIONS_2026-08-31.md	133	-	7.43	ORPHAN		y		| 2026-08-21 | **Paired tests locate m7's real gains: association and TRACTABILITY, not discovery.** Tractabil
archive/decisions/DECISIONS_2026-08-31.md	133	-	9.43	ORPHAN		y		| 2026-08-21 | **Paired tests locate m7's real gains: association and TRACTABILITY, not discovery.** Tractabil
archive/decisions/DECISIONS_2026-08-31.md	134	-	0.1900	ORPHAN		y		| 2026-08-21 | **m7's costs, stated alongside the gains:** hub spread **worsens** 0.1900 → 0.1935 and ρ(degree
archive/decisions/DECISIONS_2026-08-31.md	134	-	0.1935	VALUE_ONLY	nb3b_hub_bias_meter.py:7.2 champion spread	y		| 2026-08-21 | **m7's costs, stated alongside the gains:** hub spread **worsens** 0.1900 → 0.1935 and ρ(degree
archive/decisions/DECISIONS_2026-08-31.md	134	-	0.3233	ORPHAN		y		| 2026-08-21 | **m7's costs, stated alongside the gains:** hub spread **worsens** 0.1900 → 0.1935 and ρ(degree
archive/decisions/DECISIONS_2026-08-31.md	134	-	0.3273	VALUE_ONLY	nb3b_hub_bias_meter.py:7.2 champion rho(degree,proba)	y		| 2026-08-21 | **m7's costs, stated alongside the gains:** hub spread **worsens** 0.1900 → 0.1935 and ρ(degree
archive/decisions/DECISIONS_2026-08-31.md	134	-	0.0011	ORPHAN		y		| 2026-08-21 | **m7's costs, stated alongside the gains:** hub spread **worsens** 0.1900 → 0.1935 and ρ(degree
archive/decisions/DECISIONS_2026-08-31.md	134	-	0.0046	ORPHAN		y		| 2026-08-21 | **m7's costs, stated alongside the gains:** hub spread **worsens** 0.1900 → 0.1935 and ρ(degree
archive/decisions/DECISIONS_2026-08-31.md	134	-	0.216	ORPHAN		y		| 2026-08-21 | **m7's costs, stated alongside the gains:** hub spread **worsens** 0.1900 → 0.1935 and ρ(degree
archive/decisions/DECISIONS_2026-08-31.md	134	-	0.6886	VALUE_ONLY	nb2_splitting_and_pool.py:5.2.1 approved join auc_all	y		| 2026-08-21 | **m7's costs, stated alongside the gains:** hub spread **worsens** 0.1900 → 0.1935 and ρ(degree
archive/decisions/DECISIONS_2026-08-31.md	134	-	0.7471	VALUE_ONLY	nb2_splitting_and_pool.py:5.2.1 approved join auc_supported	y		| 2026-08-21 | **m7's costs, stated alongside the gains:** hub spread **worsens** 0.1900 → 0.1935 and ρ(degree
archive/decisions/DECISIONS_2026-08-31.md	134	-	0.0585	ORPHAN		y		| 2026-08-21 | **m7's costs, stated alongside the gains:** hub spread **worsens** 0.1900 → 0.1935 and ρ(degree
archive/decisions/DECISIONS_2026-08-31.md	135	-	0.697	ORPHAN		y		| 2026-08-21 | **`m8-f14-pm` (`prox_mean` swapped in for `prox_kernel`) tested and REJECTED — the pre-register
archive/decisions/DECISIONS_2026-08-31.md	135	-	0.216	ORPHAN		y		| 2026-08-21 | **`m8-f14-pm` (`prox_mean` swapped in for `prox_kernel`) tested and REJECTED — the pre-register
archive/decisions/DECISIONS_2026-08-31.md	135	-	0.1778	ORPHAN		y		| 2026-08-21 | **`m8-f14-pm` (`prox_mean` swapped in for `prox_kernel`) tested and REJECTED — the pre-register
archive/decisions/DECISIONS_2026-08-31.md	135	-	0.1816	ORPHAN		y		| 2026-08-21 | **`m8-f14-pm` (`prox_mean` swapped in for `prox_kernel`) tested and REJECTED — the pre-register
archive/decisions/DECISIONS_2026-08-31.md	135	-	3.42	ORPHAN		y		| 2026-08-21 | **`m8-f14-pm` (`prox_mean` swapped in for `prox_kernel`) tested and REJECTED — the pre-register
archive/decisions/DECISIONS_2026-08-31.md	135	-	0.8230	VALUE_ONLY	nb3_validation_and_plots.py:10.1 macro per-disease AUC	y		| 2026-08-21 | **`m8-f14-pm` (`prox_mean` swapped in for `prox_kernel`) tested and REJECTED — the pre-register
archive/decisions/DECISIONS_2026-08-31.md	135	-	0.8225	ORPHAN		y		| 2026-08-21 | **`m8-f14-pm` (`prox_mean` swapped in for `prox_kernel`) tested and REJECTED — the pre-register
archive/decisions/DECISIONS_2026-08-31.md	135	-	0.42	ORPHAN		y		| 2026-08-21 | **`m8-f14-pm` (`prox_mean` swapped in for `prox_kernel`) tested and REJECTED — the pre-register
archive/decisions/DECISIONS_2026-08-31.md	135	-	0.1935	VALUE_ONLY	nb3b_hub_bias_meter.py:7.2 champion spread	y		| 2026-08-21 | **`m8-f14-pm` (`prox_mean` swapped in for `prox_kernel`) tested and REJECTED — the pre-register
archive/decisions/DECISIONS_2026-08-31.md	135	-	0.1968	ORPHAN		y		| 2026-08-21 | **`m8-f14-pm` (`prox_mean` swapped in for `prox_kernel`) tested and REJECTED — the pre-register
archive/decisions/DECISIONS_2026-08-31.md	135	-	0.3273	VALUE_ONLY	nb3b_hub_bias_meter.py:7.2 champion rho(degree,proba)	y		| 2026-08-21 | **`m8-f14-pm` (`prox_mean` swapped in for `prox_kernel`) tested and REJECTED — the pre-register
archive/decisions/DECISIONS_2026-08-31.md	135	-	0.3315	ORPHAN		y		| 2026-08-21 | **`m8-f14-pm` (`prox_mean` swapped in for `prox_kernel`) tested and REJECTED — the pre-register
archive/decisions/DECISIONS_2026-08-31.md	135	-	0.1900	ORPHAN		y		| 2026-08-21 | **`m8-f14-pm` (`prox_mean` swapped in for `prox_kernel`) tested and REJECTED — the pre-register
archive/decisions/DECISIONS_2026-08-31.md	136	-	1.26	ORPHAN		y		| 2026-08-21 | **The decisive signature: m8 buys AUPRC without buying TRACTABILITY.** Paired tractability m7 →
archive/decisions/DECISIONS_2026-08-31.md	136	-	0.01	ORPHAN		y		| 2026-08-21 | **The decisive signature: m8 buys AUPRC without buying TRACTABILITY.** Paired tractability m7 →
archive/decisions/DECISIONS_2026-08-31.md	136	-	0.017	ORPHAN		y		| 2026-08-21 | **The decisive signature: m8 buys AUPRC without buying TRACTABILITY.** Paired tractability m7 →
archive/decisions/DECISIONS_2026-08-31.md	136	-	0.035	ORPHAN		y		| 2026-08-21 | **The decisive signature: m8 buys AUPRC without buying TRACTABILITY.** Paired tractability m7 →
archive/decisions/DECISIONS_2026-08-31.md	136	-	1.34	ORPHAN		y		| 2026-08-21 | **The decisive signature: m8 buys AUPRC without buying TRACTABILITY.** Paired tractability m7 →
archive/decisions/DECISIONS_2026-08-31.md	137	-	3.29	VALUE_ONLY	nb4_results_three_axes.py:8.4 pooled dm lift @10	y	hist	| 2026-08-21 | **RECOMMENDED CHAMPION: `m7-f14` (`hJLGoYn4`).** Its two gains over m6 were **association (t =
archive/decisions/DECISIONS_2026-08-31.md	137	-	3.18	ORPHAN		y	hist	| 2026-08-21 | **RECOMMENDED CHAMPION: `m7-f14` (`hJLGoYn4`).** Its two gains over m6 were **association (t =
archive/decisions/DECISIONS_2026-08-31.md	137	-	2.56	ORPHAN		y	hist	| 2026-08-21 | **RECOMMENDED CHAMPION: `m7-f14` (`hJLGoYn4`).** Its two gains over m6 were **association (t =
archive/decisions/DECISIONS_2026-08-31.md	137	-	0.003	ORPHAN		y	hist	| 2026-08-21 | **RECOMMENDED CHAMPION: `m7-f14` (`hJLGoYn4`).** Its two gains over m6 were **association (t =
archive/decisions/DECISIONS_2026-08-31.md	137	-	0.1900	ORPHAN		y	hist	| 2026-08-21 | **RECOMMENDED CHAMPION: `m7-f14` (`hJLGoYn4`).** Its two gains over m6 were **association (t =
archive/decisions/DECISIONS_2026-08-31.md	137	-	0.1935	VALUE_ONLY	nb3b_hub_bias_meter.py:7.2 champion spread	y	hist	| 2026-08-21 | **RECOMMENDED CHAMPION: `m7-f14` (`hJLGoYn4`).** Its two gains over m6 were **association (t =
archive/decisions/DECISIONS_2026-08-31.md	139	-	0.8230	VALUE_ONLY	nb3_validation_and_plots.py:10.1 macro per-disease AUC	y		| 2026-08-21 | **`m7-f14` adopted as champion and every headline number re-measured on it.** Header now reads
archive/decisions/DECISIONS_2026-08-31.md	139	-	0.8046	ASSERTED	nb3_validation_and_plots.py:header per-split-key AUC	y		| 2026-08-21 | **`m7-f14` adopted as champion and every headline number re-measured on it.** Header now reads
archive/decisions/DECISIONS_2026-08-31.md	139	-	0.8932	ASSERTED	nb3_validation_and_plots.py:header pooled AUC	y		| 2026-08-21 | **`m7-f14` adopted as champion and every headline number re-measured on it.** Header now reads
archive/decisions/DECISIONS_2026-08-31.md	139	-	0.8009	VALUE_ONLY	nb3_validation_and_plots.py:7.3 per-family macro AUC	y		| 2026-08-21 | **`m7-f14` adopted as champion and every headline number re-measured on it.** Header now reads
archive/decisions/DECISIONS_2026-08-31.md	139	-	0.6886	VALUE_ONLY	nb2_splitting_and_pool.py:5.2.1 approved join auc_all	y		| 2026-08-21 | **`m7-f14` adopted as champion and every headline number re-measured on it.** Header now reads
archive/decisions/DECISIONS_2026-08-31.md	140	-	0.7182	ORPHAN		y	hist	| 2026-08-21 | **Three nb1 assertions had been firing STALE against a document that was already correct.** §6.
archive/decisions/DECISIONS_2026-08-31.md	140	-	0.6694	ORPHAN		y	hist	| 2026-08-21 | **Three nb1 assertions had been firing STALE against a document that was already correct.** §6.
archive/decisions/DECISIONS_2026-08-31.md	140	-	0.641	ORPHAN		y	hist	| 2026-08-21 | **Three nb1 assertions had been firing STALE against a document that was already correct.** §6.
archive/decisions/DECISIONS_2026-08-31.md	140	-	0.601	ORPHAN		y	hist	| 2026-08-21 | **Three nb1 assertions had been firing STALE against a document that was already correct.** §6.
archive/decisions/DECISIONS_2026-08-31.md	140	-	0.02	ORPHAN		y	hist	| 2026-08-21 | **Three nb1 assertions had been firing STALE against a document that was already correct.** §6.
archive/decisions/DECISIONS_2026-08-31.md	141	-	2.97	ORPHAN		y		| 2026-08-21 | **§8.4's estimator crossover MOVED on m7, and only a direction check caught it.** The three mag
archive/decisions/DECISIONS_2026-08-31.md	141	-	2.90	ORPHAN		y		| 2026-08-21 | **§8.4's estimator crossover MOVED on m7, and only a direction check caught it.** The three mag
archive/decisions/DECISIONS_2026-08-31.md	142	-	1.17	ORPHAN		y	hist	| 2026-08-21 | **The §8.3 ADOPTED row had no source at all.** `compute_novel_discovery_eval` emits only approv
archive/decisions/DECISIONS_2026-08-31.md	142	-	21.32	VALUE_ONLY	nb4_results_three_axes.py:8.3 curated>=0.8 lift@10	y	hist	| 2026-08-21 | **The §8.3 ADOPTED row had no source at all.** `compute_novel_discovery_eval` emits only approv
archive/decisions/DECISIONS_2026-08-31.md	142	-	5.23	VALUE_ONLY	nb4_results_three_axes.py:8.3 curated>=0.8 lift@200	y	hist	| 2026-08-21 | **The §8.3 ADOPTED row had no source at all.** `compute_novel_discovery_eval` emits only approv
archive/decisions/DECISIONS_2026-08-31.md	143	-	0.265	ORPHAN		y	hist	| 2026-08-21 | **Model-specific claims beyond the metric tables also had to move, and they are the easiest to
archive/decisions/DECISIONS_2026-08-31.md	143	-	0.540	ORPHAN		y	hist	| 2026-08-21 | **Model-specific claims beyond the metric tables also had to move, and they are the easiest to
archive/decisions/DECISIONS_2026-08-31.md	143	-	0.217	ORPHAN		y	hist	| 2026-08-21 | **Model-specific claims beyond the metric tables also had to move, and they are the easiest to
archive/decisions/DECISIONS_2026-08-31.md	143	-	0.543	ORPHAN		y	hist	| 2026-08-21 | **Model-specific claims beyond the metric tables also had to move, and they are the easiest to
archive/decisions/DECISIONS_2026-08-31.md	143	-	0.6210	ORPHAN		y	hist	| 2026-08-21 | **Model-specific claims beyond the metric tables also had to move, and they are the easiest to
archive/decisions/DECISIONS_2026-08-31.md	143	-	0.6929	ORPHAN		y	hist	| 2026-08-21 | **Model-specific claims beyond the metric tables also had to move, and they are the easiest to
archive/decisions/DECISIONS_2026-08-31.md	143	-	0.6041	ORPHAN		y	hist	| 2026-08-21 | **Model-specific claims beyond the metric tables also had to move, and they are the easiest to
archive/decisions/DECISIONS_2026-08-31.md	143	-	0.7060	ORPHAN		y	hist	| 2026-08-21 | **Model-specific claims beyond the metric tables also had to move, and they are the easiest to
archive/decisions/DECISIONS_2026-08-31.md	143	-	1,538	ORPHAN		y	hist	| 2026-08-21 | **Model-specific claims beyond the metric tables also had to move, and they are the easiest to
archive/decisions/DECISIONS_2026-08-31.md	143	-	8.3	ORPHAN		y	hist	| 2026-08-21 | **Model-specific claims beyond the metric tables also had to move, and they are the easiest to
archive/decisions/DECISIONS_2026-08-31.md	143	-	0.024	ORPHAN		y	hist	| 2026-08-21 | **Model-specific claims beyond the metric tables also had to move, and they are the easiest to
archive/decisions/DECISIONS_2026-08-31.md	143	-	0.002	VALUE_ONLY	nb3_validation_and_plots.py:7.4 orthogonality pearson r	y	hist	| 2026-08-21 | **Model-specific claims beyond the metric tables also had to move, and they are the easiest to
archive/decisions/DECISIONS_2026-08-31.md	143	-	0.0000	VALUE_ONLY	nb2_splitting_and_pool.py:5.4 	y	hist	| 2026-08-21 | **Model-specific claims beyond the metric tables also had to move, and they are the easiest to
archive/decisions/DECISIONS_2026-08-31.md	146	-	0.0117	ORPHAN		y		| 2026-08-21 | **The MIN_SEEDS recommendation in §6.4 carried a claim that its own consequence later invalidat
archive/decisions/DECISIONS_2026-08-31.md	147	-	1,157	ORPHAN				| 2026-08-21 | **Phase 3 sizing measured — lowering the pool-route gate 20 → 5 admits 931 diseases (+80%, from
archive/decisions/DECISIONS_2026-08-31.md	147	-	2,088	ORPHAN				| 2026-08-21 | **Phase 3 sizing measured — lowering the pool-route gate 20 → 5 admits 931 diseases (+80%, from
archive/decisions/DECISIONS_2026-08-31.md	147	-	424,523	ORPHAN				| 2026-08-21 | **Phase 3 sizing measured — lowering the pool-route gate 20 → 5 admits 931 diseases (+80%, from
archive/decisions/DECISIONS_2026-08-31.md	147	-	2,960	ORPHAN				| 2026-08-21 | **Phase 3 sizing measured — lowering the pool-route gate 20 → 5 admits 931 diseases (+80%, from
archive/decisions/DECISIONS_2026-08-31.md	147	-	4,951	ORPHAN				| 2026-08-21 | **Phase 3 sizing measured — lowering the pool-route gate 20 → 5 admits 931 diseases (+80%, from
archive/decisions/DECISIONS_2026-08-31.md	147	-	2.10	ORPHAN				| 2026-08-21 | **Phase 3 sizing measured — lowering the pool-route gate 20 → 5 admits 931 diseases (+80%, from
archive/decisions/DECISIONS_2026-08-31.md	147	-	1.89	VALUE_ONLY	nb2_splitting_and_pool.py:5.2 pool positive rate %			| 2026-08-21 | **Phase 3 sizing measured — lowering the pool-route gate 20 → 5 admits 931 diseases (+80%, from
archive/decisions/DECISIONS_2026-08-31.md	147	-	1.3	ORPHAN				| 2026-08-21 | **Phase 3 sizing measured — lowering the pool-route gate 20 → 5 admits 931 diseases (+80%, from
archive/decisions/DECISIONS_2026-08-31.md	149	-	2.10	ORPHAN		y	hist	| 2026-08-21 | **CORRECTED my own Phase 3 density claim within an hour of writing it — same estimator mismatch
archive/decisions/DECISIONS_2026-08-31.md	149	-	1.89	VALUE_ONLY	nb2_splitting_and_pool.py:5.2 pool positive rate %	y	hist	| 2026-08-21 | **CORRECTED my own Phase 3 density claim within an hour of writing it — same estimator mismatch
archive/decisions/DECISIONS_2026-08-31.md	149	-	0.72	VALUE_ONLY	nb1_features_and_config.py:6.1 dwpc_GPGD single-feature AUC	y	hist	| 2026-08-21 | **CORRECTED my own Phase 3 density claim within an hour of writing it — same estimator mismatch
archive/decisions/DECISIONS_2026-08-31.md	149	-	3.19	ORPHAN		y	hist	| 2026-08-21 | **CORRECTED my own Phase 3 density claim within an hour of writing it — same estimator mismatch
archive/decisions/DECISIONS_2026-08-31.md	149	-	4.4	ORPHAN		y	hist	| 2026-08-21 | **CORRECTED my own Phase 3 density claim within an hour of writing it — same estimator mismatch
archive/decisions/DECISIONS_2026-08-31.md	149	-	3,067	ORPHAN		y	hist	| 2026-08-21 | **CORRECTED my own Phase 3 density claim within an hour of writing it — same estimator mismatch
archive/decisions/DECISIONS_2026-08-31.md	149	-	8,919	ORPHAN		y	hist	| 2026-08-21 | **CORRECTED my own Phase 3 density claim within an hour of writing it — same estimator mismatch
archive/decisions/DECISIONS_2026-08-31.md	149	-	2,088	ORPHAN		y	hist	| 2026-08-21 | **CORRECTED my own Phase 3 density claim within an hour of writing it — same estimator mismatch
archive/decisions/DECISIONS_2026-08-31.md	149	-	1,157	ORPHAN		y	hist	| 2026-08-21 | **CORRECTED my own Phase 3 density claim within an hour of writing it — same estimator mismatch
archive/decisions/DECISIONS_2026-08-31.md	150	-	1,157	ORPHAN		y		| 2026-08-21 | **Phase 3 design decision: `compute_dwpc_go_metapaths` is HELD at `MIN_MODULE = 20` while the o
archive/decisions/DECISIONS_2026-08-31.md	152	-	16.9	VALUE_ONLY	nb4_results_three_axes.py:8.3 approved lift@10	y	hist	| 2026-08-21 | **Built `tools/build_index.py` + `.index/` after the doc sweep showed navigation was the real c
archive/decisions/DECISIONS_2026-08-31.md	152	-	16.88	VALUE_ONLY	nb4_results_three_axes.py:8.3 approved lift@10	y	hist	| 2026-08-21 | **Built `tools/build_index.py` + `.index/` after the doc sweep showed navigation was the real c
archive/decisions/DECISIONS_2026-08-31.md	153	-	1,444	ORPHAN			hist	| 2026-08-21 | **The first index build was useless and the reason is worth recording: 1,444 orphans of 1,630 c
archive/decisions/DECISIONS_2026-08-31.md	153	-	1,630	ORPHAN			hist	| 2026-08-21 | **The first index build was useless and the reason is worth recording: 1,444 orphans of 1,630 c
archive/decisions/DECISIONS_2026-08-31.md	154	-	0.024	ORPHAN		y	hist	| 2026-08-21 | **The index found four stale numbers the manual sweep had missed, two of them in external-audie
archive/decisions/DECISIONS_2026-08-31.md	154	-	0.0006	ORPHAN		y	hist	| 2026-08-21 | **The index found four stale numbers the manual sweep had missed, two of them in external-audie
archive/decisions/DECISIONS_2026-08-31.md	154	-	0.691	ORPHAN		y	hist	| 2026-08-21 | **The index found four stale numbers the manual sweep had missed, two of them in external-audie
archive/decisions/DECISIONS_2026-08-31.md	154	-	0.734	VALUE_ONLY	nb2_splitting_and_pool.py:5.2.1 curated known_drug >=0.8 auc_supported	y	hist	| 2026-08-21 | **The index found four stale numbers the manual sweep had missed, two of them in external-audie
archive/decisions/DECISIONS_2026-08-31.md	154	-	0.689	VALUE_ONLY	nb2_splitting_and_pool.py:5.2.1 approved join auc_all	y	hist	| 2026-08-21 | **The index found four stale numbers the manual sweep had missed, two of them in external-audie
archive/decisions/DECISIONS_2026-08-31.md	154	-	0.747	VALUE_ONLY	nb2_splitting_and_pool.py:5.2.1 approved join auc_supported	y	hist	| 2026-08-21 | **The index found four stale numbers the manual sweep had missed, two of them in external-audie
archive/decisions/DECISIONS_2026-08-31.md	154	-	0.93	ORPHAN		y	hist	| 2026-08-21 | **The index found four stale numbers the manual sweep had missed, two of them in external-audie
archive/decisions/DECISIONS_2026-08-31.md	154	-	0.94	VALUE_ONLY	nb4_results_three_axes.py:8.10 HER2+ AUC	y	hist	| 2026-08-21 | **The index found four stale numbers the manual sweep had missed, two of them in external-audie
archive/decisions/DECISIONS_2026-08-31.md	155	-	60.0	ORPHAN		y		| 2026-08-21 | **A client-facing monotonicity claim is now false and was caught the same way.** `DEMO_NARRATIV
archive/decisions/DECISIONS_2026-08-31.md	155	-	43.3	ORPHAN		y		| 2026-08-21 | **A client-facing monotonicity claim is now false and was caught the same way.** `DEMO_NARRATIV
archive/decisions/DECISIONS_2026-08-31.md	155	-	66.0	ORPHAN		y		| 2026-08-21 | **A client-facing monotonicity claim is now false and was caught the same way.** `DEMO_NARRATIV
archive/decisions/DECISIONS_2026-08-31.md	155	-	48.0	ORPHAN		y		| 2026-08-21 | **A client-facing monotonicity claim is now false and was caught the same way.** `DEMO_NARRATIV
archive/decisions/DECISIONS_2026-08-31.md	159	-	1,630	ORPHAN				| 2026-08-21 | **The index was indexing its own output.** `.index/SUMMARY.md` is a `.md` file, so once committ
archive/decisions/DECISIONS_2026-08-31.md	159	-	1,744	ORPHAN				| 2026-08-21 | **The index was indexing its own output.** `.index/SUMMARY.md` is a `.md` file, so once committ
archive/decisions/DECISIONS_2026-08-31.md	161	-	0.7471	VALUE_ONLY	nb2_splitting_and_pool.py:5.2.1 approved join auc_supported	y		| 2026-08-21 | **The champion-metric cross-check found a bug in my own indexer within a minute of existing.**
archive/decisions/DECISIONS_2026-08-31.md	161	-	0.6886	VALUE_ONLY	nb2_splitting_and_pool.py:5.2.1 approved join auc_all	y		| 2026-08-21 | **The champion-metric cross-check found a bug in my own indexer within a minute of existing.**
archive/decisions/DECISIONS_2026-08-31.md	164	-	0.85	ORPHAN			hist	| 2026-06-30 | **RWR implemented with `scipy.sparse` + `ThreadPoolExecutor`, not `networkx`** — recorded retro
archive/decisions/DECISIONS_2026-08-31.md	170	-	6.3	ORPHAN			hist	| 2026-08-21 | **Phase 3's open question ANSWERED, and it falsified two of my own pre-registered predictions b
archive/decisions/DECISIONS_2026-08-31.md	170	-	0.32	ORPHAN			hist	| 2026-08-21 | **Phase 3's open question ANSWERED, and it falsified two of my own pre-registered predictions b
archive/decisions/DECISIONS_2026-08-31.md	170	-	2.00	VALUE_ONLY	nb2_splitting_and_pool.py:10.4 diseases below 50%		hist	| 2026-08-21 | **Phase 3's open question ANSWERED, and it falsified two of my own pre-registered predictions b
archive/decisions/DECISIONS_2026-08-31.md	170	-	4.4	ORPHAN			hist	| 2026-08-21 | **Phase 3's open question ANSWERED, and it falsified two of my own pre-registered predictions b
archive/decisions/DECISIONS_2026-08-31.md	170	-	1.72	ORPHAN			hist	| 2026-08-21 | **Phase 3's open question ANSWERED, and it falsified two of my own pre-registered predictions b
archive/decisions/DECISIONS_2026-08-31.md	170	-	1.86	ORPHAN			hist	| 2026-08-21 | **Phase 3's open question ANSWERED, and it falsified two of my own pre-registered predictions b
archive/decisions/DECISIONS_2026-08-31.md	170	-	19.6	ORPHAN			hist	| 2026-08-21 | **Phase 3's open question ANSWERED, and it falsified two of my own pre-registered predictions b
archive/decisions/DECISIONS_2026-08-31.md	170	-	1.63	ORPHAN			hist	| 2026-08-21 | **Phase 3's open question ANSWERED, and it falsified two of my own pre-registered predictions b
archive/decisions/DECISIONS_2026-08-31.md	170	-	0.3	VALUE_ONLY	nb3b_hub_bias_meter.py:7.2 champion rho(degree,proba)		hist	| 2026-08-21 | **Phase 3's open question ANSWERED, and it falsified two of my own pre-registered predictions b
archive/decisions/DECISIONS_2026-08-31.md	172	-	1,157	ORPHAN				| 2026-08-21 | **Phase 3 verdict for the handoff: defensible as a COVERAGE play, weak as a quality play.** The
archive/decisions/DECISIONS_2026-08-31.md	172	-	2,088	ORPHAN				| 2026-08-21 | **Phase 3 verdict for the handoff: defensible as a COVERAGE play, weak as a quality play.** The
archive/decisions/DECISIONS_2026-08-31.md	172	-	6.3	ORPHAN				| 2026-08-21 | **Phase 3 verdict for the handoff: defensible as a COVERAGE play, weak as a quality play.** The
archive/decisions/DECISIONS_2026-08-31.md	172	-	0.62	ORPHAN				| 2026-08-21 | **Phase 3 verdict for the handoff: defensible as a COVERAGE play, weak as a quality play.** The
archive/decisions/DECISIONS_2026-08-31.md	172	-	0.75	VALUE_ONLY	nb2_splitting_and_pool.py:5.2.1 approved join auc_supported			| 2026-08-21 | **Phase 3 verdict for the handoff: defensible as a COVERAGE play, weak as a quality play.** The
archive/decisions/DECISIONS_2026-08-31.md	173	-	0.8197	ORPHAN		y		| 2026-08-21 | **Found a claim surface no index covers: DSS flow-zone descriptions.** They are demo-facing pro
archive/decisions/DECISIONS_2026-08-31.md	173	-	0.7976	ORPHAN		y		| 2026-08-21 | **Found a claim surface no index covers: DSS flow-zone descriptions.** They are demo-facing pro
archive/decisions/DECISIONS_2026-08-31.md	173	-	0.8230	VALUE_ONLY	nb3_validation_and_plots.py:10.1 macro per-disease AUC	y		| 2026-08-21 | **Found a claim surface no index covers: DSS flow-zone descriptions.** They are demo-facing pro
archive/decisions/DECISIONS_2026-08-31.md	173	-	0.8009	VALUE_ONLY	nb3_validation_and_plots.py:7.3 per-family macro AUC	y		| 2026-08-21 | **Found a claim surface no index covers: DSS flow-zone descriptions.** They are demo-facing pro
archive/decisions/PROJECT_CONTEXT_DECISION_APPENDIX_2026-08-31.md	19	-	0.01	ORPHAN			hist	| 2026-08-17 | **Migration accepted.** The modelling flow rebuilt on the shared graph reproduces the frozen re
archive/decisions/PROJECT_CONTEXT_DECISION_APPENDIX_2026-08-31.md	20	-	1,802	ORPHAN		y		| 2026-08-17 | **Discovery adopted as a third reported axis, and it is the strongest result in the POC** ([VAL
archive/prioritizer/TARGET_PRIORITIZER_PRE_PHASE3.md	23	-	0.8230	VALUE_ONLY	nb3_validation_and_plots.py:10.1 macro per-disease AUC	y		> **`m7-f14`** (14 features): macro per-disease AUC **0.8230** over 670 diseases, per-split-key
archive/prioritizer/TARGET_PRIORITIZER_PRE_PHASE3.md	24	-	0.8046	ASSERTED	nb3_validation_and_plots.py:header per-split-key AUC	y		> 0.8046, pooled 0.8932, per-family 0.8009, drug-target 0.6886.
archive/prioritizer/TARGET_PRIORITIZER_PRE_PHASE3.md	24	-	0.8932	ASSERTED	nb3_validation_and_plots.py:header pooled AUC	y		> 0.8046, pooled 0.8932, per-family 0.8009, drug-target 0.6886.
archive/prioritizer/TARGET_PRIORITIZER_PRE_PHASE3.md	24	-	0.8009	VALUE_ONLY	nb3_validation_and_plots.py:7.3 per-family macro AUC	y		> 0.8046, pooled 0.8932, per-family 0.8009, drug-target 0.6886.
archive/prioritizer/TARGET_PRIORITIZER_PRE_PHASE3.md	24	-	0.6886	VALUE_ONLY	nb2_splitting_and_pool.py:5.2.1 approved join auc_all	y		> 0.8046, pooled 0.8932, per-family 0.8009, drug-target 0.6886.
archive/prioritizer/TARGET_PRIORITIZER_PRE_PHASE3.md	27	-	0.01	ORPHAN			hist	> **±0.01** of the frozen reference — inside the ±0.02 tolerance set in advance — and the ablation
archive/prioritizer/TARGET_PRIORITIZER_PRE_PHASE3.md	27	-	0.02	ORPHAN			hist	> **±0.01** of the frozen reference — inside the ±0.02 tolerance set in advance — and the ablation
archive/prioritizer/TARGET_PRIORITIZER_PRE_PHASE3.md	54	1	0.002	VALUE_ONLY	nb3_validation_and_plots.py:7.4 orthogonality pearson r	y		is **statistically orthogonal** to therapeutic relevance — r = +0.002, R² = 0.0000 over 130 diseases
archive/prioritizer/TARGET_PRIORITIZER_PRE_PHASE3.md	54	1	0.0000	VALUE_ONLY	nb2_splitting_and_pool.py:5.4 	y		is **statistically orthogonal** to therapeutic relevance — r = +0.002, R² = 0.0000 over 130 diseases
archive/prioritizer/TARGET_PRIORITIZER_PRE_PHASE3.md	69	2	0.81	ORPHAN		y		modules", and proximity to a module predicts association — indication classification at AUC ≈ 0.81
archive/prioritizer/TARGET_PRIORITIZER_PRE_PHASE3.md	87	3.1	189,444	ORPHAN				somatic mutation @ score ≥ 0.3). **189,444 unique (disease, gene) associations.**
archive/prioritizer/TARGET_PRIORITIZER_PRE_PHASE3.md	93	3.1	7,039	ORPHAN				| entities with ≥1 association | 7,039 | 13,442 |
archive/prioritizer/TARGET_PRIORITIZER_PRE_PHASE3.md	93	3.1	13,442	ORPHAN				| entities with ≥1 association | 7,039 | 13,442 |
archive/prioritizer/TARGET_PRIORITIZER_PRE_PHASE3.md	96	3.1	3,245	ORPHAN				| maximum | **3,245** | 622 |
archive/prioritizer/TARGET_PRIORITIZER_PRE_PHASE3.md	97	3.1	31.2	ORPHAN				| share of the label held by the top 1% | **31.2%** | 16.0% |
archive/prioritizer/TARGET_PRIORITIZER_PRE_PHASE3.md	97	3.1	16.0	ORPHAN				| share of the label held by the top 1% | **31.2%** | 16.0% |
archive/prioritizer/TARGET_PRIORITIZER_PRE_PHASE3.md	98	3.1	83.9	ORPHAN				| share held by the top 10% | **83.9%** | 58.6% |
archive/prioritizer/TARGET_PRIORITIZER_PRE_PHASE3.md	98	3.1	58.6	ORPHAN				| share held by the top 10% | **83.9%** | 58.6% |
archive/prioritizer/TARGET_PRIORITIZER_PRE_PHASE3.md	123	3.2	1,157	ORPHAN				| eligible diseases (in the candidate pool) | **1,157** |
archive/prioritizer/TARGET_PRIORITIZER_PRE_PHASE3.md	124	3.2	34,019	ORPHAN				| hierarchy edges resolving onto the graph | 34,019 |
archive/prioritizer/TARGET_PRIORITIZER_PRE_PHASE3.md	125	3.2	52.8	ORPHAN				| **eligible diseases with more than one direct parent** | **52.8%** (468 of 887 that have any) |
archive/prioritizer/TARGET_PRIORITIZER_PRE_PHASE3.md	126	3.2	1,157	ORPHAN				| undirected transitive closure — largest component | **907 of 1,157 eligible (78.4%)** |
archive/prioritizer/TARGET_PRIORITIZER_PRE_PHASE3.md	126	3.2	78.4	ORPHAN				| undirected transitive closure — largest component | **907 of 1,157 eligible (78.4%)** |
archive/prioritizer/TARGET_PRIORITIZER_PRE_PHASE3.md	128	3.2	52.8	ORPHAN				**The ontology is a DAG, not a tree.** Because **52.8%** of eligible diseases have multiple parents,
archive/prioritizer/TARGET_PRIORITIZER_PRE_PHASE3.md	134	3.2	1,145	ORPHAN			hist	> ⚠ The retired version of this table also quoted K-hop grouping figures (930 at K=1, 1,145 at K=2).
archive/prioritizer/TARGET_PRIORITIZER_PRE_PHASE3.md	149	3.3	0.8064	ORPHAN				| parent (broader) terms | 259 pairs | 0.8064 |
archive/prioritizer/TARGET_PRIORITIZER_PRE_PHASE3.md	150	3.3	0.8355	ORPHAN				| **child (more specific) terms** | 259 pairs | **0.8355** |
archive/prioritizer/TARGET_PRIORITIZER_PRE_PHASE3.md	152	3.3	56.4	ORPHAN				**The more specific term scores higher in 56.4% of pairs, and +0.029 on average** — 54.4% when
archive/prioritizer/TARGET_PRIORITIZER_PRE_PHASE3.md	152	3.3	0.029	ORPHAN				**The more specific term scores higher in 56.4% of pairs, and +0.029 on average** — 54.4% when
archive/prioritizer/TARGET_PRIORITIZER_PRE_PHASE3.md	152	3.3	54.4	ORPHAN				**The more specific term scores higher in 56.4% of pairs, and +0.029 on average** — 54.4% when
archive/prioritizer/TARGET_PRIORITIZER_PRE_PHASE3.md	154	3.3	0.110	ORPHAN		y		predicts ranking quality at all: **Spearman(module size, AUC) = +0.110**, Spearman(positives, AUC) =
archive/prioritizer/TARGET_PRIORITIZER_PRE_PHASE3.md	155	3.3	0.198	ORPHAN				+0.198.
archive/prioritizer/TARGET_PRIORITIZER_PRE_PHASE3.md	158	3.3	56.4	ORPHAN				56.4% is not far from a coin flip. What the measurement supports is *"specificity costs nothing"*, not
archive/prioritizer/TARGET_PRIORITIZER_PRE_PHASE3.md	162	3.3	0.7072	ORPHAN				**0.7072** — the worst of twelve — while `HER2 positive breast carcinoma` reaches **0.9365** and every
archive/prioritizer/TARGET_PRIORITIZER_PRE_PHASE3.md	162	3.3	0.9365	VALUE_ONLY	nb4_results_three_axes.py:8.10 HER2+ AUC			**0.7072** — the worst of twelve — while `HER2 positive breast carcinoma` reaches **0.9365** and every
archive/prioritizer/TARGET_PRIORITIZER_PRE_PHASE3.md	177	3.4	0.887	ORPHAN				47 of 50** (Jaccard 0.887) — two histologies with genuinely different pathophysiology and different
archive/prioritizer/TARGET_PRIORITIZER_PRE_PHASE3.md	222	4.1	0.641	ORPHAN		y		| `dwpc_GPGD` | pathway + association | Candidate sits in a **curated pathway** with known disease genes — sha
archive/prioritizer/TARGET_PRIORITIZER_PRE_PHASE3.md	249	4.2	0.835	ORPHAN		y		| `gene_n_diseases` | **Label-derived** — built from the label relation itself; alone separates the test set a
archive/prioritizer/TARGET_PRIORITIZER_PRE_PHASE3.md	252	4.2	99.8	ORPHAN				| `dwpc_GCD` | 99.8% null, and **circular** for target identification: "an approved drug already targets this
archive/prioritizer/TARGET_PRIORITIZER_PRE_PHASE3.md	253	4.2	0.8207	ORPHAN		y		| `prox_closest` | **Dropped after measurement**, not on suspicion. Removal cost nothing (per-disease 0.8207 →
archive/prioritizer/TARGET_PRIORITIZER_PRE_PHASE3.md	253	4.2	0.8228	ORPHAN		y		| `prox_closest` | **Dropped after measurement**, not on suspicion. Removal cost nothing (per-disease 0.8207 →
archive/prioritizer/TARGET_PRIORITIZER_PRE_PHASE3.md	253	4.2	0.6880	ORPHAN		y		| `prox_closest` | **Dropped after measurement**, not on suspicion. Removal cost nothing (per-disease 0.8207 →
archive/prioritizer/TARGET_PRIORITIZER_PRE_PHASE3.md	253	4.2	0.6836	ORPHAN		y		| `prox_closest` | **Dropped after measurement**, not on suspicion. Removal cost nothing (per-disease 0.8207 →
archive/prioritizer/TARGET_PRIORITIZER_PRE_PHASE3.md	254	4.2	0.96	ORPHAN		y		| `ppi_common_neighbors` | Redundant — ρ +0.96 with `ppi_jaccard`, +0.93 with `ppi_adamic_adar`. |
archive/prioritizer/TARGET_PRIORITIZER_PRE_PHASE3.md	254	4.2	0.93	ORPHAN		y		| `ppi_common_neighbors` | Redundant — ρ +0.96 with `ppi_jaccard`, +0.93 with `ppi_adamic_adar`. |
archive/prioritizer/TARGET_PRIORITIZER_PRE_PHASE3.md	255	4.2	0.90	ORPHAN		y		| `shared_pathway_count` | Redundant — ρ +0.90 with `gene_n_pathways`; the normalized form is better. |
archive/prioritizer/TARGET_PRIORITIZER_PRE_PHASE3.md	256	4.2	0.98	ORPHAN		y		| `pagerank`, `triangles`, `eigenvector_centrality`, `clustering_coefficient` | **Collinear duplicates of degr
archive/prioritizer/TARGET_PRIORITIZER_PRE_PHASE3.md	256	4.2	0.93	ORPHAN		y		| `pagerank`, `triangles`, `eigenvector_centrality`, `clustering_coefficient` | **Collinear duplicates of degr
archive/prioritizer/TARGET_PRIORITIZER_PRE_PHASE3.md	256	4.2	0.80	VALUE_ONLY	nb3_validation_and_plots.py:7.3 per-family macro AUC	y		| `pagerank`, `triangles`, `eigenvector_centrality`, `clustering_coefficient` | **Collinear duplicates of degr
archive/prioritizer/TARGET_PRIORITIZER_PRE_PHASE3.md	257	4.2	0.5000	ORPHAN		y		| `has_inflammatory_go_annotation` | Built as a priority-1 candidate. **88% null, single-feature AUC exactly 0
archive/prioritizer/TARGET_PRIORITIZER_PRE_PHASE3.md	263	4.2	0.43	VALUE_ONLY	nb7_panel_selection.py:7.4 breast mean overlap	y		> (acceptable): null gaps of −75 pp versus +0.43 pp.
archive/prioritizer/TARGET_PRIORITIZER_PRE_PHASE3.md	273	4.3	11,187	ORPHAN				Only **12 of 11,187** terms exceeded the fan-out cap, so no threshold tuning would have helped.
archive/prioritizer/TARGET_PRIORITIZER_PRE_PHASE3.md	293	5	0.993	ORPHAN		y		| 1 | **Random split** | AUC 0.993 — a disease's pairs land in both folds, and every feature is proximity-to-*
archive/prioritizer/TARGET_PRIORITIZER_PRE_PHASE3.md	294	5	0.989	ORPHAN		y		| 2 | **Missing-data / easy-negative** | AUC 0.989 even when grouped. No feature separated by *value* (best 0.
archive/prioritizer/TARGET_PRIORITIZER_PRE_PHASE3.md	294	5	0.685	ORPHAN		y		| 2 | **Missing-data / easy-negative** | AUC 0.989 even when grouped. No feature separated by *value* (best 0.
archive/prioritizer/TARGET_PRIORITIZER_PRE_PHASE3.md	302	5.1	1,154	ORPHAN				**Disease eligibility:** ≥ 20 protein seeds, so network features are estimable — 1,154 of 27,153
archive/prioritizer/TARGET_PRIORITIZER_PRE_PHASE3.md	302	5.1	27,153	ORPHAN				**Disease eligibility:** ≥ 20 protein seeds, so network features are estimable — 1,154 of 27,153
archive/prioritizer/TARGET_PRIORITIZER_PRE_PHASE3.md	313	5.2	18,396,158	ORPHAN				| All (gene, eligible-disease) pairs | 18,396,158 | 0.90% |
archive/prioritizer/TARGET_PRIORITIZER_PRE_PHASE3.md	313	5.2	0.90	ORPHAN				| All (gene, eligible-disease) pairs | 18,396,158 | 0.90% |
archive/prioritizer/TARGET_PRIORITIZER_PRE_PHASE3.md	314	5.2	6,754,128	ASSERTED	nb2_splitting_and_pool.py:5.2 pool rows			| After the has-path-evidence restriction | **6,754,128** | **1.89%** |
archive/prioritizer/TARGET_PRIORITIZER_PRE_PHASE3.md	314	5.2	1.89	ASSERTED	nb2_splitting_and_pool.py:5.2 pool positive rate %			| After the has-path-evidence restriction | **6,754,128** | **1.89%** |
archive/prioritizer/TARGET_PRIORITIZER_PRE_PHASE3.md	326	5.2	1.04	ORPHAN				grows the pool to 15.8M at 1.04% positives and makes coverage equalization *worse* on every original
archive/prioritizer/TARGET_PRIORITIZER_PRE_PHASE3.md	329	5.2	49.8	ORPHAN				49.8% of positives — logged as a future experiment, not adopted.
archive/prioritizer/TARGET_PRIORITIZER_PRE_PHASE3.md	332	5.2	42,227	ASSERTED	nb2_splitting_and_pool.py:5.2 GCD rows			> auto-rejects it for excessive nulls, and it holds only 42,227 rows — yet it is one of the three
archive/prioritizer/TARGET_PRIORITIZER_PRE_PHASE3.md	337	5.2.2	21,308,566	ORPHAN		y		*Source: `enriched_graph_features_1` (pre-filter, 21,308,566 rows) scored counterfactually with `m5-f13` · `nb
archive/prioritizer/TARGET_PRIORITIZER_PRE_PHASE3.md	339	5.2.2	0.90	ORPHAN		y		The motivating case is §8.10's `TACSTD2`: a curated therapeutic pair at score 0.90 for triple-negative
archive/prioritizer/TARGET_PRIORITIZER_PRE_PHASE3.md	346	5.2.2	6,754,128	VALUE_ONLY	nb2_splitting_and_pool.py:5.2 pool rows			| pool | 6,754,128 → **18,283,793 (+170.7%)** |
archive/prioritizer/TARGET_PRIORITIZER_PRE_PHASE3.md	346	5.2.2	18,283,793	ORPHAN				| pool | 6,754,128 → **18,283,793 (+170.7%)** |
archive/prioritizer/TARGET_PRIORITIZER_PRE_PHASE3.md	346	5.2.2	170.7	ORPHAN				| pool | 6,754,128 → **18,283,793 (+170.7%)** |
archive/prioritizer/TARGET_PRIORITIZER_PRE_PHASE3.md	347	5.2.2	2,563	ORPHAN				| **triple-negative's own pool** | 2,563 → **15,937 (6.2×)** |
archive/prioritizer/TARGET_PRIORITIZER_PRE_PHASE3.md	347	5.2.2	15,937	ORPHAN				| **triple-negative's own pool** | 2,563 → **15,937 (6.2×)** |
archive/prioritizer/TARGET_PRIORITIZER_PRE_PHASE3.md	347	5.2.2	6.2	ORPHAN				| **triple-negative's own pool** | 2,563 → **15,937 (6.2×)** |
archive/prioritizer/TARGET_PRIORITIZER_PRE_PHASE3.md	348	5.2.2	1.887	ORPHAN				| positive rate | 1.887% → **≈0.70%** |
archive/prioritizer/TARGET_PRIORITIZER_PRE_PHASE3.md	348	5.2.2	0.70	ORPHAN				| positive rate | 1.887% → **≈0.70%** |
archive/prioritizer/TARGET_PRIORITIZER_PRE_PHASE3.md	349	5.2.2	98.5	VALUE_ONLY	nb2_splitting_and_pool.py:10.4 reachability ceiling %	y		| recall ceiling | 98.5% → **100.0%** (all 34 pairs) |
archive/prioritizer/TARGET_PRIORITIZER_PRE_PHASE3.md	349	5.2.2	100.0	ORPHAN		y		| recall ceiling | 98.5% → **100.0%** (all 34 pairs) |
archive/prioritizer/TARGET_PRIORITIZER_PRE_PHASE3.md	352	5.2.2	1.04	ORPHAN				(15.8M at 1.04%). But the decisive objection is not size — it is that **the admitted pairs cannot be
archive/prioritizer/TARGET_PRIORITIZER_PRE_PHASE3.md	353	5.2.2	13,407	ORPHAN				scored.** On all 13,407 counterfactual rows:
archive/prioritizer/TARGET_PRIORITIZER_PRE_PHASE3.md	362	5.2.2	0.1426	ORPHAN		y		probability of admitted pairs is **0.1426 against 0.2738** across the existing pool — **52%**, which
archive/prioritizer/TARGET_PRIORITIZER_PRE_PHASE3.md	362	5.2.2	0.2738	ORPHAN		y		probability of admitted pairs is **0.1426 against 0.2738** across the existing pool — **52%**, which
archive/prioritizer/TARGET_PRIORITIZER_PRE_PHASE3.md	369	5.2.2	2,564	ORPHAN				| **`TACSTD2` for triple-negative** | **#845 of 2,564 — top 33%** |
archive/prioritizer/TARGET_PRIORITIZER_PRE_PHASE3.md	370	5.2.2	1,119	ORPHAN		y		| the 23 scoreable unreachable curated pairs | median rank **1,119**, **0 in the top 50, 0 in the top 200** |
archive/prioritizer/TARGET_PRIORITIZER_PRE_PHASE3.md	371	5.2.2	2,471	ORPHAN				| best case across all of them | FSHR / hypogonadism at #259 of 2,471 |
archive/prioritizer/TARGET_PRIORITIZER_PRE_PHASE3.md	372	5.2.2	13,374	ORPHAN				| triple-negative's 13,374 admitted genes | **21 would take top-50 slots** |
archive/prioritizer/TARGET_PRIORITIZER_PRE_PHASE3.md	389	5.2.1	100.0	ORPHAN				not a correlation: **100.0% of approved-join drug pairs that sit in the pool carry a GCD route.**
archive/prioritizer/TARGET_PRIORITIZER_PRE_PHASE3.md	396	5.2.1	0.153	ASSERTED	nb2_splitting_and_pool.py:5.2.1 GCD-only pct of pool			| admitted **only** by the GCD route | **0.153%** (10,337) | **25.4%** (344) |
archive/prioritizer/TARGET_PRIORITIZER_PRE_PHASE3.md	396	5.2.1	10,337	ASSERTED	nb2_splitting_and_pool.py:5.2.1 GCD-only pairs			| admitted **only** by the GCD route | **0.153%** (10,337) | **25.4%** (344) |
archive/prioritizer/TARGET_PRIORITIZER_PRE_PHASE3.md	396	5.2.1	25.4	ORPHAN				| admitted **only** by the GCD route | **0.153%** (10,337) | **25.4%** (344) |
archive/prioritizer/TARGET_PRIORITIZER_PRE_PHASE3.md	398	5.2.1	91.8	ORPHAN				**A 91.8× enrichment.** One in four approved drug-target positives is in the evaluation population
archive/prioritizer/TARGET_PRIORITIZER_PRE_PHASE3.md	411	5.2.1	0.6886	ASSERTED	nb2_splitting_and_pool.py:5.2.1 approved join auc_all			| all positives *(the documented number)* | 0.6886 |
archive/prioritizer/TARGET_PRIORITIZER_PRE_PHASE3.md	412	5.2.1	0.7471	ASSERTED	nb2_splitting_and_pool.py:5.2.1 approved join auc_supported			| positives the model has route features for | **0.7471** *(+0.0585)* |
archive/prioritizer/TARGET_PRIORITIZER_PRE_PHASE3.md	412	5.2.1	0.0585	ORPHAN				| positives the model has route features for | **0.7471** *(+0.0585)* |
archive/prioritizer/TARGET_PRIORITIZER_PRE_PHASE3.md	413	5.2.1	0.6041	ORPHAN				| on the 69 affected diseases only | 0.6041 → **0.7060** *(+0.1019)* |
archive/prioritizer/TARGET_PRIORITIZER_PRE_PHASE3.md	413	5.2.1	0.7060	ORPHAN				| on the 69 affected diseases only | 0.6041 → **0.7060** *(+0.1019)* |
archive/prioritizer/TARGET_PRIORITIZER_PRE_PHASE3.md	413	5.2.1	0.1019	ORPHAN				| on the 69 affected diseases only | 0.6041 → **0.7060** *(+0.1019)* |
archive/prioritizer/TARGET_PRIORITIZER_PRE_PHASE3.md	415	5.2.1	0.217	ORPHAN		y		Direct confirmation of the mechanism: GCD-only positives receive mean `proba_1` of **0.217** against
archive/prioritizer/TARGET_PRIORITIZER_PRE_PHASE3.md	416	5.2.1	0.543	ORPHAN				**0.543** for route-supported positives (344 GCD-only against 1,194 route-supported) — half the score, because
archive/prioritizer/TARGET_PRIORITIZER_PRE_PHASE3.md	416	5.2.1	1,194	ORPHAN				**0.543** for route-supported positives (344 GCD-only against 1,194 route-supported) — half the score, because
archive/prioritizer/TARGET_PRIORITIZER_PRE_PHASE3.md	422	5.2.1	10,337	ASSERTED	nb2_splitting_and_pool.py:5.2.1 GCD-only pairs			was wrong on cost. The pool cost is genuinely trivial (10,337 rows, 0.153%; ~64 association positives),
archive/prioritizer/TARGET_PRIORITIZER_PRE_PHASE3.md	422	5.2.1	0.153	ASSERTED	nb2_splitting_and_pool.py:5.2.1 GCD-only pct of pool			was wrong on cost. The pool cost is genuinely trivial (10,337 rows, 0.153%; ~64 association positives),
archive/prioritizer/TARGET_PRIORITIZER_PRE_PHASE3.md	425	5.2.1	10.7	ORPHAN		y		population makes 10.7% of the evaluable diseases go dark on the therapeutic axis.
archive/prioritizer/TARGET_PRIORITIZER_PRE_PHASE3.md	433	5.2.1	0.6886	ASSERTED	nb2_splitting_and_pool.py:5.2.1 approved join auc_all	y		| all positives | 0.6886 | how the model ranks approved targets among everything in its population |
archive/prioritizer/TARGET_PRIORITIZER_PRE_PHASE3.md	434	5.2.1	0.7471	ASSERTED	nb2_splitting_and_pool.py:5.2.1 approved join auc_supported	y		| route-supported positives only | **0.7471** | how it ranks the approved targets it can actually see |
archive/prioritizer/TARGET_PRIORITIZER_PRE_PHASE3.md	439	5.2.1	0.6886	ASSERTED	nb2_splitting_and_pool.py:5.2.1 approved join auc_all			> **The reported 0.6886 is not wrong, but it answers a worse question than 0.7471 does.** Report both:
archive/prioritizer/TARGET_PRIORITIZER_PRE_PHASE3.md	439	5.2.1	0.7471	ASSERTED	nb2_splitting_and_pool.py:5.2.1 approved join auc_supported			> **The reported 0.6886 is not wrong, but it answers a worse question than 0.7471 does.** Report both:
archive/prioritizer/TARGET_PRIORITIZER_PRE_PHASE3.md	456	5.3	7.4	ORPHAN				stays **local** (7.4% of diseases reach >1 anchor) instead of cascading.
archive/prioritizer/TARGET_PRIORITIZER_PRE_PHASE3.md	462	5.3	1,157	ORPHAN				| Diseases resolving to an anchor | 317 / 1,157 (27.4%) |
archive/prioritizer/TARGET_PRIORITIZER_PRE_PHASE3.md	462	5.3	27.4	ORPHAN				| Diseases resolving to an anchor | 317 / 1,157 (27.4%) |
archive/prioritizer/TARGET_PRIORITIZER_PRE_PHASE3.md	463	5.3	1,157	ORPHAN				| Families produced | **927** (from 1,157 diseases) |
archive/prioritizer/TARGET_PRIORITIZER_PRE_PHASE3.md	515	6.1	547,242	ORPHAN				Re-measured 2026-08-19 on a 547,242-row sample of `psplit_train_set` (notebook `nb1`). Two of the three
archive/prioritizer/TARGET_PRIORITIZER_PRE_PHASE3.md	523	6.1	0.00	VALUE_ONLY	nb2_splitting_and_pool.py:5.4 			| `gene_ppi_degree` | **0.00%** | **yes** |
archive/prioritizer/TARGET_PRIORITIZER_PRE_PHASE3.md	524	6.1	0.00	VALUE_ONLY	nb2_splitting_and_pool.py:5.4 			| `gene_n_pathways` | **0.00%** | **yes** |
archive/prioritizer/TARGET_PRIORITIZER_PRE_PHASE3.md	525	6.1	0.00	VALUE_ONLY	nb2_splitting_and_pool.py:5.4 			| `gene_n_diseases` | 0.00% | no — rejected |
archive/prioritizer/TARGET_PRIORITIZER_PRE_PHASE3.md	526	6.1	81.94	ORPHAN				| `dwpc_GGD` | 81.94% | yes |
archive/prioritizer/TARGET_PRIORITIZER_PRE_PHASE3.md	527	6.1	68.84	ORPHAN				| `dwpc_GPGD` | 68.84% | yes |
archive/prioritizer/TARGET_PRIORITIZER_PRE_PHASE3.md	528	6.1	96.04	ORPHAN				| `module_size` | 96.04% | no |
archive/prioritizer/TARGET_PRIORITIZER_PRE_PHASE3.md	538	6.1	1.000	VALUE_ONLY	nb6_interrogation_and_close.py:6.2 ERBB2 carries a liability flag			| `gene_ppi_degree` | **+1.000** |
archive/prioritizer/TARGET_PRIORITIZER_PRE_PHASE3.md	539	6.1	0.981	ORPHAN		y		| `pagerank` | +0.981 |
archive/prioritizer/TARGET_PRIORITIZER_PRE_PHASE3.md	540	6.1	0.934	ORPHAN				| `triangles` | +0.934 |
archive/prioritizer/TARGET_PRIORITIZER_PRE_PHASE3.md	541	6.1	0.841	ORPHAN				| `eigenvector_centrality` | +0.841 |
archive/prioritizer/TARGET_PRIORITIZER_PRE_PHASE3.md	543	6.1	0.975	ASSERTED	nb1_features_and_config.py:6.1 highest |rho| vs degree		hist	**`gene_ppi_degree` and `degree` are the same variable.** Previously recorded as +0.975 / +0.927 /
archive/prioritizer/TARGET_PRIORITIZER_PRE_PHASE3.md	543	6.1	0.927	ORPHAN			hist	**`gene_ppi_degree` and `degree` are the same variable.** Previously recorded as +0.975 / +0.927 /
archive/prioritizer/TARGET_PRIORITIZER_PRE_PHASE3.md	544	6.1	0.804	ORPHAN				+0.804 — every value was understated, and the perfect duplicate was not noted at all. The model keeps
archive/prioritizer/TARGET_PRIORITIZER_PRE_PHASE3.md	552	6.1	0.8567	ORPHAN		y		| **`gene_n_diseases`** | **0.8567** | **rejected as label-derived — and it alone beats the 14-feature champio
archive/prioritizer/TARGET_PRIORITIZER_PRE_PHASE3.md	552	6.1	0.8230	VALUE_ONLY	nb3_validation_and_plots.py:10.1 macro per-disease AUC	y		| **`gene_n_diseases`** | **0.8567** | **rejected as label-derived — and it alone beats the 14-feature champio
archive/prioritizer/TARGET_PRIORITIZER_PRE_PHASE3.md	553	6.1	0.7182	ORPHAN			hist	| `dwpc_GPGD` | 0.7182 | previously recorded 0.641 |
archive/prioritizer/TARGET_PRIORITIZER_PRE_PHASE3.md	553	6.1	0.641	ORPHAN			hist	| `dwpc_GPGD` | 0.7182 | previously recorded 0.641 |
archive/prioritizer/TARGET_PRIORITIZER_PRE_PHASE3.md	554	6.1	0.6694	ORPHAN			hist	| `dwpc_GGD` | 0.6694 | previously recorded 0.601 |
archive/prioritizer/TARGET_PRIORITIZER_PRE_PHASE3.md	554	6.1	0.601	ORPHAN			hist	| `dwpc_GGD` | 0.6694 | previously recorded 0.601 |
archive/prioritizer/TARGET_PRIORITIZER_PRE_PHASE3.md	555	6.1	0.5608	ORPHAN				| `gene_ppi_degree` | 0.5608 | |
archive/prioritizer/TARGET_PRIORITIZER_PRE_PHASE3.md	556	6.1	0.5000	ORPHAN				| `module_size` | 0.5000 | |
archive/prioritizer/TARGET_PRIORITIZER_PRE_PHASE3.md	559	6.1	0.9354	ORPHAN				> this gene a drug target for" lookup scoring **0.9354** on the drug benchmark. The association axis has
archive/prioritizer/TARGET_PRIORITIZER_PRE_PHASE3.md	560	6.1	0.8567	ORPHAN		y		> the same hole: **"how many diseases is this gene associated with" scores 0.8567**, above the champion.
archive/prioritizer/TARGET_PRIORITIZER_PRE_PHASE3.md	570	6.2	0.834	ORPHAN		y		| Algorithm | **gradient-boosted trees** | logistic regression comparator: 0.834 vs 0.895 pooled — the non-lin
archive/prioritizer/TARGET_PRIORITIZER_PRE_PHASE3.md	570	6.2	0.895	ORPHAN		y		| Algorithm | **gradient-boosted trees** | logistic regression comparator: 0.834 vs 0.895 pooled — the non-lin
archive/prioritizer/TARGET_PRIORITIZER_PRE_PHASE3.md	570	6.2	0.06	ORPHAN		y		| Algorithm | **gradient-boosted trees** | logistic regression comparator: 0.834 vs 0.895 pooled — the non-lin
archive/prioritizer/TARGET_PRIORITIZER_PRE_PHASE3.md	573	6.2	1.9	VALUE_ONLY	nb2_splitting_and_pool.py:5.2 pool positive rate %			| Class handling | class weights | positives are ~1.9% |
archive/prioritizer/TARGET_PRIORITIZER_PRE_PHASE3.md	576	6.2	2,187,862	ORPHAN				| Train/test policy | two explicit datasets | `psplit_train_set` / `psplit_test_set` (**2,187,862 / 607,345**;
archive/prioritizer/TARGET_PRIORITIZER_PRE_PHASE3.md	576	6.2	607,345	ORPHAN				| Train/test policy | two explicit datasets | `psplit_train_set` / `psplit_test_set` (**2,187,862 / 607,345**;
archive/prioritizer/TARGET_PRIORITIZER_PRE_PHASE3.md	576	6.2	3,958,921	ORPHAN				| Train/test policy | two explicit datasets | `psplit_train_set` / `psplit_test_set` (**2,187,862 / 607,345**;
archive/prioritizer/TARGET_PRIORITIZER_PRE_PHASE3.md	588	6.2	2.55	ORPHAN				wrong: it is the null-model expectation, mid-distribution (real median +2.55).
archive/prioritizer/TARGET_PRIORITIZER_PRE_PHASE3.md	590	6.2	0.8808	ORPHAN		y		constant gave the **best pooled AUC in the project (0.8808) and the worst drug-target AUC
archive/prioritizer/TARGET_PRIORITIZER_PRE_PHASE3.md	591	6.2	0.6579	ORPHAN				(0.6579)**. Missingness is 93–99.7% gene-level, so exposing it hands the model a real gene-level
archive/prioritizer/TARGET_PRIORITIZER_PRE_PHASE3.md	591	6.2	99.7	ORPHAN				(0.6579)**. Missingness is 93–99.7% gene-level, so exposing it hands the model a real gene-level
archive/prioritizer/TARGET_PRIORITIZER_PRE_PHASE3.md	601	6.3	0.860	ORPHAN				The F1-optimised threshold lands at **0.860** against a ~1.9% base rate (F1 = 0.218). Consequence:
archive/prioritizer/TARGET_PRIORITIZER_PRE_PHASE3.md	601	6.3	1.9	VALUE_ONLY	nb2_splitting_and_pool.py:5.2 pool positive rate %			The F1-optimised threshold lands at **0.860** against a ~1.9% base rate (F1 = 0.218). Consequence:
archive/prioritizer/TARGET_PRIORITIZER_PRE_PHASE3.md	601	6.3	0.218	ORPHAN				The F1-optimised threshold lands at **0.860** against a ~1.9% base rate (F1 = 0.218). Consequence:
archive/prioritizer/TARGET_PRIORITIZER_PRE_PHASE3.md	602	6.3	27.6	ORPHAN		y		**552 of 762 known obesity targets are predicted negative**, recall **27.6%**.
archive/prioritizer/TARGET_PRIORITIZER_PRE_PHASE3.md	620	6.4	0.8197	ORPHAN		y		| association — macro AUROC | 0.8197 | **0.8200** | 0.8175 |
archive/prioritizer/TARGET_PRIORITIZER_PRE_PHASE3.md	620	6.4	0.8200	ORPHAN		y		| association — macro AUROC | 0.8197 | **0.8200** | 0.8175 |
archive/prioritizer/TARGET_PRIORITIZER_PRE_PHASE3.md	620	6.4	0.8175	ORPHAN		y		| association — macro AUROC | 0.8197 | **0.8200** | 0.8175 |
archive/prioritizer/TARGET_PRIORITIZER_PRE_PHASE3.md	621	6.4	0.1737	ORPHAN		y		| association — macro AUPRC | 0.1737 | **0.1762** | 0.1711 |
archive/prioritizer/TARGET_PRIORITIZER_PRE_PHASE3.md	621	6.4	0.1762	ORPHAN		y		| association — macro AUPRC | 0.1737 | **0.1762** | 0.1711 |
archive/prioritizer/TARGET_PRIORITIZER_PRE_PHASE3.md	621	6.4	0.1711	ORPHAN		y		| association — macro AUPRC | 0.1737 | **0.1762** | 0.1711 |
archive/prioritizer/TARGET_PRIORITIZER_PRE_PHASE3.md	622	6.4	0.3161	ORPHAN		y		| association — pooled AUPRC | 0.3161 | **0.3210** | 0.3089 |
archive/prioritizer/TARGET_PRIORITIZER_PRE_PHASE3.md	622	6.4	0.3210	ORPHAN		y		| association — pooled AUPRC | 0.3161 | **0.3210** | 0.3089 |
archive/prioritizer/TARGET_PRIORITIZER_PRE_PHASE3.md	622	6.4	0.3089	ORPHAN		y		| association — pooled AUPRC | 0.3161 | **0.3210** | 0.3089 |
archive/prioritizer/TARGET_PRIORITIZER_PRE_PHASE3.md	623	6.4	0.1954	ORPHAN		y		| hub-bias spread *(lower better)* | 0.1954 | 0.1932 | **0.1915** |
archive/prioritizer/TARGET_PRIORITIZER_PRE_PHASE3.md	623	6.4	0.1932	ORPHAN		y		| hub-bias spread *(lower better)* | 0.1954 | 0.1932 | **0.1915** |
archive/prioritizer/TARGET_PRIORITIZER_PRE_PHASE3.md	623	6.4	0.1915	ORPHAN		y		| hub-bias spread *(lower better)* | 0.1954 | 0.1932 | **0.1915** |
archive/prioritizer/TARGET_PRIORITIZER_PRE_PHASE3.md	624	6.4	0.6911	ORPHAN		y		| therapeutic — drug AUC, all positives | 0.6911 | **0.6949** | 0.6931 |
archive/prioritizer/TARGET_PRIORITIZER_PRE_PHASE3.md	624	6.4	0.6949	ORPHAN		y		| therapeutic — drug AUC, all positives | 0.6911 | **0.6949** | 0.6931 |
archive/prioritizer/TARGET_PRIORITIZER_PRE_PHASE3.md	624	6.4	0.6931	ORPHAN		y		| therapeutic — drug AUC, all positives | 0.6911 | **0.6949** | 0.6931 |
archive/prioritizer/TARGET_PRIORITIZER_PRE_PHASE3.md	625	6.4	0.7337	ORPHAN		y		| therapeutic — route-supported (§5.2.1) | 0.7337 | 0.7371 | **0.7384** |
archive/prioritizer/TARGET_PRIORITIZER_PRE_PHASE3.md	625	6.4	0.7371	ORPHAN		y		| therapeutic — route-supported (§5.2.1) | 0.7337 | 0.7371 | **0.7384** |
archive/prioritizer/TARGET_PRIORITIZER_PRE_PHASE3.md	625	6.4	0.7384	ORPHAN		y		| therapeutic — route-supported (§5.2.1) | 0.7337 | 0.7371 | **0.7384** |
archive/prioritizer/TARGET_PRIORITIZER_PRE_PHASE3.md	626	6.4	3.057	ORPHAN		y		| tractability — pooled dm lift@10 | 3.057 | **3.241** | 3.129 |
archive/prioritizer/TARGET_PRIORITIZER_PRE_PHASE3.md	626	6.4	3.241	ORPHAN		y		| tractability — pooled dm lift@10 | 3.057 | **3.241** | 3.129 |
archive/prioritizer/TARGET_PRIORITIZER_PRE_PHASE3.md	626	6.4	3.129	ORPHAN		y		| tractability — pooled dm lift@10 | 3.057 | **3.241** | 3.129 |
archive/prioritizer/TARGET_PRIORITIZER_PRE_PHASE3.md	627	6.4	2.794	ORPHAN		y		| tractability — pooled dm lift@50 | 2.794 | **2.841** | 2.774 |
archive/prioritizer/TARGET_PRIORITIZER_PRE_PHASE3.md	627	6.4	2.841	ORPHAN		y		| tractability — pooled dm lift@50 | 2.794 | **2.841** | 2.774 |
archive/prioritizer/TARGET_PRIORITIZER_PRE_PHASE3.md	627	6.4	2.774	ORPHAN		y		| tractability — pooled dm lift@50 | 2.794 | **2.841** | 2.774 |
archive/prioritizer/TARGET_PRIORITIZER_PRE_PHASE3.md	628	6.4	2.376	ORPHAN		y		| tractability — pooled dm lift@200 | 2.376 | **2.381** | 2.380 |
archive/prioritizer/TARGET_PRIORITIZER_PRE_PHASE3.md	628	6.4	2.381	ORPHAN		y		| tractability — pooled dm lift@200 | 2.376 | **2.381** | 2.380 |
archive/prioritizer/TARGET_PRIORITIZER_PRE_PHASE3.md	628	6.4	2.380	ORPHAN		y		| tractability — pooled dm lift@200 | 2.376 | **2.381** | 2.380 |
archive/prioritizer/TARGET_PRIORITIZER_PRE_PHASE3.md	629	6.4	11.40	ORPHAN		y		| **discovery — lift@10** | 11.40 | 13.81 | **16.09** |
archive/prioritizer/TARGET_PRIORITIZER_PRE_PHASE3.md	629	6.4	13.81	ORPHAN		y		| **discovery — lift@10** | 11.40 | 13.81 | **16.09** |
archive/prioritizer/TARGET_PRIORITIZER_PRE_PHASE3.md	629	6.4	16.09	ORPHAN		y		| **discovery — lift@10** | 11.40 | 13.81 | **16.09** |
archive/prioritizer/TARGET_PRIORITIZER_PRE_PHASE3.md	630	6.4	7.46	ORPHAN		y		| **discovery — lift@50** | 7.46 | 7.09 | **9.08** |
archive/prioritizer/TARGET_PRIORITIZER_PRE_PHASE3.md	630	6.4	7.09	ORPHAN		y		| **discovery — lift@50** | 7.46 | 7.09 | **9.08** |
archive/prioritizer/TARGET_PRIORITIZER_PRE_PHASE3.md	630	6.4	9.08	ORPHAN		y		| **discovery — lift@50** | 7.46 | 7.09 | **9.08** |
archive/prioritizer/TARGET_PRIORITIZER_PRE_PHASE3.md	631	6.4	4.53	ORPHAN		y		| **discovery — lift@200** *(the robust one)* | 4.53 | 4.83 | **5.52** |
archive/prioritizer/TARGET_PRIORITIZER_PRE_PHASE3.md	631	6.4	4.83	ORPHAN		y		| **discovery — lift@200** *(the robust one)* | 4.53 | 4.83 | **5.52** |
archive/prioritizer/TARGET_PRIORITIZER_PRE_PHASE3.md	631	6.4	5.52	ORPHAN		y		| **discovery — lift@200** *(the robust one)* | 4.53 | 4.83 | **5.52** |
archive/prioritizer/TARGET_PRIORITIZER_PRE_PHASE3.md	645	6.4	3.6	ORPHAN		y		discovery; `m4` beats `m5` by **+3.6% / +2.4% / +0.04%** on tractability, converging to a dead tie by
archive/prioritizer/TARGET_PRIORITIZER_PRE_PHASE3.md	645	6.4	2.4	VALUE_ONLY	nb4_results_three_axes.py:8.4 pooled dm lift @200	y		discovery; `m4` beats `m5` by **+3.6% / +2.4% / +0.04%** on tractability, converging to a dead tie by
archive/prioritizer/TARGET_PRIORITIZER_PRE_PHASE3.md	645	6.4	0.04	ORPHAN		y		discovery; `m4` beats `m5` by **+3.6% / +2.4% / +0.04%** on tractability, converging to a dead tie by
archive/prioritizer/TARGET_PRIORITIZER_PRE_PHASE3.md	646	6.4	2.9	ORPHAN		y		K=200 — and §8.4 says the deep-list number is the one to quote. The association cost is −2.9% macro
archive/prioritizer/TARGET_PRIORITIZER_PRE_PHASE3.md	660	6.4	2.9	ORPHAN		y		**`m5` loses 2.9% of association AUPRC and gains 14–28% of discovery lift at every K.** Since §8.3's
archive/prioritizer/TARGET_PRIORITIZER_PRE_PHASE3.md	663	6.4	0.8197	ORPHAN				(0.8197 → 0.8175) — which is exactly how a two-axis assessment would have thrown it out.
archive/prioritizer/TARGET_PRIORITIZER_PRE_PHASE3.md	663	6.4	0.8175	ORPHAN				(0.8197 → 0.8175) — which is exactly how a two-axis assessment would have thrown it out.
archive/prioritizer/TARGET_PRIORITIZER_PRE_PHASE3.md	668	6.4	1.64	ORPHAN				`prox_closest`'s nullness **is** label-informative (null in 1.64% of positives vs 6.56% of negatives).
archive/prioritizer/TARGET_PRIORITIZER_PRE_PHASE3.md	668	6.4	6.56	ORPHAN				`prox_closest`'s nullness **is** label-informative (null in 1.64% of positives vs 6.56% of negatives).
archive/prioritizer/TARGET_PRIORITIZER_PRE_PHASE3.md	674	6.4	0.0049	ORPHAN		y		| `m4` − `m3` pooled AUPRC | +0.0049 | **+0.0049** |
archive/prioritizer/TARGET_PRIORITIZER_PRE_PHASE3.md	675	6.4	0.0121	ORPHAN		y		| `m5` − `m4` pooled AUPRC | −0.0121 | **−0.0123** |
archive/prioritizer/TARGET_PRIORITIZER_PRE_PHASE3.md	675	6.4	0.0123	ORPHAN		y		| `m5` − `m4` pooled AUPRC | −0.0121 | **−0.0123** |
archive/prioritizer/TARGET_PRIORITIZER_PRE_PHASE3.md	679	6.4	4.99	ORPHAN		y		feature's −4.99 pp null gap is far below the −31.7 pp features that motivated the mean-imputation rule.
archive/prioritizer/TARGET_PRIORITIZER_PRE_PHASE3.md	682	6.4	6.5	ORPHAN				> The likely mechanism for both: injecting 4 for 6.5% of rows under `AVGSTD` rescaling stretches a
archive/prioritizer/TARGET_PRIORITIZER_PRE_PHASE3.md	702	6.4	1.23	ORPHAN				| (a) disease below `MIN_SEEDS` | 1.23% | **18.7%** |
archive/prioritizer/TARGET_PRIORITIZER_PRE_PHASE3.md	702	6.4	18.7	ORPHAN				| (a) disease below `MIN_SEEDS` | 1.23% | **18.7%** |
archive/prioritizer/TARGET_PRIORITIZER_PRE_PHASE3.md	703	6.4	81.3	ORPHAN				| (b) gene beyond `MAX_HOPS = 3` | — | **81.3%** |
archive/prioritizer/TARGET_PRIORITIZER_PRE_PHASE3.md	706	6.4	6.57	ORPHAN				6.57% → 5.34%. **And it is nearly free:** at `MIN_SEEDS = 10` only **one** disease is excluded and
archive/prioritizer/TARGET_PRIORITIZER_PRE_PHASE3.md	706	6.4	5.34	ORPHAN				6.57% → 5.34%. **And it is nearly free:** at `MIN_SEEDS = 10` only **one** disease is excluded and
archive/prioritizer/TARGET_PRIORITIZER_PRE_PHASE3.md	707	6.4	0.00	VALUE_ONLY	nb2_splitting_and_pool.py:5.4 			**0.00%** of pool rows, so 42 of the 43 currently-excluded diseases have modules in the narrow 10–19
archive/prioritizer/TARGET_PRIORITIZER_PRE_PHASE3.md	716	6.4	0.6459	ORPHAN				| **20–30** | 225 | **0.6459** | 37.8% / 52.8% / 9.4% |
archive/prioritizer/TARGET_PRIORITIZER_PRE_PHASE3.md	716	6.4	37.8	ORPHAN				| **20–30** | 225 | **0.6459** | 37.8% / 52.8% / 9.4% |
archive/prioritizer/TARGET_PRIORITIZER_PRE_PHASE3.md	716	6.4	52.8	ORPHAN				| **20–30** | 225 | **0.6459** | 37.8% / 52.8% / 9.4% |
archive/prioritizer/TARGET_PRIORITIZER_PRE_PHASE3.md	716	6.4	9.4	ORPHAN				| **20–30** | 225 | **0.6459** | 37.8% / 52.8% / 9.4% |
archive/prioritizer/TARGET_PRIORITIZER_PRE_PHASE3.md	717	6.4	0.5978	ORPHAN				| 31–60 | 316 | 0.5978 | 40.2% / 52.5% / 7.3% |
archive/prioritizer/TARGET_PRIORITIZER_PRE_PHASE3.md	717	6.4	40.2	ORPHAN				| 31–60 | 316 | 0.5978 | 40.2% / 52.5% / 7.3% |
archive/prioritizer/TARGET_PRIORITIZER_PRE_PHASE3.md	717	6.4	52.5	ORPHAN				| 31–60 | 316 | 0.5978 | 40.2% / 52.5% / 7.3% |
archive/prioritizer/TARGET_PRIORITIZER_PRE_PHASE3.md	717	6.4	7.3	ORPHAN				| 31–60 | 316 | 0.5978 | 40.2% / 52.5% / 7.3% |
archive/prioritizer/TARGET_PRIORITIZER_PRE_PHASE3.md	718	6.4	0.5950	ORPHAN				| 61–120 | 238 | 0.5950 | 46.5% / 48.7% / 4.8% |
archive/prioritizer/TARGET_PRIORITIZER_PRE_PHASE3.md	718	6.4	46.5	ORPHAN				| 61–120 | 238 | 0.5950 | 46.5% / 48.7% / 4.8% |
archive/prioritizer/TARGET_PRIORITIZER_PRE_PHASE3.md	718	6.4	48.7	ORPHAN				| 61–120 | 238 | 0.5950 | 46.5% / 48.7% / 4.8% |
archive/prioritizer/TARGET_PRIORITIZER_PRE_PHASE3.md	718	6.4	4.8	ORPHAN				| 61–120 | 238 | 0.5950 | 46.5% / 48.7% / 4.8% |
archive/prioritizer/TARGET_PRIORITIZER_PRE_PHASE3.md	719	6.4	0.5876	ORPHAN				| 121–300 | 193 | 0.5876 | 56.0% / 41.1% / 3.0% |
archive/prioritizer/TARGET_PRIORITIZER_PRE_PHASE3.md	719	6.4	56.0	ORPHAN				| 121–300 | 193 | 0.5876 | 56.0% / 41.1% / 3.0% |
archive/prioritizer/TARGET_PRIORITIZER_PRE_PHASE3.md	719	6.4	41.1	ORPHAN				| 121–300 | 193 | 0.5876 | 56.0% / 41.1% / 3.0% |
archive/prioritizer/TARGET_PRIORITIZER_PRE_PHASE3.md	719	6.4	3.0	VALUE_ONLY	nb7_panel_selection.py:7.4 stomach near-duplicate pairs			| 121–300 | 193 | 0.5876 | 56.0% / 41.1% / 3.0% |
archive/prioritizer/TARGET_PRIORITIZER_PRE_PHASE3.md	720	6.4	0.5673	ORPHAN				| **>300** | 139 | **0.5673** | **73.9%** / 24.7% / 1.3% |
archive/prioritizer/TARGET_PRIORITIZER_PRE_PHASE3.md	720	6.4	73.9	ORPHAN				| **>300** | 139 | **0.5673** | **73.9%** / 24.7% / 1.3% |
archive/prioritizer/TARGET_PRIORITIZER_PRE_PHASE3.md	720	6.4	24.7	ORPHAN				| **>300** | 139 | **0.5673** | **73.9%** / 24.7% / 1.3% |
archive/prioritizer/TARGET_PRIORITIZER_PRE_PHASE3.md	720	6.4	1.3	ORPHAN				| **>300** | 139 | **0.5673** | **73.9%** / 24.7% / 1.3% |
archive/prioritizer/TARGET_PRIORITIZER_PRE_PHASE3.md	722	6.4	0.328	ORPHAN		y		**Spearman(module size, prox AUC) = −0.328.** The mechanism is in the last column: with a large module,
archive/prioritizer/TARGET_PRIORITIZER_PRE_PHASE3.md	738	6.4	1.2	ORPHAN				So lowering it converts the same 43 diseases and ~1.2% of pool rows from NULL to real **across three
archive/prioritizer/TARGET_PRIORITIZER_PRE_PHASE3.md	740	6.4	22.89	ORPHAN		y		worst null gaps by label (`dwpc_GFGD` **−22.89 pp**, `dwpc_GBGD` **−17.75 pp**), which is the very
archive/prioritizer/TARGET_PRIORITIZER_PRE_PHASE3.md	740	6.4	17.75	ORPHAN		y		worst null gaps by label (`dwpc_GFGD` **−22.89 pp**, `dwpc_GBGD` **−17.75 pp**), which is the very
archive/prioritizer/TARGET_PRIORITIZER_PRE_PHASE3.md	778	6.4	0.003	ORPHAN		y	hist	> | graded distance instead of the minimum | ✅ **done** (`m7`, `prox_kernel`) — and the saturation mechanism p
archive/prioritizer/TARGET_PRIORITIZER_PRE_PHASE3.md	796	6.4	0.8197	ORPHAN		y		| association — macro AUROC | 0.8197 | 0.8200 | 0.8175 | 0.8197 | **0.8230** | **t = +3.29, 0 ties** |
archive/prioritizer/TARGET_PRIORITIZER_PRE_PHASE3.md	796	6.4	0.8200	ORPHAN		y		| association — macro AUROC | 0.8197 | 0.8200 | 0.8175 | 0.8197 | **0.8230** | **t = +3.29, 0 ties** |
archive/prioritizer/TARGET_PRIORITIZER_PRE_PHASE3.md	796	6.4	0.8175	ORPHAN		y		| association — macro AUROC | 0.8197 | 0.8200 | 0.8175 | 0.8197 | **0.8230** | **t = +3.29, 0 ties** |
archive/prioritizer/TARGET_PRIORITIZER_PRE_PHASE3.md	796	6.4	0.8230	VALUE_ONLY	nb3_validation_and_plots.py:10.1 macro per-disease AUC	y		| association — macro AUROC | 0.8197 | 0.8200 | 0.8175 | 0.8197 | **0.8230** | **t = +3.29, 0 ties** |
archive/prioritizer/TARGET_PRIORITIZER_PRE_PHASE3.md	796	6.4	3.29	VALUE_ONLY	nb4_results_three_axes.py:8.4 pooled dm lift @10	y		| association — macro AUROC | 0.8197 | 0.8200 | 0.8175 | 0.8197 | **0.8230** | **t = +3.29, 0 ties** |
archive/prioritizer/TARGET_PRIORITIZER_PRE_PHASE3.md	797	6.4	0.1737	ORPHAN		y		| association — macro AUPRC | 0.1737 | 0.1762 | 0.1711 | 0.1749 | **0.1778** | **t = +3.18** |
archive/prioritizer/TARGET_PRIORITIZER_PRE_PHASE3.md	797	6.4	0.1762	ORPHAN		y		| association — macro AUPRC | 0.1737 | 0.1762 | 0.1711 | 0.1749 | **0.1778** | **t = +3.18** |
archive/prioritizer/TARGET_PRIORITIZER_PRE_PHASE3.md	797	6.4	0.1711	ORPHAN		y		| association — macro AUPRC | 0.1737 | 0.1762 | 0.1711 | 0.1749 | **0.1778** | **t = +3.18** |
archive/prioritizer/TARGET_PRIORITIZER_PRE_PHASE3.md	797	6.4	0.1749	ORPHAN		y		| association — macro AUPRC | 0.1737 | 0.1762 | 0.1711 | 0.1749 | **0.1778** | **t = +3.18** |
archive/prioritizer/TARGET_PRIORITIZER_PRE_PHASE3.md	797	6.4	0.1778	ORPHAN		y		| association — macro AUPRC | 0.1737 | 0.1762 | 0.1711 | 0.1749 | **0.1778** | **t = +3.18** |
archive/prioritizer/TARGET_PRIORITIZER_PRE_PHASE3.md	797	6.4	3.18	ORPHAN		y		| association — macro AUPRC | 0.1737 | 0.1762 | 0.1711 | 0.1749 | **0.1778** | **t = +3.18** |
archive/prioritizer/TARGET_PRIORITIZER_PRE_PHASE3.md	798	6.4	0.1954	ORPHAN		y		| hub-bias spread *(lower better)* | 0.1954 | 0.1932 | 0.1915 | **0.1900** | 0.1935 | worse than `m6` |
archive/prioritizer/TARGET_PRIORITIZER_PRE_PHASE3.md	798	6.4	0.1932	ORPHAN		y		| hub-bias spread *(lower better)* | 0.1954 | 0.1932 | 0.1915 | **0.1900** | 0.1935 | worse than `m6` |
archive/prioritizer/TARGET_PRIORITIZER_PRE_PHASE3.md	798	6.4	0.1915	ORPHAN		y		| hub-bias spread *(lower better)* | 0.1954 | 0.1932 | 0.1915 | **0.1900** | 0.1935 | worse than `m6` |
archive/prioritizer/TARGET_PRIORITIZER_PRE_PHASE3.md	798	6.4	0.1900	ORPHAN		y		| hub-bias spread *(lower better)* | 0.1954 | 0.1932 | 0.1915 | **0.1900** | 0.1935 | worse than `m6` |
archive/prioritizer/TARGET_PRIORITIZER_PRE_PHASE3.md	798	6.4	0.1935	VALUE_ONLY	nb3b_hub_bias_meter.py:7.2 champion spread	y		| hub-bias spread *(lower better)* | 0.1954 | 0.1932 | 0.1915 | **0.1900** | 0.1935 | worse than `m6` |
archive/prioritizer/TARGET_PRIORITIZER_PRE_PHASE3.md	799	6.4	0.6911	ORPHAN		y		| therapeutic — all positives | 0.6911 | 0.6949 | 0.6931 | 0.6949 | 0.6886 | worst of five |
archive/prioritizer/TARGET_PRIORITIZER_PRE_PHASE3.md	799	6.4	0.6949	ORPHAN		y		| therapeutic — all positives | 0.6911 | 0.6949 | 0.6931 | 0.6949 | 0.6886 | worst of five |
archive/prioritizer/TARGET_PRIORITIZER_PRE_PHASE3.md	799	6.4	0.6931	ORPHAN		y		| therapeutic — all positives | 0.6911 | 0.6949 | 0.6931 | 0.6949 | 0.6886 | worst of five |
archive/prioritizer/TARGET_PRIORITIZER_PRE_PHASE3.md	799	6.4	0.6886	VALUE_ONLY	nb2_splitting_and_pool.py:5.2.1 approved join auc_all	y		| therapeutic — all positives | 0.6911 | 0.6949 | 0.6931 | 0.6949 | 0.6886 | worst of five |
archive/prioritizer/TARGET_PRIORITIZER_PRE_PHASE3.md	800	6.4	0.7337	ORPHAN		y		| therapeutic — route-supported (§5.2.1) | 0.7337 | 0.7371 | 0.7384 | 0.7418 | **0.7471** | best of five |
archive/prioritizer/TARGET_PRIORITIZER_PRE_PHASE3.md	800	6.4	0.7371	ORPHAN		y		| therapeutic — route-supported (§5.2.1) | 0.7337 | 0.7371 | 0.7384 | 0.7418 | **0.7471** | best of five |
archive/prioritizer/TARGET_PRIORITIZER_PRE_PHASE3.md	800	6.4	0.7384	ORPHAN		y		| therapeutic — route-supported (§5.2.1) | 0.7337 | 0.7371 | 0.7384 | 0.7418 | **0.7471** | best of five |
archive/prioritizer/TARGET_PRIORITIZER_PRE_PHASE3.md	800	6.4	0.7418	ORPHAN		y		| therapeutic — route-supported (§5.2.1) | 0.7337 | 0.7371 | 0.7384 | 0.7418 | **0.7471** | best of five |
archive/prioritizer/TARGET_PRIORITIZER_PRE_PHASE3.md	800	6.4	0.7471	VALUE_ONLY	nb2_splitting_and_pool.py:5.2.1 approved join auc_supported	y		| therapeutic — route-supported (§5.2.1) | 0.7337 | 0.7371 | 0.7384 | 0.7418 | **0.7471** | best of five |
archive/prioritizer/TARGET_PRIORITIZER_PRE_PHASE3.md	801	6.4	2.376	ORPHAN		y		| tractability — dm lift@200 | 2.376 | 2.381 | 2.380 | 2.391 | **2.418** | **t = +2.56, 0 ties** |
archive/prioritizer/TARGET_PRIORITIZER_PRE_PHASE3.md	801	6.4	2.381	ORPHAN		y		| tractability — dm lift@200 | 2.376 | 2.381 | 2.380 | 2.391 | **2.418** | **t = +2.56, 0 ties** |
archive/prioritizer/TARGET_PRIORITIZER_PRE_PHASE3.md	801	6.4	2.380	ORPHAN		y		| tractability — dm lift@200 | 2.376 | 2.381 | 2.380 | 2.391 | **2.418** | **t = +2.56, 0 ties** |
archive/prioritizer/TARGET_PRIORITIZER_PRE_PHASE3.md	801	6.4	2.391	ORPHAN		y		| tractability — dm lift@200 | 2.376 | 2.381 | 2.380 | 2.391 | **2.418** | **t = +2.56, 0 ties** |
archive/prioritizer/TARGET_PRIORITIZER_PRE_PHASE3.md	801	6.4	2.418	ORPHAN		y		| tractability — dm lift@200 | 2.376 | 2.381 | 2.380 | 2.391 | **2.418** | **t = +2.56, 0 ties** |
archive/prioritizer/TARGET_PRIORITIZER_PRE_PHASE3.md	801	6.4	2.56	ORPHAN		y		| tractability — dm lift@200 | 2.376 | 2.381 | 2.380 | 2.391 | **2.418** | **t = +2.56, 0 ties** |
archive/prioritizer/TARGET_PRIORITIZER_PRE_PHASE3.md	802	6.4	7.46	ORPHAN		y		| discovery — lift@50 | 7.46 | 7.09 | 9.08 | 7.43 | **9.43** | t = +1.47, **90% ties — n.s.** |
archive/prioritizer/TARGET_PRIORITIZER_PRE_PHASE3.md	802	6.4	7.09	ORPHAN		y		| discovery — lift@50 | 7.46 | 7.09 | 9.08 | 7.43 | **9.43** | t = +1.47, **90% ties — n.s.** |
archive/prioritizer/TARGET_PRIORITIZER_PRE_PHASE3.md	802	6.4	9.08	ORPHAN		y		| discovery — lift@50 | 7.46 | 7.09 | 9.08 | 7.43 | **9.43** | t = +1.47, **90% ties — n.s.** |
archive/prioritizer/TARGET_PRIORITIZER_PRE_PHASE3.md	802	6.4	7.43	ORPHAN		y		| discovery — lift@50 | 7.46 | 7.09 | 9.08 | 7.43 | **9.43** | t = +1.47, **90% ties — n.s.** |
archive/prioritizer/TARGET_PRIORITIZER_PRE_PHASE3.md	802	6.4	9.43	ORPHAN		y		| discovery — lift@50 | 7.46 | 7.09 | 9.08 | 7.43 | **9.43** | t = +1.47, **90% ties — n.s.** |
archive/prioritizer/TARGET_PRIORITIZER_PRE_PHASE3.md	802	6.4	1.47	ORPHAN		y		| discovery — lift@50 | 7.46 | 7.09 | 9.08 | 7.43 | **9.43** | t = +1.47, **90% ties — n.s.** |
archive/prioritizer/TARGET_PRIORITIZER_PRE_PHASE3.md	803	6.4	4.53	ORPHAN		y		| discovery — lift@200 | 4.53 | 4.83 | **5.52** | 4.78 | 5.04 | t = +0.70, **78% ties — n.s.** |
archive/prioritizer/TARGET_PRIORITIZER_PRE_PHASE3.md	803	6.4	4.83	ORPHAN		y		| discovery — lift@200 | 4.53 | 4.83 | **5.52** | 4.78 | 5.04 | t = +0.70, **78% ties — n.s.** |
archive/prioritizer/TARGET_PRIORITIZER_PRE_PHASE3.md	803	6.4	5.52	ORPHAN		y		| discovery — lift@200 | 4.53 | 4.83 | **5.52** | 4.78 | 5.04 | t = +0.70, **78% ties — n.s.** |
archive/prioritizer/TARGET_PRIORITIZER_PRE_PHASE3.md	803	6.4	4.78	ORPHAN		y		| discovery — lift@200 | 4.53 | 4.83 | **5.52** | 4.78 | 5.04 | t = +0.70, **78% ties — n.s.** |
archive/prioritizer/TARGET_PRIORITIZER_PRE_PHASE3.md	803	6.4	5.04	VALUE_ONLY	nb4_results_three_axes.py:8.3 approved lift@200	y		| discovery — lift@200 | 4.53 | 4.83 | **5.52** | 4.78 | 5.04 | t = +0.70, **78% ties — n.s.** |
archive/prioritizer/TARGET_PRIORITIZER_PRE_PHASE3.md	803	6.4	0.70	ORPHAN		y		| discovery — lift@200 | 4.53 | 4.83 | **5.52** | 4.78 | 5.04 | t = +0.70, **78% ties — n.s.** |
archive/prioritizer/TARGET_PRIORITIZER_PRE_PHASE3.md	808	6.4	1.29	ORPHAN		y		against 63% of the 646 controls, t = 1.29 — nothing.** The apparent +0.0152 macro gain was a mean
archive/prioritizer/TARGET_PRIORITIZER_PRE_PHASE3.md	808	6.4	0.0152	ORPHAN		y		against 63% of the 646 controls, t = 1.29 — nothing.** The apparent +0.0152 macro gain was a mean
archive/prioritizer/TARGET_PRIORITIZER_PRE_PHASE3.md	809	6.4	0.137	ORPHAN		y		dragged by outliers (Raynaud +0.137 against rheumatic heart disease −0.114). What `m6` *did* produce was
archive/prioritizer/TARGET_PRIORITIZER_PRE_PHASE3.md	809	6.4	0.114	ORPHAN		y		dragged by outliers (Raynaud +0.137 against rheumatic heart disease −0.114). What `m6` *did* produce was
archive/prioritizer/TARGET_PRIORITIZER_PRE_PHASE3.md	811	6.4	3.42	ORPHAN		y		`m5` and `m6` improved significantly (**t = 3.42**), so the benefit came from a better *training set*,
archive/prioritizer/TARGET_PRIORITIZER_PRE_PHASE3.md	816	6.4	0.000	VALUE_ONLY	nb2_splitting_and_pool.py:5.4 	y		122 exact ties** between `m5` and `m6`, every median exactly 0.000; every aggregate difference in the
archive/prioritizer/TARGET_PRIORITIZER_PRE_PHASE3.md	819	6.4	0.0023	ORPHAN				668 diseases, 414 better / 254 worse, median +0.0023.** The tie count is the finding, not the mean.
archive/prioritizer/TARGET_PRIORITIZER_PRE_PHASE3.md	828	6.4	0.1778	ORPHAN		y		| association — macro **AUPRC** | 0.1778 → **0.1816, t = +3.42 (significant)** |
archive/prioritizer/TARGET_PRIORITIZER_PRE_PHASE3.md	828	6.4	0.1816	ORPHAN		y		| association — macro **AUPRC** | 0.1778 → **0.1816, t = +3.42 (significant)** |
archive/prioritizer/TARGET_PRIORITIZER_PRE_PHASE3.md	828	6.4	3.42	ORPHAN		y		| association — macro **AUPRC** | 0.1778 → **0.1816, t = +3.42 (significant)** |
archive/prioritizer/TARGET_PRIORITIZER_PRE_PHASE3.md	829	6.4	0.8230	VALUE_ONLY	nb3_validation_and_plots.py:10.1 macro per-disease AUC	y		| association — macro AUROC | 0.8230 → 0.8225, **t = −0.42 (no difference)** |
archive/prioritizer/TARGET_PRIORITIZER_PRE_PHASE3.md	829	6.4	0.8225	ORPHAN		y		| association — macro AUROC | 0.8230 → 0.8225, **t = −0.42 (no difference)** |
archive/prioritizer/TARGET_PRIORITIZER_PRE_PHASE3.md	829	6.4	0.42	ORPHAN		y		| association — macro AUROC | 0.8230 → 0.8225, **t = −0.42 (no difference)** |
archive/prioritizer/TARGET_PRIORITIZER_PRE_PHASE3.md	830	6.4	1.26	ORPHAN		y		| **tractability — dm lift** | @10 t = −1.26 · @50 t = +0.01 · @200 median −0.035, t = −1.34 |
archive/prioritizer/TARGET_PRIORITIZER_PRE_PHASE3.md	830	6.4	0.01	ORPHAN		y		| **tractability — dm lift** | @10 t = −1.26 · @50 t = +0.01 · @200 median −0.035, t = −1.34 |
archive/prioritizer/TARGET_PRIORITIZER_PRE_PHASE3.md	830	6.4	0.035	ORPHAN		y		| **tractability — dm lift** | @10 t = −1.26 · @50 t = +0.01 · @200 median −0.035, t = −1.34 |
archive/prioritizer/TARGET_PRIORITIZER_PRE_PHASE3.md	830	6.4	1.34	ORPHAN		y		| **tractability — dm lift** | @10 t = −1.26 · @50 t = +0.01 · @200 median −0.035, t = −1.34 |
archive/prioritizer/TARGET_PRIORITIZER_PRE_PHASE3.md	831	6.4	0.1935	VALUE_ONLY	nb3b_hub_bias_meter.py:7.2 champion spread	y		| hub-bias spread | 0.1935 → **0.1968** (third consecutive worsening: 0.1900 → 0.1935 → 0.1968) |
archive/prioritizer/TARGET_PRIORITIZER_PRE_PHASE3.md	831	6.4	0.1968	ORPHAN		y		| hub-bias spread | 0.1935 → **0.1968** (third consecutive worsening: 0.1900 → 0.1935 → 0.1968) |
archive/prioritizer/TARGET_PRIORITIZER_PRE_PHASE3.md	831	6.4	0.1900	ORPHAN		y		| hub-bias spread | 0.1935 → **0.1968** (third consecutive worsening: 0.1900 → 0.1935 → 0.1968) |
archive/prioritizer/TARGET_PRIORITIZER_PRE_PHASE3.md	837	6.4	0.697	ORPHAN		y		the one measured at ρ = **−0.697** with `gene_ppi_degree`, against `prox_kernel`'s **+0.216** (§4.1).
archive/prioritizer/TARGET_PRIORITIZER_PRE_PHASE3.md	837	6.4	0.216	ORPHAN		y		the one measured at ρ = **−0.697** with `gene_ppi_degree`, against `prox_kernel`'s **+0.216** (§4.1).
archive/prioritizer/TARGET_PRIORITIZER_PRE_PHASE3.md	852	6.4	0.1900	ORPHAN		y		> **`m7`'s costs are logged, not hidden.** Hub spread worsens against `m6` (0.1900 → 0.1935), though it
archive/prioritizer/TARGET_PRIORITIZER_PRE_PHASE3.md	852	6.4	0.1935	VALUE_ONLY	nb3b_hub_bias_meter.py:7.2 champion spread	y		> **`m7`'s costs are logged, not hidden.** Hub spread worsens against `m6` (0.1900 → 0.1935), though it
archive/prioritizer/TARGET_PRIORITIZER_PRE_PHASE3.md	853	6.4	0.1954	ORPHAN		y		> still improves on the `m3-f12` it replaced (0.1954); §7.2's refutation stands regardless, since both
archive/prioritizer/TARGET_PRIORITIZER_PRE_PHASE3.md	854	6.4	0.1099	ORPHAN		y	hist	> are far worse than the retired 13-feature generation's 0.1099. Therapeutic-on-all-positives is the
archive/prioritizer/TARGET_PRIORITIZER_PRE_PHASE3.md	855	6.4	0.6886	VALUE_ONLY	nb2_splitting_and_pool.py:5.2.1 approved join auc_all			> **worst of the five** (0.6886) while route-supported is the **best** (0.7471) — the largest gap in the
archive/prioritizer/TARGET_PRIORITIZER_PRE_PHASE3.md	855	6.4	0.7471	VALUE_ONLY	nb2_splitting_and_pool.py:5.2.1 approved join auc_supported			> **worst of the five** (0.6886) while route-supported is the **best** (0.7471) — the largest gap in the
archive/prioritizer/TARGET_PRIORITIZER_PRE_PHASE3.md	856	6.4	0.0585	ORPHAN				> sequence (**0.0585**), which under §5.2.1 reads as the gain concentrating where features actually
archive/prioritizer/TARGET_PRIORITIZER_PRE_PHASE3.md	860	6.4	0.003	ORPHAN		y		> **Spearman(module size, per-disease delta) = −0.003**; the gain is flat above size 20 and *largest in
archive/prioritizer/TARGET_PRIORITIZER_PRE_PHASE3.md	861	6.4	0.0055	ORPHAN				> the smallest* modules (20–60: +0.0055; >300: +0.0025), while the <20 bucket got **worse** (−0.0117,
archive/prioritizer/TARGET_PRIORITIZER_PRE_PHASE3.md	861	6.4	0.0025	ORPHAN				> the smallest* modules (20–60: +0.0055; >300: +0.0025), while the <20 bucket got **worse** (−0.0117,
archive/prioritizer/TARGET_PRIORITIZER_PRE_PHASE3.md	861	6.4	0.0117	ORPHAN				> the smallest* modules (20–60: +0.0055; >300: +0.0025), while the <20 bucket got **worse** (−0.0117,
archive/prioritizer/TARGET_PRIORITIZER_PRE_PHASE3.md	876	6.4	0.7593	ORPHAN		y		| `m1-f7` | 7 | 0.7593 | *0.7617* | 0.6787 | *0.6716* | 128 |
archive/prioritizer/TARGET_PRIORITIZER_PRE_PHASE3.md	876	6.4	0.7617	ORPHAN		y		| `m1-f7` | 7 | 0.7593 | *0.7617* | 0.6787 | *0.6716* | 128 |
archive/prioritizer/TARGET_PRIORITIZER_PRE_PHASE3.md	876	6.4	0.6787	ORPHAN		y		| `m1-f7` | 7 | 0.7593 | *0.7617* | 0.6787 | *0.6716* | 128 |
archive/prioritizer/TARGET_PRIORITIZER_PRE_PHASE3.md	876	6.4	0.6716	ORPHAN		y		| `m1-f7` | 7 | 0.7593 | *0.7617* | 0.6787 | *0.6716* | 128 |
archive/prioritizer/TARGET_PRIORITIZER_PRE_PHASE3.md	877	6.4	0.7882	ORPHAN		y		| `m2-f10` | 10 | 0.7882 | *0.7846* | 0.6880 | *0.6845* | 113 |
archive/prioritizer/TARGET_PRIORITIZER_PRE_PHASE3.md	877	6.4	0.7846	ORPHAN		y		| `m2-f10` | 10 | 0.7882 | *0.7846* | 0.6880 | *0.6845* | 113 |
archive/prioritizer/TARGET_PRIORITIZER_PRE_PHASE3.md	877	6.4	0.6880	ORPHAN		y		| `m2-f10` | 10 | 0.7882 | *0.7846* | 0.6880 | *0.6845* | 113 |
archive/prioritizer/TARGET_PRIORITIZER_PRE_PHASE3.md	877	6.4	0.6845	ORPHAN		y		| `m2-f10` | 10 | 0.7882 | *0.7846* | 0.6880 | *0.6845* | 113 |
archive/prioritizer/TARGET_PRIORITIZER_PRE_PHASE3.md	878	6.4	0.8197	ORPHAN		y		| **`m3-f12`** | **12** | **0.8197** | *0.8228* | **0.6911** | *0.6836* | 122 |
archive/prioritizer/TARGET_PRIORITIZER_PRE_PHASE3.md	878	6.4	0.8228	ORPHAN		y		| **`m3-f12`** | **12** | **0.8197** | *0.8228* | **0.6911** | *0.6836* | 122 |
archive/prioritizer/TARGET_PRIORITIZER_PRE_PHASE3.md	878	6.4	0.6911	ORPHAN		y		| **`m3-f12`** | **12** | **0.8197** | *0.8228* | **0.6911** | *0.6836* | 122 |
archive/prioritizer/TARGET_PRIORITIZER_PRE_PHASE3.md	878	6.4	0.6836	ORPHAN		y		| **`m3-f12`** | **12** | **0.8197** | *0.8228* | **0.6911** | *0.6836* | 122 |
archive/prioritizer/TARGET_PRIORITIZER_PRE_PHASE3.md	884	6.4	0.6787	ORPHAN			hist	(0.6787 → 0.6880 → 0.6911), where the reference had the metapath rung fractionally *below* the
archive/prioritizer/TARGET_PRIORITIZER_PRE_PHASE3.md	884	6.4	0.6880	ORPHAN			hist	(0.6787 → 0.6880 → 0.6911), where the reference had the metapath rung fractionally *below* the
archive/prioritizer/TARGET_PRIORITIZER_PRE_PHASE3.md	884	6.4	0.6911	ORPHAN			hist	(0.6787 → 0.6880 → 0.6911), where the reference had the metapath rung fractionally *below* the
archive/prioritizer/TARGET_PRIORITIZER_PRE_PHASE3.md	885	6.4	0.6845	ORPHAN				provenance rung (0.6845 → 0.6836). A 0.0009 inversion was never meaningful; it is reassuring that it
archive/prioritizer/TARGET_PRIORITIZER_PRE_PHASE3.md	885	6.4	0.6836	ORPHAN				provenance rung (0.6845 → 0.6836). A 0.0009 inversion was never meaningful; it is reassuring that it
archive/prioritizer/TARGET_PRIORITIZER_PRE_PHASE3.md	885	6.4	0.0009	ORPHAN				provenance rung (0.6845 → 0.6836). A 0.0009 inversion was never meaningful; it is reassuring that it
archive/prioritizer/TARGET_PRIORITIZER_PRE_PHASE3.md	889	6.4	0.0229	ORPHAN		y		`m1-f7`: the provenance rung gains **+0.0229 association and +0.0129 drug-target** — both axes
archive/prioritizer/TARGET_PRIORITIZER_PRE_PHASE3.md	889	6.4	0.0129	ORPHAN		y		`m1-f7`: the provenance rung gains **+0.0229 association and +0.0129 drug-target** — both axes
archive/prioritizer/TARGET_PRIORITIZER_PRE_PHASE3.md	890	6.4	0.0611	ORPHAN				improve. The metapath rung gains **+0.0611 association but only +0.0120 drug-target**, and the
archive/prioritizer/TARGET_PRIORITIZER_PRE_PHASE3.md	890	6.4	0.0120	ORPHAN				improve. The metapath rung gains **+0.0611 association but only +0.0120 drug-target**, and the
archive/prioritizer/TARGET_PRIORITIZER_PRE_PHASE3.md	891	6.4	0.038	ORPHAN				second step alone is **+0.038 association / −0.0009 drug-target**. So **the provenance controls
archive/prioritizer/TARGET_PRIORITIZER_PRE_PHASE3.md	891	6.4	0.0009	ORPHAN				second step alone is **+0.038 association / −0.0009 drug-target**. So **the provenance controls
archive/prioritizer/TARGET_PRIORITIZER_PRE_PHASE3.md	897	6.4	0.8666	ORPHAN		y		- **Pruning alone FAILED.** Removing the collinear features left pooled AUC unchanged (0.8666 vs
archive/prioritizer/TARGET_PRIORITIZER_PRE_PHASE3.md	898	6.4	0.8663	ORPHAN		y		0.8663) while macro per-disease AUC *fell* to 0.7610, winning on only 176 of 591 diseases. A
archive/prioritizer/TARGET_PRIORITIZER_PRE_PHASE3.md	898	6.4	0.7610	ORPHAN		y		0.8663) while macro per-disease AUC *fell* to 0.7610, winning on only 176 of 591 diseases. A
archive/prioritizer/TARGET_PRIORITIZER_PRE_PHASE3.md	904	6.4	0.1879	ORPHAN		y		accuracy and bias trade off, but the degree spread fell from +0.1879 to **+0.1099** and
archive/prioritizer/TARGET_PRIORITIZER_PRE_PHASE3.md	904	6.4	0.1099	ORPHAN		y		accuracy and bias trade off, but the degree spread fell from +0.1879 to **+0.1099** and
archive/prioritizer/TARGET_PRIORITIZER_PRE_PHASE3.md	905	6.4	0.3304	ORPHAN		y		ρ(degree, probability) from +0.3304 to **+0.2424** — so they bought accuracy with genuinely *new,
archive/prioritizer/TARGET_PRIORITIZER_PRE_PHASE3.md	905	6.4	0.2424	ORPHAN		y		ρ(degree, probability) from +0.3304 to **+0.2424** — so they bought accuracy with genuinely *new,
archive/prioritizer/TARGET_PRIORITIZER_PRE_PHASE3.md	906	6.4	0.7508	ORPHAN				degree-independent* signal. **Unanchored diseases gained most** (0.7508 → 0.7965 vs anchored
archive/prioritizer/TARGET_PRIORITIZER_PRE_PHASE3.md	906	6.4	0.7965	ORPHAN				degree-independent* signal. **Unanchored diseases gained most** (0.7508 → 0.7965 vs anchored
archive/prioritizer/TARGET_PRIORITIZER_PRE_PHASE3.md	907	6.4	0.8390	ORPHAN				0.8390 → 0.8773): the poorly-annotated tail benefits more from functional similarity, because those
archive/prioritizer/TARGET_PRIORITIZER_PRE_PHASE3.md	907	6.4	0.8773	ORPHAN				0.8390 → 0.8773): the poorly-annotated tail benefits more from functional similarity, because those
archive/prioritizer/TARGET_PRIORITIZER_PRE_PHASE3.md	918	7.1	0.8932	VALUE_ONLY	nb3_validation_and_plots.py:header pooled AUC	y		the deliverable is ranking genes *within* one disease. **Pooled overstates by ~7 points** (0.8932 vs
archive/prioritizer/TARGET_PRIORITIZER_PRE_PHASE3.md	919	7.1	0.8230	VALUE_ONLY	nb3_validation_and_plots.py:10.1 macro per-disease AUC			0.8230).
archive/prioritizer/TARGET_PRIORITIZER_PRE_PHASE3.md	932	7.1	0.8323	ORPHAN				Restricting the headline to diseases with ≥10 positives gives **0.8323** (n=604).
archive/prioritizer/TARGET_PRIORITIZER_PRE_PHASE3.md	935	7.1	0.8197	ORPHAN				recipe — agreeing on mean **0.8197** with a maximum absolute difference of **1.9×10⁻⁴**, only 31 of
archive/prioritizer/TARGET_PRIORITIZER_PRE_PHASE3.md	935	7.1	1.9	VALUE_ONLY	nb2_splitting_and_pool.py:5.2 pool positive rate %			recipe — agreeing on mean **0.8197** with a maximum absolute difference of **1.9×10⁻⁴**, only 31 of
archive/prioritizer/TARGET_PRIORITIZER_PRE_PHASE3.md	942	7.1	0.16	ORPHAN				> filtering to `level == "disease"` mixes the two and manufactures a 0.16 maximum discrepancy out of
archive/prioritizer/TARGET_PRIORITIZER_PRE_PHASE3.md	945	7.1	1.9	VALUE_ONLY	nb2_splitting_and_pool.py:5.2 pool positive rate %	y		**Why macro AUROC and not AUPRC, given a ~1.9% positive rate.** The standard advice under imbalance is
archive/prioritizer/TARGET_PRIORITIZER_PRE_PHASE3.md	951	7.1	0.27	ORPHAN		y		| per-disease AUROC | **+0.27** |
archive/prioritizer/TARGET_PRIORITIZER_PRE_PHASE3.md	952	7.1	0.63	ORPHAN		y		| per-disease AUPRC | **+0.63** |
archive/prioritizer/TARGET_PRIORITIZER_PRE_PHASE3.md	954	7.1	0.218	ORPHAN		y		AUPRC's baseline *is* the prevalence, and our per-disease positive rates span **21×** (p5 0.218%, p95
archive/prioritizer/TARGET_PRIORITIZER_PRE_PHASE3.md	955	7.1	4.554	ORPHAN		y		4.554%), so a macro-average of AUPRC largely measures **how well-annotated each disease is** rather than
archive/prioritizer/TARGET_PRIORITIZER_PRE_PHASE3.md	958	7.1	0.766	ORPHAN				+0.766 — correlated, not interchangeable.
archive/prioritizer/TARGET_PRIORITIZER_PRE_PHASE3.md	965	7.1	0.3161	ORPHAN				0.3161 against a 1.865% base rate — 17× chance** — as the imbalance-aware second number, always with its
archive/prioritizer/TARGET_PRIORITIZER_PRE_PHASE3.md	965	7.1	1.865	ORPHAN				0.3161 against a 1.865% base rate — 17× chance** — as the imbalance-aware second number, always with its
archive/prioritizer/TARGET_PRIORITIZER_PRE_PHASE3.md	975	7.2	6.8	ORPHAN		y		compare the lowest to the highest quintile. Baseline: Q1 (median degree 3) 6.8% predicted positive
archive/prioritizer/TARGET_PRIORITIZER_PRE_PHASE3.md	976	7.2	40.8	ORPHAN				vs Q5 (median 104.5) **40.8%** — a **6× detection swing on network position alone.**
archive/prioritizer/TARGET_PRIORITIZER_PRE_PHASE3.md	980	7.2	0.5732	ORPHAN				| 15-feature predecessor | 0.5732 | 0.7611 | +0.1879 | +0.3304 |
archive/prioritizer/TARGET_PRIORITIZER_PRE_PHASE3.md	980	7.2	0.7611	ORPHAN				| 15-feature predecessor | 0.5732 | 0.7611 | +0.1879 | +0.3304 |
archive/prioritizer/TARGET_PRIORITIZER_PRE_PHASE3.md	980	7.2	0.1879	ORPHAN				| 15-feature predecessor | 0.5732 | 0.7611 | +0.1879 | +0.3304 |
archive/prioritizer/TARGET_PRIORITIZER_PRE_PHASE3.md	980	7.2	0.3304	ORPHAN				| 15-feature predecessor | 0.5732 | 0.7611 | +0.1879 | +0.3304 |
archive/prioritizer/TARGET_PRIORITIZER_PRE_PHASE3.md	981	7.2	0.5662	ORPHAN				| pruned intermediate | 0.5662 | 0.7417 | +0.1755 | +0.2953 |
archive/prioritizer/TARGET_PRIORITIZER_PRE_PHASE3.md	981	7.2	0.7417	ORPHAN				| pruned intermediate | 0.5662 | 0.7417 | +0.1755 | +0.2953 |
archive/prioritizer/TARGET_PRIORITIZER_PRE_PHASE3.md	981	7.2	0.1755	ORPHAN				| pruned intermediate | 0.5662 | 0.7417 | +0.1755 | +0.2953 |
archive/prioritizer/TARGET_PRIORITIZER_PRE_PHASE3.md	981	7.2	0.2953	ORPHAN				| pruned intermediate | 0.5662 | 0.7417 | +0.1755 | +0.2953 |
archive/prioritizer/TARGET_PRIORITIZER_PRE_PHASE3.md	982	7.2	0.6516	ORPHAN			hist	| 13-feature metapath generation *(retired)* | 0.6516 | 0.7615 | +0.1099 | +0.2424 |
archive/prioritizer/TARGET_PRIORITIZER_PRE_PHASE3.md	982	7.2	0.7615	ORPHAN			hist	| 13-feature metapath generation *(retired)* | 0.6516 | 0.7615 | +0.1099 | +0.2424 |
archive/prioritizer/TARGET_PRIORITIZER_PRE_PHASE3.md	982	7.2	0.1099	ORPHAN			hist	| 13-feature metapath generation *(retired)* | 0.6516 | 0.7615 | +0.1099 | +0.2424 |
archive/prioritizer/TARGET_PRIORITIZER_PRE_PHASE3.md	982	7.2	0.2424	ORPHAN			hist	| 13-feature metapath generation *(retired)* | 0.6516 | 0.7615 | +0.1099 | +0.2424 |
archive/prioritizer/TARGET_PRIORITIZER_PRE_PHASE3.md	983	7.2	0.5938	ASSERTED	nb3b_hub_bias_meter.py:7.2 champion Q1 probability	y		| **champion `m7-f14`** *(measured 2026-08-21)* | **0.5938** | **0.7873** | **+0.1935** | **+0.3273** |
archive/prioritizer/TARGET_PRIORITIZER_PRE_PHASE3.md	983	7.2	0.7873	ASSERTED	nb3b_hub_bias_meter.py:7.2 champion Q5 probability	y		| **champion `m7-f14`** *(measured 2026-08-21)* | **0.5938** | **0.7873** | **+0.1935** | **+0.3273** |
archive/prioritizer/TARGET_PRIORITIZER_PRE_PHASE3.md	983	7.2	0.1935	ASSERTED	nb3b_hub_bias_meter.py:7.2 champion spread	y		| **champion `m7-f14`** *(measured 2026-08-21)* | **0.5938** | **0.7873** | **+0.1935** | **+0.3273** |
archive/prioritizer/TARGET_PRIORITIZER_PRE_PHASE3.md	983	7.2	0.3273	ASSERTED	nb3b_hub_bias_meter.py:7.2 champion rho(degree,proba)	y		| **champion `m7-f14`** *(measured 2026-08-21)* | **0.5938** | **0.7873** | **+0.1935** | **+0.3273** |
archive/prioritizer/TARGET_PRIORITIZER_PRE_PHASE3.md	987	7.2	73,829	ASSERTED	nb3b_hub_bias_meter.py:7.2 known-target rows	y		quoting. Recomputed (`nb3`, 73,829 known-target rows across 670 validation diseases): **the champion is
archive/prioritizer/TARGET_PRIORITIZER_PRE_PHASE3.md	988	7.2	0.058	ORPHAN			hist	worse than the retired generation on every dimension of this axis.** Q1 fell **−0.058**, Q5 rose
archive/prioritizer/TARGET_PRIORITIZER_PRE_PHASE3.md	989	7.2	0.026	ORPHAN		y		+0.026, the spread nearly **doubled** (+0.110 → +0.194), and ρ(degree, probability) rose +0.085.
archive/prioritizer/TARGET_PRIORITIZER_PRE_PHASE3.md	989	7.2	0.110	ORPHAN		y		+0.026, the spread nearly **doubled** (+0.110 → +0.194), and ρ(degree, probability) rose +0.085.
archive/prioritizer/TARGET_PRIORITIZER_PRE_PHASE3.md	989	7.2	0.194	ASSERTED	nb3b_hub_bias_meter.py:7.2 champion spread	y		+0.026, the spread nearly **doubled** (+0.110 → +0.194), and ρ(degree, probability) rose +0.085.
archive/prioritizer/TARGET_PRIORITIZER_PRE_PHASE3.md	989	7.2	0.085	ORPHAN		y		+0.026, the spread nearly **doubled** (+0.110 → +0.194), and ρ(degree, probability) rose +0.085.
archive/prioritizer/TARGET_PRIORITIZER_PRE_PHASE3.md	999	7.2	0.5911	ORPHAN		y		| Q1 mean probability | 0.5911 | 0.5915 | +0.0004 |
archive/prioritizer/TARGET_PRIORITIZER_PRE_PHASE3.md	999	7.2	0.5915	ORPHAN		y		| Q1 mean probability | 0.5911 | 0.5915 | +0.0004 |
archive/prioritizer/TARGET_PRIORITIZER_PRE_PHASE3.md	999	7.2	0.0004	ORPHAN		y		| Q1 mean probability | 0.5911 | 0.5915 | +0.0004 |
archive/prioritizer/TARGET_PRIORITIZER_PRE_PHASE3.md	1000	7.2	0.7851	ORPHAN		y		| Q5 mean probability | 0.7851 | 0.7833 | −0.0018 |
archive/prioritizer/TARGET_PRIORITIZER_PRE_PHASE3.md	1000	7.2	0.7833	ORPHAN		y		| Q5 mean probability | 0.7851 | 0.7833 | −0.0018 |
archive/prioritizer/TARGET_PRIORITIZER_PRE_PHASE3.md	1000	7.2	0.0018	ORPHAN		y		| Q5 mean probability | 0.7851 | 0.7833 | −0.0018 |
archive/prioritizer/TARGET_PRIORITIZER_PRE_PHASE3.md	1001	7.2	0.1941	ORPHAN		y		| **spread** | **0.1941** | **0.1917** | **−0.0024** |
archive/prioritizer/TARGET_PRIORITIZER_PRE_PHASE3.md	1001	7.2	0.1917	ORPHAN		y		| **spread** | **0.1941** | **0.1917** | **−0.0024** |
archive/prioritizer/TARGET_PRIORITIZER_PRE_PHASE3.md	1001	7.2	0.0024	ORPHAN		y		| **spread** | **0.1941** | **0.1917** | **−0.0024** |
archive/prioritizer/TARGET_PRIORITIZER_PRE_PHASE3.md	1002	7.2	0.3276	ORPHAN		y		| ρ(degree, probability) | 0.3276 | 0.3246 | −0.0030 |
archive/prioritizer/TARGET_PRIORITIZER_PRE_PHASE3.md	1002	7.2	0.3246	ORPHAN		y		| ρ(degree, probability) | 0.3276 | 0.3246 | −0.0030 |
archive/prioritizer/TARGET_PRIORITIZER_PRE_PHASE3.md	1002	7.2	0.0030	ORPHAN		y		| ρ(degree, probability) | 0.3276 | 0.3246 | −0.0030 |
archive/prioritizer/TARGET_PRIORITIZER_PRE_PHASE3.md	1004	7.2	0.0855	ORPHAN			hist	**That recovers about 3% of the 0.0855 gap.** So the difference from the retired generation is
archive/prioritizer/TARGET_PRIORITIZER_PRE_PHASE3.md	1010	7.2	0.59	ASSERTED	nb3b_hub_bias_meter.py:7.2 champion Q1 probability			> 0.59-vs-0.79 gap is measured on current data and stands on its own. What does **not** stand is any
archive/prioritizer/TARGET_PRIORITIZER_PRE_PHASE3.md	1010	7.2	0.79	ASSERTED	nb3b_hub_bias_meter.py:7.2 champion Q5 probability			> 0.59-vs-0.79 gap is measured on current data and stands on its own. What does **not** stand is any
archive/prioritizer/TARGET_PRIORITIZER_PRE_PHASE3.md	1015	7.2	0.860	ORPHAN				**Detection swing at the F1 threshold (0.860):** low-degree known targets are predicted positive
archive/prioritizer/TARGET_PRIORITIZER_PRE_PHASE3.md	1016	7.2	17.3	VALUE_ONLY	nb6_interrogation_and_close.py:5.2 Q1 predicted-positive %			**17.3%** of the time, high-degree **57.0%** — a **3.3× swing on network position alone**, with biology
archive/prioritizer/TARGET_PRIORITIZER_PRE_PHASE3.md	1016	7.2	57.0	VALUE_ONLY	nb6_interrogation_and_close.py:5.2 Q5 predicted-positive %			**17.3%** of the time, high-degree **57.0%** — a **3.3× swing on network position alone**, with biology
archive/prioritizer/TARGET_PRIORITIZER_PRE_PHASE3.md	1016	7.2	3.3	VALUE_ONLY	nb4_results_three_axes.py:8.4 pooled dm lift @10			**17.3%** of the time, high-degree **57.0%** — a **3.3× swing on network position alone**, with biology
archive/prioritizer/TARGET_PRIORITIZER_PRE_PHASE3.md	1023	7.3	0.8009	ASSERTED	nb3_validation_and_plots.py:7.3 per-family macro AUC	y		Same chain grouped by family: **505 families, macro 0.8009, median 0.8118, recall@20 0.1189.**
archive/prioritizer/TARGET_PRIORITIZER_PRE_PHASE3.md	1023	7.3	0.8118	ORPHAN		y		Same chain grouped by family: **505 families, macro 0.8009, median 0.8118, recall@20 0.1189.**
archive/prioritizer/TARGET_PRIORITIZER_PRE_PHASE3.md	1023	7.3	0.1189	ORPHAN		y		Same chain grouped by family: **505 families, macro 0.8009, median 0.8118, recall@20 0.1189.**
archive/prioritizer/TARGET_PRIORITIZER_PRE_PHASE3.md	1024	7.3	0.043	ORPHAN		y		Against the 15-feature predecessor that is **+0.043 macro** and **recall@20 +17%** — which matters more
archive/prioritizer/TARGET_PRIORITIZER_PRE_PHASE3.md	1030	7.3	0.9023	ORPHAN				| **multi-disease families** (grouping actually applies) | 28 | **0.9023** | 0.8615 |
archive/prioritizer/TARGET_PRIORITIZER_PRE_PHASE3.md	1030	7.3	0.8615	ORPHAN				| **multi-disease families** (grouping actually applies) | 28 | **0.9023** | 0.8615 |
archive/prioritizer/TARGET_PRIORITIZER_PRE_PHASE3.md	1031	7.3	0.7914	ORPHAN				| single-disease families (grouping is a no-op) | 477 | **0.7914** | 0.7487 |
archive/prioritizer/TARGET_PRIORITIZER_PRE_PHASE3.md	1031	7.3	0.7487	ORPHAN				| single-disease families (grouping is a no-op) | 477 | **0.7914** | 0.7487 |
archive/prioritizer/TARGET_PRIORITIZER_PRE_PHASE3.md	1034	7.3	0.918	ORPHAN		y		**0.918–0.934**, and `anemia` sits at **0.8514** on 9 members and 622 positives. Full per-family table in
archive/prioritizer/TARGET_PRIORITIZER_PRE_PHASE3.md	1034	7.3	0.934	ORPHAN		y		**0.918–0.934**, and `anemia` sits at **0.8514** on 9 members and 622 positives. Full per-family table in
archive/prioritizer/TARGET_PRIORITIZER_PRE_PHASE3.md	1034	7.3	0.8514	ORPHAN		y		**0.918–0.934**, and `anemia` sits at **0.8514** on 9 members and 622 positives. Full per-family table in
archive/prioritizer/TARGET_PRIORITIZER_PRE_PHASE3.md	1038	7.3	99.7	ORPHAN				> Family *structure* barely moved — 99.7% of diseases keep the same family, and the largest family is
archive/prioritizer/TARGET_PRIORITIZER_PRE_PHASE3.md	1045	7.3	0.8514	ORPHAN			hist	0.8514, ~0.08 behind the cancers, exactly as epilepsy was in the reference (0.8269, ~0.11 behind).
archive/prioritizer/TARGET_PRIORITIZER_PRE_PHASE3.md	1045	7.3	0.08	VALUE_ONLY	nb2_splitting_and_pool.py:10.4 Spearman pool_size vs coverage		hist	0.8514, ~0.08 behind the cancers, exactly as epilepsy was in the reference (0.8269, ~0.11 behind).
archive/prioritizer/TARGET_PRIORITIZER_PRE_PHASE3.md	1045	7.3	0.8269	ORPHAN			hist	0.8514, ~0.08 behind the cancers, exactly as epilepsy was in the reference (0.8269, ~0.11 behind).
archive/prioritizer/TARGET_PRIORITIZER_PRE_PHASE3.md	1045	7.3	0.11	ORPHAN			hist	0.8514, ~0.08 behind the cancers, exactly as epilepsy was in the reference (0.8269, ~0.11 behind).
archive/prioritizer/TARGET_PRIORITIZER_PRE_PHASE3.md	1050	7.3	0.0528	ORPHAN				metapaths work still stands: epilepsy gained most of any large family (+0.0528, roughly double the
archive/prioritizer/TARGET_PRIORITIZER_PRE_PHASE3.md	1055	7.3	0.8390	ORPHAN				(0.8390 vs 0.7508), but this is **confounded**: the external curation skews toward well-studied
archive/prioritizer/TARGET_PRIORITIZER_PRE_PHASE3.md	1055	7.3	0.7508	ORPHAN				(0.8390 vs 0.7508), but this is **confounded**: the external curation skews toward well-studied
archive/prioritizer/TARGET_PRIORITIZER_PRE_PHASE3.md	1066	7.4	4,110	ORPHAN				**Ground truth:** approved-indication edges ⋈ drug-target edges → **4,110 (disease, gene) pairs over
archive/prioritizer/TARGET_PRIORITIZER_PRE_PHASE3.md	1067	7.4	1,507	ORPHAN				416 diseases and 778 genes**; 1,507 fall in the validation split across 112 diseases. Independent of
archive/prioritizer/TARGET_PRIORITIZER_PRE_PHASE3.md	1068	7.4	1,507	ORPHAN				the label by construction — only 198 of 1,507 are also association positives — and **no model feature
archive/prioritizer/TARGET_PRIORITIZER_PRE_PHASE3.md	1072	7.4	0.002	ASSERTED	nb3_validation_and_plots.py:7.4 orthogonality pearson r	y	hist	Pearson r = **0.002** between a disease's association AUC and its drug-target AUC (reference: 0.097
archive/prioritizer/TARGET_PRIORITIZER_PRE_PHASE3.md	1072	7.4	0.097	ORPHAN		y	hist	Pearson r = **0.002** between a disease's association AUC and its drug-target AUC (reference: 0.097
archive/prioritizer/TARGET_PRIORITIZER_PRE_PHASE3.md	1073	7.4	0.6886	ASSERTED	nb3_validation_and_plots.py:7.4 drug-target macro AUC	y		over 112). For the champion: mean drug-target AUC **0.6886** vs association 0.7868 *on those same 130
archive/prioritizer/TARGET_PRIORITIZER_PRE_PHASE3.md	1073	7.4	0.7868	ORPHAN		y		over 112). For the champion: mean drug-target AUC **0.6886** vs association 0.7868 *on those same 130
archive/prioritizer/TARGET_PRIORITIZER_PRE_PHASE3.md	1074	7.4	1,538	ORPHAN				diseases*, **128 of 1,538** validated targets in the top 50 (8.3%), and **32 of 130 diseases below
archive/prioritizer/TARGET_PRIORITIZER_PRE_PHASE3.md	1074	7.4	8.3	ORPHAN				diseases*, **128 of 1,538** validated targets in the top 50 (8.3%), and **32 of 130 diseases below
archive/prioritizer/TARGET_PRIORITIZER_PRE_PHASE3.md	1079	7.4	0.002	ASSERTED	nb3_validation_and_plots.py:7.4 orthogonality pearson r	y		correlation stayed near zero (0.002 vs 0.097 — if anything weaker; R² is 0.0000) and the hit rate
archive/prioritizer/TARGET_PRIORITIZER_PRE_PHASE3.md	1079	7.4	0.097	ORPHAN		y		correlation stayed near zero (0.002 vs 0.097 — if anything weaker; R² is 0.0000) and the hit rate
archive/prioritizer/TARGET_PRIORITIZER_PRE_PHASE3.md	1079	7.4	0.0000	ASSERTED	nb3_validation_and_plots.py:7.4 orthogonality R2	y		correlation stayed near zero (0.002 vs 0.097 — if anything weaker; R² is 0.0000) and the hit rate
archive/prioritizer/TARGET_PRIORITIZER_PRE_PHASE3.md	1080	7.4	8.3	ORPHAN				reproduced within half a point (8.3% vs 7.8%).
archive/prioritizer/TARGET_PRIORITIZER_PRE_PHASE3.md	1080	7.4	7.8	ORPHAN				reproduced within half a point (8.3% vs 7.8%).
archive/prioritizer/TARGET_PRIORITIZER_PRE_PHASE3.md	1085	7.4	0.6886	ASSERTED	nb3_validation_and_plots.py:7.4 drug-target macro AUC			> absolute value of 0.6886 should be read as approximate.
archive/prioritizer/TARGET_PRIORITIZER_PRE_PHASE3.md	1093	7.4	6,979	ORPHAN				| none (stage 1 only) | 6,979 | 1,538 | 122 | 7.9% |
archive/prioritizer/TARGET_PRIORITIZER_PRE_PHASE3.md	1093	7.4	1,538	ORPHAN				| none (stage 1 only) | 6,979 | 1,538 | 122 | 7.9% |
archive/prioritizer/TARGET_PRIORITIZER_PRE_PHASE3.md	1093	7.4	7.9	ORPHAN				| none (stage 1 only) | 6,979 | 1,538 | 122 | 7.9% |
archive/prioritizer/TARGET_PRIORITIZER_PRE_PHASE3.md	1094	7.4	3,015	ORPHAN				| antibody-accessible localization | 3,015 | 971 | 119 | 12.3% |
archive/prioritizer/TARGET_PRIORITIZER_PRE_PHASE3.md	1094	7.4	12.3	ORPHAN				| antibody-accessible localization | 3,015 | 971 | 119 | 12.3% |
archive/prioritizer/TARGET_PRIORITIZER_PRE_PHASE3.md	1095	7.4	1,829	ORPHAN				| **druggable protein family** | **1,829** | **1,019** | **168** | **16.5%** |
archive/prioritizer/TARGET_PRIORITIZER_PRE_PHASE3.md	1095	7.4	1,019	ORPHAN				| **druggable protein family** | **1,829** | **1,019** | **168** | **16.5%** |
archive/prioritizer/TARGET_PRIORITIZER_PRE_PHASE3.md	1095	7.4	16.5	ORPHAN				| **druggable protein family** | **1,829** | **1,019** | **168** | **16.5%** |
archive/prioritizer/TARGET_PRIORITIZER_PRE_PHASE3.md	1096	7.4	3,791	ORPHAN				| either of the two | 3,791 | 1,244 | 124 | 10.0% |
archive/prioritizer/TARGET_PRIORITIZER_PRE_PHASE3.md	1096	7.4	1,244	ORPHAN				| either of the two | 3,791 | 1,244 | 124 | 10.0% |
archive/prioritizer/TARGET_PRIORITIZER_PRE_PHASE3.md	1096	7.4	10.0	VALUE_ONLY	nb4_results_three_axes.py:8.4 dm>naive pooled @ [loop-table]			| either of the two | 3,791 | 1,244 | 124 | 10.0% |
archive/prioritizer/TARGET_PRIORITIZER_PRE_PHASE3.md	1099	7.4	83.5	ORPHAN			hist	key's own universe — leaves **83.5% of validated targets outside the top 50** (reference: 19.5% hit
archive/prioritizer/TARGET_PRIORITIZER_PRE_PHASE3.md	1099	7.4	19.5	ORPHAN			hist	key's own universe — leaves **83.5% of validated targets outside the top 50** (reference: 19.5% hit
archive/prioritizer/TARGET_PRIORITIZER_PRE_PHASE3.md	1104	7.4	0.674	ORPHAN				(within-disease percentile 0.674 vs 0.672; background 0.495) and at 90% on neighbour overlap, with
archive/prioritizer/TARGET_PRIORITIZER_PRE_PHASE3.md	1104	7.4	0.672	ORPHAN				(within-disease percentile 0.674 vs 0.672; background 0.495) and at 90% on neighbour overlap, with
archive/prioritizer/TARGET_PRIORITIZER_PRE_PHASE3.md	1104	7.4	0.495	ORPHAN				(within-disease percentile 0.674 vs 0.672; background 0.495) and at 90% on neighbour overlap, with
archive/prioritizer/TARGET_PRIORITIZER_PRE_PHASE3.md	1105	7.4	5.8	ORPHAN				functional-annotation null rates indistinguishable from association positives (5.8% vs 6.2%;
archive/prioritizer/TARGET_PRIORITIZER_PRE_PHASE3.md	1105	7.4	6.2	ORPHAN				functional-annotation null rates indistinguishable from association positives (5.8% vs 6.2%;
archive/prioritizer/TARGET_PRIORITIZER_PRE_PHASE3.md	1106	7.4	20.7	ORPHAN				background 20.7%). **So the signal exists in the graph; the objective is what doesn't ask for it.**
archive/prioritizer/TARGET_PRIORITIZER_PRE_PHASE3.md	1113	7.4	1.40	ORPHAN		y		| antibody-tractable | 1.40 | — |
archive/prioritizer/TARGET_PRIORITIZER_PRE_PHASE3.md	1114	7.4	0.98	ORPHAN		y		| antibody-tractable *(as a separator)* | **0.98** — i.e. no signal | **1.39** |
archive/prioritizer/TARGET_PRIORITIZER_PRE_PHASE3.md	1114	7.4	1.39	ORPHAN		y		| antibody-tractable *(as a separator)* | **0.98** — i.e. no signal | **1.39** |
archive/prioritizer/TARGET_PRIORITIZER_PRE_PHASE3.md	1115	7.4	1.23	ORPHAN		y		| small-molecule tractable | 1.23 | **2.21** |
archive/prioritizer/TARGET_PRIORITIZER_PRE_PHASE3.md	1115	7.4	2.21	ORPHAN		y		| small-molecule tractable | 1.23 | **2.21** |
archive/prioritizer/TARGET_PRIORITIZER_PRE_PHASE3.md	1116	7.4	0.78	VALUE_ONLY	nb6_interrogation_and_close.py:6.1 membrane receptor assoc_lift			| **`Membrane receptor`** class | **0.78** — *depleted* | **3.16** — 3× enriched |
archive/prioritizer/TARGET_PRIORITIZER_PRE_PHASE3.md	1116	7.4	3.16	VALUE_ONLY	nb6_interrogation_and_close.py:6.1 membrane receptor drug_lift			| **`Membrane receptor`** class | **0.78** — *depleted* | **3.16** — 3× enriched |
archive/prioritizer/TARGET_PRIORITIZER_PRE_PHASE3.md	1117	7.4	1.60	ORPHAN				| `Ion channel` class | 1.60 | **11.9** |
archive/prioritizer/TARGET_PRIORITIZER_PRE_PHASE3.md	1118	7.4	1.45	ORPHAN				| `Structural protein` class | 1.45 | **12.3** |
archive/prioritizer/TARGET_PRIORITIZER_PRE_PHASE3.md	1119	7.4	0.90	ORPHAN				| `Secreted protein` class | 0.90 | 0.26 |
archive/prioritizer/TARGET_PRIORITIZER_PRE_PHASE3.md	1119	7.4	0.26	ORPHAN				| `Secreted protein` class | 0.90 | 0.26 |
archive/prioritizer/TARGET_PRIORITIZER_PRE_PHASE3.md	1125	7.4	0.76	ORPHAN			hist	The reference measured 0.76× / 3× for membrane receptors and 13× / 15.6× for ion channels and
archive/prioritizer/TARGET_PRIORITIZER_PRE_PHASE3.md	1125	7.4	15.6	ORPHAN			hist	The reference measured 0.76× / 3× for membrane receptors and 13× / 15.6× for ion channels and
archive/prioritizer/TARGET_PRIORITIZER_PRE_PHASE3.md	1126	7.4	0.78	VALUE_ONLY	nb6_interrogation_and_close.py:6.1 membrane receptor assoc_lift			structural proteins; the rebuild gives 0.78× / 3.16× and 11.9× / 12.3×. Same direction, same order of
archive/prioritizer/TARGET_PRIORITIZER_PRE_PHASE3.md	1126	7.4	3.16	VALUE_ONLY	nb6_interrogation_and_close.py:6.1 membrane receptor drug_lift			structural proteins; the rebuild gives 0.78× / 3.16× and 11.9× / 12.3×. Same direction, same order of
archive/prioritizer/TARGET_PRIORITIZER_PRE_PHASE3.md	1126	7.4	11.9	VALUE_ONLY	nb6_interrogation_and_close.py:6.1 ion channel drug_lift			structural proteins; the rebuild gives 0.78× / 3.16× and 11.9× / 12.3×. Same direction, same order of
archive/prioritizer/TARGET_PRIORITIZER_PRE_PHASE3.md	1126	7.4	12.3	ORPHAN				structural proteins; the rebuild gives 0.78× / 3.16× and 11.9× / 12.3×. Same direction, same order of
archive/prioritizer/TARGET_PRIORITIZER_PRE_PHASE3.md	1141	7.5	13,573	ORPHAN				handling — only the label changes.** Train on a weak label (approved OR under investigation, 13,573
archive/prioritizer/TARGET_PRIORITIZER_PRE_PHASE3.md	1147	7.5	0.6836	ORPHAN		y		| Mean per-disease **drug-target** AUC | 0.6836 | **0.9324** |
archive/prioritizer/TARGET_PRIORITIZER_PRE_PHASE3.md	1147	7.5	0.9324	ORPHAN		y		| Mean per-disease **drug-target** AUC | 0.6836 | **0.9324** |
archive/prioritizer/TARGET_PRIORITIZER_PRE_PHASE3.md	1148	7.5	1,507	ORPHAN				| Validated targets in top 50 | 117 | **439** of 1,507 |
archive/prioritizer/TARGET_PRIORITIZER_PRE_PHASE3.md	1149	7.5	0.8228	ORPHAN		y		| Mean per-disease **association** AUC | **0.8228** | 0.6444 |
archive/prioritizer/TARGET_PRIORITIZER_PRE_PHASE3.md	1149	7.5	0.6444	ORPHAN		y		| Mean per-disease **association** AUC | **0.8228** | 0.6444 |
archive/prioritizer/TARGET_PRIORITIZER_PRE_PHASE3.md	1151	7.5	0.2488	ORPHAN				**The objectives are genuinely in tension** — +0.2488 drug, −0.1784 association. Which axis to optimise
archive/prioritizer/TARGET_PRIORITIZER_PRE_PHASE3.md	1151	7.5	0.1784	ORPHAN				**The objectives are genuinely in tension** — +0.2488 drug, −0.1784 association. Which axis to optimise
archive/prioritizer/TARGET_PRIORITIZER_PRE_PHASE3.md	1154	7.5	0.2488	ORPHAN				**But the +0.2488 is not a win, and that is the finding.** A no-graph, no-disease-information baseline
archive/prioritizer/TARGET_PRIORITIZER_PRE_PHASE3.md	1155	7.5	0.9354	ORPHAN				— *"how many training diseases is this gene a drug target for"* — scores **0.9354** on the same
archive/prioritizer/TARGET_PRIORITIZER_PRE_PHASE3.md	1157	7.5	0.7266	ORPHAN		y		well as diseases leaves **57 positives across 19 diseases** at AUC 0.7266 — too thin to carry a
archive/prioritizer/TARGET_PRIORITIZER_PRE_PHASE3.md	1161	7.5	0.8567	ORPHAN				since found it on the association axis too, at 0.8567.
archive/prioritizer/TARGET_PRIORITIZER_PRE_PHASE3.md	1165	7.5	15.6	ORPHAN				enriched, structural proteins 15.6×), so a model trained on it is biased toward what industry has
archive/prioritizer/TARGET_PRIORITIZER_PRE_PHASE3.md	1169	7.5	0.6886	VALUE_ONLY	nb2_splitting_and_pool.py:5.2.1 approved join auc_all	y		never a headline and never an optimisation target. Read the champion's 0.6886 as *"this model
archive/prioritizer/TARGET_PRIORITIZER_PRE_PHASE3.md	1170	7.5	0.9354	ORPHAN				deliberately declines a shortcut that scores 0.9354"* — and see §5.2.1, which shows ~0.04 of that gap
archive/prioritizer/TARGET_PRIORITIZER_PRE_PHASE3.md	1170	7.5	0.04	ORPHAN				deliberately declines a shortcut that scores 0.9354"* — and see §5.2.1, which shows ~0.04 of that gap
archive/prioritizer/TARGET_PRIORITIZER_PRE_PHASE3.md	1199	8.1	82.2	ORPHAN				> Measured on our own data: **82.2% of the joined triples come from drugs with more than one target,
archive/prioritizer/TARGET_PRIORITIZER_PRE_PHASE3.md	1200	8.1	81.4	ORPHAN				> 81.4% from drugs with more than one indication, and 66.3% from drugs that are multi on both.** Only
archive/prioritizer/TARGET_PRIORITIZER_PRE_PHASE3.md	1200	8.1	66.3	ORPHAN				> 81.4% from drugs with more than one indication, and 66.3% from drugs that are multi on both.** Only
archive/prioritizer/TARGET_PRIORITIZER_PRE_PHASE3.md	1201	8.1	8.0	VALUE_ONLY	nb4_results_three_axes.py:8.10 TNBC known targets			> **8.0%** of the ground truth survives a single-target restriction. §8.3 quantifies what this does to
archive/prioritizer/TARGET_PRIORITIZER_PRE_PHASE3.md	1209	8.1	4,110	ORPHAN				| **approved** | `indication` | 4,110 | a drug approved for this disease hits this gene |
archive/prioritizer/TARGET_PRIORITIZER_PRE_PHASE3.md	1210	8.1	52,734	ORPHAN				| **investigational** | `drug_investigated_for` | 52,734 | in trials, not approved |
archive/prioritizer/TARGET_PRIORITIZER_PRE_PHASE3.md	1228	8.2	0.934	ORPHAN				| lung adenocarcinoma | 705 | **0.934** | 17.6× | — | — | 146 / **5** / **8.2×** |
archive/prioritizer/TARGET_PRIORITIZER_PRE_PHASE3.md	1228	8.2	17.6	ORPHAN				| lung adenocarcinoma | 705 | **0.934** | 17.6× | — | — | 146 / **5** / **8.2×** |
archive/prioritizer/TARGET_PRIORITIZER_PRE_PHASE3.md	1228	8.2	8.2	ORPHAN				| lung adenocarcinoma | 705 | **0.934** | 17.6× | — | — | 146 / **5** / **8.2×** |
archive/prioritizer/TARGET_PRIORITIZER_PRE_PHASE3.md	1229	8.2	0.931	ORPHAN				| non-small cell lung carcinoma | 621 | **0.931** | **19.0×** | 0.676 | 33 / 0 / 0 | 379 / **11** / **6.8×** |
archive/prioritizer/TARGET_PRIORITIZER_PRE_PHASE3.md	1229	8.2	19.0	VALUE_ONLY	nb7_panel_selection.py:7.2 breast terms			| non-small cell lung carcinoma | 621 | **0.931** | **19.0×** | 0.676 | 33 / 0 / 0 | 379 / **11** / **6.8×** |
archive/prioritizer/TARGET_PRIORITIZER_PRE_PHASE3.md	1229	8.2	0.676	ORPHAN				| non-small cell lung carcinoma | 621 | **0.931** | **19.0×** | 0.676 | 33 / 0 / 0 | 379 / **11** / **6.8×** |
archive/prioritizer/TARGET_PRIORITIZER_PRE_PHASE3.md	1229	8.2	6.8	ORPHAN				| non-small cell lung carcinoma | 621 | **0.931** | **19.0×** | 0.676 | 33 / 0 / 0 | 379 / **11** / **6.8×** |
archive/prioritizer/TARGET_PRIORITIZER_PRE_PHASE3.md	1230	8.2	0.772	ORPHAN				| lung cancer | 53 | 0.772 | **21.2×** | 0.827 | 4 / 0 / 0 | 258 / **12** / **5.8×** |
archive/prioritizer/TARGET_PRIORITIZER_PRE_PHASE3.md	1230	8.2	21.2	ORPHAN				| lung cancer | 53 | 0.772 | **21.2×** | 0.827 | 4 / 0 / 0 | 258 / **12** / **5.8×** |
archive/prioritizer/TARGET_PRIORITIZER_PRE_PHASE3.md	1230	8.2	0.827	ORPHAN				| lung cancer | 53 | 0.772 | **21.2×** | 0.827 | 4 / 0 / 0 | 258 / **12** / **5.8×** |
archive/prioritizer/TARGET_PRIORITIZER_PRE_PHASE3.md	1230	8.2	5.8	ORPHAN				| lung cancer | 53 | 0.772 | **21.2×** | 0.827 | 4 / 0 / 0 | 258 / **12** / **5.8×** |
archive/prioritizer/TARGET_PRIORITIZER_PRE_PHASE3.md	1231	8.2	0.679	ORPHAN				| **diabetes mellitus** | 968 | 0.679 | 9.2× | **0.874** | 48 / **8** / **41.6×** | 125 / 1 / 2.0× |
archive/prioritizer/TARGET_PRIORITIZER_PRE_PHASE3.md	1231	8.2	9.2	ORPHAN				| **diabetes mellitus** | 968 | 0.679 | 9.2× | **0.874** | 48 / **8** / **41.6×** | 125 / 1 / 2.0× |
archive/prioritizer/TARGET_PRIORITIZER_PRE_PHASE3.md	1231	8.2	0.874	ORPHAN				| **diabetes mellitus** | 968 | 0.679 | 9.2× | **0.874** | 48 / **8** / **41.6×** | 125 / 1 / 2.0× |
archive/prioritizer/TARGET_PRIORITIZER_PRE_PHASE3.md	1231	8.2	41.6	ORPHAN				| **diabetes mellitus** | 968 | 0.679 | 9.2× | **0.874** | 48 / **8** / **41.6×** | 125 / 1 / 2.0× |
archive/prioritizer/TARGET_PRIORITIZER_PRE_PHASE3.md	1231	8.2	2.0	VALUE_ONLY	nb2_splitting_and_pool.py:10.4 diseases below 50%			| **diabetes mellitus** | 968 | 0.679 | 9.2× | **0.874** | 48 / **8** / **41.6×** | 125 / 1 / 2.0× |
archive/prioritizer/TARGET_PRIORITIZER_PRE_PHASE3.md	1232	8.2	0.709	ORPHAN				| obesity disorder | 762 | 0.709 | 9.3× | 0.833 | 30 / **5** / **41.2×** | 128 / 2 / 3.9× |
archive/prioritizer/TARGET_PRIORITIZER_PRE_PHASE3.md	1232	8.2	9.3	ORPHAN				| obesity disorder | 762 | 0.709 | 9.3× | 0.833 | 30 / **5** / **41.2×** | 128 / 2 / 3.9× |
archive/prioritizer/TARGET_PRIORITIZER_PRE_PHASE3.md	1232	8.2	0.833	ORPHAN				| obesity disorder | 762 | 0.709 | 9.3× | 0.833 | 30 / **5** / **41.2×** | 128 / 2 / 3.9× |
archive/prioritizer/TARGET_PRIORITIZER_PRE_PHASE3.md	1232	8.2	41.2	ORPHAN				| obesity disorder | 762 | 0.709 | 9.3× | 0.833 | 30 / **5** / **41.2×** | 128 / 2 / 3.9× |
archive/prioritizer/TARGET_PRIORITIZER_PRE_PHASE3.md	1232	8.2	3.9	ORPHAN				| obesity disorder | 762 | 0.709 | 9.3× | 0.833 | 30 / **5** / **41.2×** | 128 / 2 / 3.9× |
archive/prioritizer/TARGET_PRIORITIZER_PRE_PHASE3.md	1233	8.2	1,081	ORPHAN				| type 2 diabetes mellitus | 1,081 | 0.634 | 4.3× | **0.256** | 62 / 0 / 0 | 202 / 1 / 1.2× |
archive/prioritizer/TARGET_PRIORITIZER_PRE_PHASE3.md	1233	8.2	0.634	ORPHAN				| type 2 diabetes mellitus | 1,081 | 0.634 | 4.3× | **0.256** | 62 / 0 / 0 | 202 / 1 / 1.2× |
archive/prioritizer/TARGET_PRIORITIZER_PRE_PHASE3.md	1233	8.2	4.3	ORPHAN				| type 2 diabetes mellitus | 1,081 | 0.634 | 4.3× | **0.256** | 62 / 0 / 0 | 202 / 1 / 1.2× |
archive/prioritizer/TARGET_PRIORITIZER_PRE_PHASE3.md	1233	8.2	0.256	ORPHAN				| type 2 diabetes mellitus | 1,081 | 0.634 | 4.3× | **0.256** | 62 / 0 / 0 | 202 / 1 / 1.2× |
archive/prioritizer/TARGET_PRIORITIZER_PRE_PHASE3.md	1233	8.2	1.2	ORPHAN				| type 2 diabetes mellitus | 1,081 | 0.634 | 4.3× | **0.256** | 62 / 0 / 0 | 202 / 1 / 1.2× |
archive/prioritizer/TARGET_PRIORITIZER_PRE_PHASE3.md	1234	8.2	0.712	ORPHAN				| chronic kidney disease | 35 | 0.712 | 2.9× | 0.702 | 11 / 0 / 0 | 244 / 1 / **0.4×** |
archive/prioritizer/TARGET_PRIORITIZER_PRE_PHASE3.md	1234	8.2	2.9	ORPHAN				| chronic kidney disease | 35 | 0.712 | 2.9× | 0.702 | 11 / 0 / 0 | 244 / 1 / **0.4×** |
archive/prioritizer/TARGET_PRIORITIZER_PRE_PHASE3.md	1234	8.2	0.702	ORPHAN				| chronic kidney disease | 35 | 0.712 | 2.9× | 0.702 | 11 / 0 / 0 | 244 / 1 / **0.4×** |
archive/prioritizer/TARGET_PRIORITIZER_PRE_PHASE3.md	1234	8.2	0.4	VALUE_ONLY	nb7_panel_selection.py:7.4 breast mean overlap			| chronic kidney disease | 35 | 0.712 | 2.9× | 0.702 | 11 / 0 / 0 | 244 / 1 / **0.4×** |
archive/prioritizer/TARGET_PRIORITIZER_PRE_PHASE3.md	1245	8.2	0.110	ORPHAN		y	hist	> denser for it — is **not** the explanation: Spearman(maturity, axis-preference) = **+0.110**, weak.
archive/prioritizer/TARGET_PRIORITIZER_PRE_PHASE3.md	1254	8.2	41.59	ORPHAN				> | diabetes mellitus | **41.59** | 2.00 | approved |
archive/prioritizer/TARGET_PRIORITIZER_PRE_PHASE3.md	1254	8.2	2.00	VALUE_ONLY	nb2_splitting_and_pool.py:10.4 diseases below 50%			> | diabetes mellitus | **41.59** | 2.00 | approved |
archive/prioritizer/TARGET_PRIORITIZER_PRE_PHASE3.md	1255	8.2	41.21	ORPHAN				> | obesity disorder | **41.21** | 3.86 | approved |
archive/prioritizer/TARGET_PRIORITIZER_PRE_PHASE3.md	1255	8.2	3.86	ORPHAN				> | obesity disorder | **41.21** | 3.86 | approved |
archive/prioritizer/TARGET_PRIORITIZER_PRE_PHASE3.md	1256	8.2	0.00	VALUE_ONLY	nb2_splitting_and_pool.py:5.4 			> | type 2 diabetes | **0.00** | 1.24 | trial |
archive/prioritizer/TARGET_PRIORITIZER_PRE_PHASE3.md	1256	8.2	1.24	ORPHAN				> | type 2 diabetes | **0.00** | 1.24 | trial |
archive/prioritizer/TARGET_PRIORITIZER_PRE_PHASE3.md	1257	8.2	0.00	VALUE_ONLY	nb2_splitting_and_pool.py:5.4 			> | diabetic neuropathy | 0.00 | 0.00 | neither |
archive/prioritizer/TARGET_PRIORITIZER_PRE_PHASE3.md	1259	8.2	20.61	ORPHAN				> The group "median 20.61" is simply the midpoint between two ~41s and two 0s. **The defensible
archive/prioritizer/TARGET_PRIORITIZER_PRE_PHASE3.md	1264	8.2	0.00	VALUE_ONLY	nb2_splitting_and_pool.py:5.4 	y		> prefer approved**, median approved lift 0.00 (zero in 12 of 20 — partly the power problem of §8.3)
archive/prioritizer/TARGET_PRIORITIZER_PRE_PHASE3.md	1265	8.2	5.11	ORPHAN		y		> against median trial lift 5.11. And the largest group, the 36 diseases that are neither, shows **no
archive/prioritizer/TARGET_PRIORITIZER_PRE_PHASE3.md	1266	8.2	0.00	VALUE_ONLY	nb2_splitting_and_pool.py:5.4 		hist	> preference at all** (16 trial, 9 approved, 11 tied, median delta 0.00).
archive/prioritizer/TARGET_PRIORITIZER_PRE_PHASE3.md	1272	8.2	4.3	ORPHAN		y		> **⚠ Type 2 diabetes is the flagship and the weakest disease in the panel** — 4.3× ranking
archive/prioritizer/TARGET_PRIORITIZER_PRE_PHASE3.md	1273	8.2	0.256	ORPHAN		y		> enrichment, 0.256 drug AUC, and no discovery on either bar. Its **parent term, `diabetes mellitus`,
archive/prioritizer/TARGET_PRIORITIZER_PRE_PHASE3.md	1287	8.3	16.9	ASSERTED	nb4_results_three_axes.py:8.3 approved lift@10			| 10 | **16.9×** / 25 | 8.9× / 181 |
archive/prioritizer/TARGET_PRIORITIZER_PRE_PHASE3.md	1287	8.3	8.9	ORPHAN				| 10 | **16.9×** / 25 | 8.9× / 181 |
archive/prioritizer/TARGET_PRIORITIZER_PRE_PHASE3.md	1288	8.3	9.4	ORPHAN				| 50 | 9.4× / 83 | 5.8× / 648 |
archive/prioritizer/TARGET_PRIORITIZER_PRE_PHASE3.md	1288	8.3	5.8	ORPHAN				| 50 | 9.4× / 83 | 5.8× / 648 |
archive/prioritizer/TARGET_PRIORITIZER_PRE_PHASE3.md	1289	8.3	5.0	ASSERTED	nb4_results_three_axes.py:8.3 approved lift@200			| 200 | 5.0× / **192** | 4.1× / **1,801** |
archive/prioritizer/TARGET_PRIORITIZER_PRE_PHASE3.md	1289	8.3	4.1	ORPHAN				| 200 | 5.0× / **192** | 4.1× / **1,801** |
archive/prioritizer/TARGET_PRIORITIZER_PRE_PHASE3.md	1289	8.3	1,801	ORPHAN				| 200 | 5.0× / **192** | 4.1× / **1,801** |
archive/prioritizer/TARGET_PRIORITIZER_PRE_PHASE3.md	1304	8.3	4,110	ORPHAN				| join, approved *(original)* | 4,110 | 1.36 | **16.88** | 5.04 |
archive/prioritizer/TARGET_PRIORITIZER_PRE_PHASE3.md	1304	8.3	1.36	ORPHAN				| join, approved *(original)* | 4,110 | 1.36 | **16.88** | 5.04 |
archive/prioritizer/TARGET_PRIORITIZER_PRE_PHASE3.md	1304	8.3	16.88	ASSERTED	nb4_results_three_axes.py:8.3 approved lift@10			| join, approved *(original)* | 4,110 | 1.36 | **16.88** | 5.04 |
archive/prioritizer/TARGET_PRIORITIZER_PRE_PHASE3.md	1304	8.3	5.04	ASSERTED	nb4_results_three_axes.py:8.3 approved lift@200			| join, approved *(original)* | 4,110 | 1.36 | **16.88** | 5.04 |
archive/prioritizer/TARGET_PRIORITIZER_PRE_PHASE3.md	1305	8.3	0.20	ORPHAN				| join, single-target drugs *(the cautionary row)* | 634 | **0.20** | *0.00 — unmeasurable* | 2.30 |
archive/prioritizer/TARGET_PRIORITIZER_PRE_PHASE3.md	1305	8.3	0.00	VALUE_ONLY	nb2_splitting_and_pool.py:5.4 			| join, single-target drugs *(the cautionary row)* | 634 | **0.20** | *0.00 — unmeasurable* | 2.30 |
archive/prioritizer/TARGET_PRIORITIZER_PRE_PHASE3.md	1305	8.3	2.30	ORPHAN				| join, single-target drugs *(the cautionary row)* | 634 | **0.20** | *0.00 — unmeasurable* | 2.30 |
archive/prioritizer/TARGET_PRIORITIZER_PRE_PHASE3.md	1306	8.3	3,253	ORPHAN				| **`known_drug` ≥ 0.8 (curated, adopted)** | **3,253** | **1.61** | **21.32** | **5.23** |
archive/prioritizer/TARGET_PRIORITIZER_PRE_PHASE3.md	1306	8.3	1.61	ORPHAN				| **`known_drug` ≥ 0.8 (curated, adopted)** | **3,253** | **1.61** | **21.32** | **5.23** |
archive/prioritizer/TARGET_PRIORITIZER_PRE_PHASE3.md	1306	8.3	21.32	ASSERTED	nb4_results_three_axes.py:8.3 curated>=0.8 lift@10			| **`known_drug` ≥ 0.8 (curated, adopted)** | **3,253** | **1.61** | **21.32** | **5.23** |
archive/prioritizer/TARGET_PRIORITIZER_PRE_PHASE3.md	1306	8.3	5.23	ASSERTED	nb4_results_three_axes.py:8.3 curated>=0.8 lift@200			| **`known_drug` ≥ 0.8 (curated, adopted)** | **3,253** | **1.61** | **21.32** | **5.23** |
archive/prioritizer/TARGET_PRIORITIZER_PRE_PHASE3.md	1310	8.3	0.20	ORPHAN				too sparse to see". The single-target restrictions expect **0.20 and 0.11** hits, so their `0.00`
archive/prioritizer/TARGET_PRIORITIZER_PRE_PHASE3.md	1310	8.3	0.11	ORPHAN				too sparse to see". The single-target restrictions expect **0.20 and 0.11** hits, so their `0.00`
archive/prioritizer/TARGET_PRIORITIZER_PRE_PHASE3.md	1310	8.3	0.00	VALUE_ONLY	nb2_splitting_and_pool.py:5.4 			too sparse to see". The single-target restrictions expect **0.20 and 0.11** hits, so their `0.00`
archive/prioritizer/TARGET_PRIORITIZER_PRE_PHASE3.md	1313	8.3	21.3	ASSERTED	nb4_results_three_axes.py:8.3 curated>=0.8 lift@10	y		**Across every adequately-powered variant, head-of-list lift is 6.9–21.3×, with the approved join at
archive/prioritizer/TARGET_PRIORITIZER_PRE_PHASE3.md	1314	8.3	16.9	ASSERTED	nb4_results_three_axes.py:8.3 approved lift@10	y		16.9×.** The curated label gives the *highest* estimate, not the lowest. **Deep-list lift is the robust
archive/prioritizer/TARGET_PRIORITIZER_PRE_PHASE3.md	1315	8.3	5.2	ASSERTED	nb4_results_three_axes.py:8.3 curated>=0.8 lift@200	y		number**: the three carried variants land at 4.1–5.2× on the champion.
archive/prioritizer/TARGET_PRIORITIZER_PRE_PHASE3.md	1318	8.3	4.8	ORPHAN		y		> recomputed on the champion, so the wider seven-variant range quoted before (2.3–4.8× deep-list) no
archive/prioritizer/TARGET_PRIORITIZER_PRE_PHASE3.md	1323	8.3	4,110	ORPHAN				our approved join — **all 4,110 join pairs appear in it** — so OT builds from the same
archive/prioritizer/TARGET_PRIORITIZER_PRE_PHASE3.md	1326	8.3	31.9	ORPHAN				31.9% in [0.6, 0.8), and **74.9% above 0.8**. Thresholding at 0.8 selects pairs with strong clinical
archive/prioritizer/TARGET_PRIORITIZER_PRE_PHASE3.md	1326	8.3	74.9	ORPHAN				31.9% in [0.6, 0.8), and **74.9% above 0.8**. Thresholding at 0.8 selects pairs with strong clinical
archive/prioritizer/TARGET_PRIORITIZER_PRE_PHASE3.md	1327	8.3	1,173	ORPHAN				evidence, keeps 114 diseases and 1,173 novel positives — enough to estimate the head of the list,
archive/prioritizer/TARGET_PRIORITIZER_PRE_PHASE3.md	1335	8.3	2.4	VALUE_ONLY	nb4_results_three_axes.py:8.4 pooled dm lift @200	y		Investigational trades lift for coverage: 2.4× more diseases become measurable and 8× more hits — but
archive/prioritizer/TARGET_PRIORITIZER_PRE_PHASE3.md	1341	8.3	6.8	ORPHAN				379 at 6.8×**. The top novel candidates, with their status:
archive/prioritizer/TARGET_PRIORITIZER_PRE_PHASE3.md	1364	8.4	1,109	ORPHAN				direct assertion that a molecule engages a protein: gene-level, no join, 1,109 of 20,861 genes
archive/prioritizer/TARGET_PRIORITIZER_PRE_PHASE3.md	1364	8.4	20,861	ORPHAN				direct assertion that a molecule engages a protein: gene-level, no join, 1,109 of 20,861 genes
archive/prioritizer/TARGET_PRIORITIZER_PRE_PHASE3.md	1365	8.4	5.3	ORPHAN				(5.3%). It had never been used to evaluate the model.
archive/prioritizer/TARGET_PRIORITIZER_PRE_PHASE3.md	1371	8.4	5.3	ORPHAN				| **demonstrated** | a `drug_protein` edge exists | 5.3% | **2.2% → 14.0%** — strong |
archive/prioritizer/TARGET_PRIORITIZER_PRE_PHASE3.md	1371	8.4	2.2	ORPHAN				| **demonstrated** | a `drug_protein` edge exists | 5.3% | **2.2% → 14.0%** — strong |
archive/prioritizer/TARGET_PRIORITIZER_PRE_PHASE3.md	1371	8.4	14.0	VALUE_ONLY	nb6_interrogation_and_close.py:6.3 HER2+ vs TNBC all-gene overlap			| **demonstrated** | a `drug_protein` edge exists | 5.3% | **2.2% → 14.0%** — strong |
archive/prioritizer/TARGET_PRIORITIZER_PRE_PHASE3.md	1372	8.4	59.9	ORPHAN		y		| **assessed** | an OT tractability bucket is set | 59.9% | 62.4% → 72.9% — mild |
archive/prioritizer/TARGET_PRIORITIZER_PRE_PHASE3.md	1372	8.4	62.4	ORPHAN		y		| **assessed** | an OT tractability bucket is set | 59.9% | 62.4% → 72.9% — mild |
archive/prioritizer/TARGET_PRIORITIZER_PRE_PHASE3.md	1372	8.4	72.9	ORPHAN		y		| **assessed** | an OT tractability bucket is set | 59.9% | 62.4% → 72.9% — mild |
archive/prioritizer/TARGET_PRIORITIZER_PRE_PHASE3.md	1388	8.4	2,285	ORPHAN		y		| **10** | 2,285 | 693 | 3.54× → **3.29×** *(dm lower)* | 3.23× → **3.11×** *(dm lower)* |
archive/prioritizer/TARGET_PRIORITIZER_PRE_PHASE3.md	1388	8.4	3.54	ORPHAN		y		| **10** | 2,285 | 693 | 3.54× → **3.29×** *(dm lower)* | 3.23× → **3.11×** *(dm lower)* |
archive/prioritizer/TARGET_PRIORITIZER_PRE_PHASE3.md	1388	8.4	3.29	ASSERTED	nb4_results_three_axes.py:8.4 pooled dm lift @10	y		| **10** | 2,285 | 693 | 3.54× → **3.29×** *(dm lower)* | 3.23× → **3.11×** *(dm lower)* |
archive/prioritizer/TARGET_PRIORITIZER_PRE_PHASE3.md	1388	8.4	3.23	ORPHAN		y		| **10** | 2,285 | 693 | 3.54× → **3.29×** *(dm lower)* | 3.23× → **3.11×** *(dm lower)* |
archive/prioritizer/TARGET_PRIORITIZER_PRE_PHASE3.md	1388	8.4	3.11	ASSERTED	nb4_results_three_axes.py:8.4 macro dm lift @10	y		| **10** | 2,285 | 693 | 3.54× → **3.29×** *(dm lower)* | 3.23× → **3.11×** *(dm lower)* |
archive/prioritizer/TARGET_PRIORITIZER_PRE_PHASE3.md	1389	8.4	31,475	ORPHAN		y		| **200** | 31,475 | 13,003 | 2.08× → **2.42×** *(dm higher)* | 2.20× → **2.40×** *(dm higher)* |
archive/prioritizer/TARGET_PRIORITIZER_PRE_PHASE3.md	1389	8.4	13,003	ORPHAN		y		| **200** | 31,475 | 13,003 | 2.08× → **2.42×** *(dm higher)* | 2.20× → **2.40×** *(dm higher)* |
archive/prioritizer/TARGET_PRIORITIZER_PRE_PHASE3.md	1389	8.4	2.08	ORPHAN		y		| **200** | 31,475 | 13,003 | 2.08× → **2.42×** *(dm higher)* | 2.20× → **2.40×** *(dm higher)* |
archive/prioritizer/TARGET_PRIORITIZER_PRE_PHASE3.md	1389	8.4	2.42	ASSERTED	nb4_results_three_axes.py:8.4 pooled dm lift @200	y		| **200** | 31,475 | 13,003 | 2.08× → **2.42×** *(dm higher)* | 2.20× → **2.40×** *(dm higher)* |
archive/prioritizer/TARGET_PRIORITIZER_PRE_PHASE3.md	1389	8.4	2.20	ORPHAN		y		| **200** | 31,475 | 13,003 | 2.08× → **2.42×** *(dm higher)* | 2.20× → **2.40×** *(dm higher)* |
archive/prioritizer/TARGET_PRIORITIZER_PRE_PHASE3.md	1389	8.4	2.40	ORPHAN		y		| **200** | 31,475 | 13,003 | 2.08× → **2.42×** *(dm higher)* | 2.20× → **2.40×** *(dm higher)* |
archive/prioritizer/TARGET_PRIORITIZER_PRE_PHASE3.md	1404	8.4	3.06	ORPHAN		y		> *unconditionally*. That rested on putting a **pooled** dm lift (3.06×) next to a **macro** naive lift
archive/prioritizer/TARGET_PRIORITIZER_PRE_PHASE3.md	1405	8.4	2.97	ORPHAN		y		> (2.97×) in the same row — two different estimators, which manufactured the crossover at rank 10.
archive/prioritizer/TARGET_PRIORITIZER_PRE_PHASE3.md	1409	8.4	1.21	ORPHAN		y		`assessed` tractability gives only 1.21–1.30× — expected, since 59.9% of all genes qualify, making it
archive/prioritizer/TARGET_PRIORITIZER_PRE_PHASE3.md	1409	8.4	1.30	ORPHAN		y		`assessed` tractability gives only 1.21–1.30× — expected, since 59.9% of all genes qualify, making it
archive/prioritizer/TARGET_PRIORITIZER_PRE_PHASE3.md	1409	8.4	59.9	ORPHAN		y		`assessed` tractability gives only 1.21–1.30× — expected, since 59.9% of all genes qualify, making it
archive/prioritizer/TARGET_PRIORITIZER_PRE_PHASE3.md	1413	8.4	6.9	ORPHAN				> label is inflated and whose head-of-list estimate moved between 6.9× and 21.3× depending on
archive/prioritizer/TARGET_PRIORITIZER_PRE_PHASE3.md	1413	8.4	21.3	VALUE_ONLY	nb4_results_three_axes.py:8.3 curated>=0.8 lift@10			> label is inflated and whose head-of-list estimate moved between 6.9× and 21.3× depending on
archive/prioritizer/TARGET_PRIORITIZER_PRE_PHASE3.md	1415	8.4	2.4	ASSERTED	nb4_results_three_axes.py:8.4 pooled dm lift @200	y		> control at every K — the degree-matched lift never drops below 2.4×. **~2.4–3.1× above a
archive/prioritizer/TARGET_PRIORITIZER_PRE_PHASE3.md	1415	8.4	3.1	ASSERTED	nb4_results_three_axes.py:8.4 macro dm lift @10	y		> control at every K — the degree-matched lift never drops below 2.4×. **~2.4–3.1× above a
archive/prioritizer/TARGET_PRIORITIZER_PRE_PHASE3.md	1416	8.4	2.9	ORPHAN		y		> degree-matched null** (pooled; **2.4–2.9×** macro) is the number to quote — and the rank-10
archive/prioritizer/TARGET_PRIORITIZER_PRE_PHASE3.md	1425	8.5	1.0	VALUE_ONLY	nb1_features_and_config.py:6.1 highest |rho| vs degree	y		The stated prediction for §8.4 was that the head would show a tractability **deficit** (≤1.0×),
archive/prioritizer/TARGET_PRIORITIZER_PRE_PHASE3.md	1433	8.5	0.93	ORPHAN				| mean excess | **−0.93 pp** |
archive/prioritizer/TARGET_PRIORITIZER_PRE_PHASE3.md	1434	8.5	3.78	ORPHAN				| median excess | **−3.78 pp** |
archive/prioritizer/TARGET_PRIORITIZER_PRE_PHASE3.md	1445	8.5	2.8	ORPHAN		y		highly is arguably correct. Their demonstrated-tractability lift is correspondingly low (0.0–2.8×),
archive/prioritizer/TARGET_PRIORITIZER_PRE_PHASE3.md	1453	8.5	2.19	ORPHAN				| chronic kidney disease | +2.19 pp | 3.19× |
archive/prioritizer/TARGET_PRIORITIZER_PRE_PHASE3.md	1453	8.5	3.19	ORPHAN				| chronic kidney disease | +2.19 pp | 3.19× |
archive/prioritizer/TARGET_PRIORITIZER_PRE_PHASE3.md	1454	8.5	2.13	ORPHAN				| type 2 diabetes | +2.13 pp | 1.96× |
archive/prioritizer/TARGET_PRIORITIZER_PRE_PHASE3.md	1454	8.5	1.96	ORPHAN				| type 2 diabetes | +2.13 pp | 1.96× |
archive/prioritizer/TARGET_PRIORITIZER_PRE_PHASE3.md	1455	8.5	1.71	ORPHAN				| diabetes mellitus | +1.71 pp | 2.78× |
archive/prioritizer/TARGET_PRIORITIZER_PRE_PHASE3.md	1455	8.5	2.78	ORPHAN				| diabetes mellitus | +1.71 pp | 2.78× |
archive/prioritizer/TARGET_PRIORITIZER_PRE_PHASE3.md	1456	8.5	0.16	ORPHAN				| **obesity disorder** | **−0.16 pp** | **3.53×** |
archive/prioritizer/TARGET_PRIORITIZER_PRE_PHASE3.md	1456	8.5	3.53	ORPHAN				| **obesity disorder** | **−0.16 pp** | **3.53×** |
archive/prioritizer/TARGET_PRIORITIZER_PRE_PHASE3.md	1457	8.5	3.91	ORPHAN				| lung adenocarcinoma | −3.91 pp | 1.92× |
archive/prioritizer/TARGET_PRIORITIZER_PRE_PHASE3.md	1457	8.5	1.92	ORPHAN				| lung adenocarcinoma | −3.91 pp | 1.92× |
archive/prioritizer/TARGET_PRIORITIZER_PRE_PHASE3.md	1458	8.5	3.93	ORPHAN				| non-small cell lung carcinoma | −3.93 pp | 1.95× |
archive/prioritizer/TARGET_PRIORITIZER_PRE_PHASE3.md	1458	8.5	1.95	ORPHAN				| non-small cell lung carcinoma | −3.93 pp | 1.95× |
archive/prioritizer/TARGET_PRIORITIZER_PRE_PHASE3.md	1459	8.5	6.40	ORPHAN				| lung cancer | **−6.40 pp** | **4.18×** |
archive/prioritizer/TARGET_PRIORITIZER_PRE_PHASE3.md	1459	8.5	4.18	ORPHAN				| lung cancer | **−6.40 pp** | **4.18×** |
archive/prioritizer/TARGET_PRIORITIZER_PRE_PHASE3.md	1486	8.6	0.1253	ORPHAN		y		| P(demonstrated tractable \| assessed tractable) | **0.1253** |
archive/prioritizer/TARGET_PRIORITIZER_PRE_PHASE3.md	1487	8.6	0.0007	ORPHAN		y		| P(demonstrated tractable \| **not** assessed tractable) | **0.0007** |
archive/prioritizer/TARGET_PRIORITIZER_PRE_PHASE3.md	1498	8.6	1.60	ORPHAN				| **`known_drug ≥ 0.8` (curated standard)** | **1.60×** | **99.5%** | 72.6% |
archive/prioritizer/TARGET_PRIORITIZER_PRE_PHASE3.md	1498	8.6	99.5	ORPHAN				| **`known_drug ≥ 0.8` (curated standard)** | **1.60×** | **99.5%** | 72.6% |
archive/prioritizer/TARGET_PRIORITIZER_PRE_PHASE3.md	1498	8.6	72.6	ORPHAN				| **`known_drug ≥ 0.8` (curated standard)** | **1.60×** | **99.5%** | 72.6% |
archive/prioritizer/TARGET_PRIORITIZER_PRE_PHASE3.md	1499	8.6	1.61	ORPHAN				| approved join | 1.61× | 100.0% | 73.0% |
archive/prioritizer/TARGET_PRIORITIZER_PRE_PHASE3.md	1499	8.6	100.0	ORPHAN				| approved join | 1.61× | 100.0% | 73.0% |
archive/prioritizer/TARGET_PRIORITIZER_PRE_PHASE3.md	1499	8.6	73.0	ORPHAN				| approved join | 1.61× | 100.0% | 73.0% |
archive/prioritizer/TARGET_PRIORITIZER_PRE_PHASE3.md	1500	8.6	1.61	ORPHAN				| investigational | 1.61× | 99.6% | 66.4% |
archive/prioritizer/TARGET_PRIORITIZER_PRE_PHASE3.md	1500	8.6	99.6	ORPHAN				| investigational | 1.61× | 99.6% | 66.4% |
archive/prioritizer/TARGET_PRIORITIZER_PRE_PHASE3.md	1500	8.6	66.4	ORPHAN				| investigational | 1.61× | 99.6% | 66.4% |
archive/prioritizer/TARGET_PRIORITIZER_PRE_PHASE3.md	1501	8.6	1.47	ORPHAN		y		| *tractability [circular]* | *1.47×* | *91.0%* | *62.8%* |
archive/prioritizer/TARGET_PRIORITIZER_PRE_PHASE3.md	1501	8.6	91.0	ORPHAN		y		| *tractability [circular]* | *1.47×* | *91.0%* | *62.8%* |
archive/prioritizer/TARGET_PRIORITIZER_PRE_PHASE3.md	1501	8.6	62.8	ORPHAN		y		| *tractability [circular]* | *1.47×* | *91.0%* | *62.8%* |
archive/prioritizer/TARGET_PRIORITIZER_PRE_PHASE3.md	1504	8.6	1.60	ORPHAN		y		undermined the discovery numbers** — the curated label gives 1.60× / 99.5%, statistically identical to
archive/prioritizer/TARGET_PRIORITIZER_PRE_PHASE3.md	1504	8.6	99.5	ORPHAN		y		undermined the discovery numbers** — the curated label gives 1.60× / 99.5%, statistically identical to
archive/prioritizer/TARGET_PRIORITIZER_PRE_PHASE3.md	1505	8.6	1.61	ORPHAN		y		the inflated join's 1.61% / 100%. That is expected: the filter is judged on recall across the whole
archive/prioritizer/TARGET_PRIORITIZER_PRE_PHASE3.md	1507	8.6	99.5	ORPHAN		y		§8.3's lift. Second, **clause 4's damage reproduces on the curated label** (recall 99.5% → 72.6%), so
archive/prioritizer/TARGET_PRIORITIZER_PRE_PHASE3.md	1507	8.6	72.6	ORPHAN		y		§8.3's lift. Second, **clause 4's damage reproduces on the curated label** (recall 99.5% → 72.6%), so
archive/prioritizer/TARGET_PRIORITIZER_PRE_PHASE3.md	1533	8.7	2.9	ORPHAN		y		— and CKD's 2% is **2.9×**, the worst. The criterion rewarded the worst ranking, rejected the best,
archive/prioritizer/TARGET_PRIORITIZER_PRE_PHASE3.md	1541	8.7	0.75	VALUE_ONLY	nb2_splitting_and_pool.py:5.2.1 approved join auc_supported	y		| association AUC ≥ 0.75 | 483 |
archive/prioritizer/TARGET_PRIORITIZER_PRE_PHASE3.md	1555	8.7	41.6	ORPHAN				| diabetes mellitus 41.6× · obesity 41.2× · psoriatic arthritis 40.7× · acute lymphoblastic leukemia 28.6× · *
archive/prioritizer/TARGET_PRIORITIZER_PRE_PHASE3.md	1555	8.7	41.2	ORPHAN				| diabetes mellitus 41.6× · obesity 41.2× · psoriatic arthritis 40.7× · acute lymphoblastic leukemia 28.6× · *
archive/prioritizer/TARGET_PRIORITIZER_PRE_PHASE3.md	1555	8.7	40.7	ORPHAN				| diabetes mellitus 41.6× · obesity 41.2× · psoriatic arthritis 40.7× · acute lymphoblastic leukemia 28.6× · *
archive/prioritizer/TARGET_PRIORITIZER_PRE_PHASE3.md	1555	8.7	28.6	ORPHAN				| diabetes mellitus 41.6× · obesity 41.2× · psoriatic arthritis 40.7× · acute lymphoblastic leukemia 28.6× · *
archive/prioritizer/TARGET_PRIORITIZER_PRE_PHASE3.md	1555	8.7	20.1	ORPHAN				| diabetes mellitus 41.6× · obesity 41.2× · psoriatic arthritis 40.7× · acute lymphoblastic leukemia 28.6× · *
archive/prioritizer/TARGET_PRIORITIZER_PRE_PHASE3.md	1555	8.7	17.0	VALUE_ONLY	nb7_panel_selection.py:7.1 cvrm usable			| diabetes mellitus 41.6× · obesity 41.2× · psoriatic arthritis 40.7× · acute lymphoblastic leukemia 28.6× · *
archive/prioritizer/TARGET_PRIORITIZER_PRE_PHASE3.md	1555	8.7	16.6	ORPHAN				| diabetes mellitus 41.6× · obesity 41.2× · psoriatic arthritis 40.7× · acute lymphoblastic leukemia 28.6× · *
archive/prioritizer/TARGET_PRIORITIZER_PRE_PHASE3.md	1555	8.7	38.5	ORPHAN				| diabetes mellitus 41.6× · obesity 41.2× · psoriatic arthritis 40.7× · acute lymphoblastic leukemia 28.6× · *
archive/prioritizer/TARGET_PRIORITIZER_PRE_PHASE3.md	1555	8.7	34.4	ORPHAN				| diabetes mellitus 41.6× · obesity 41.2× · psoriatic arthritis 40.7× · acute lymphoblastic leukemia 28.6× · *
archive/prioritizer/TARGET_PRIORITIZER_PRE_PHASE3.md	1555	8.7	30.6	ORPHAN				| diabetes mellitus 41.6× · obesity 41.2× · psoriatic arthritis 40.7× · acute lymphoblastic leukemia 28.6× · *
archive/prioritizer/TARGET_PRIORITIZER_PRE_PHASE3.md	1555	8.7	27.5	ORPHAN				| diabetes mellitus 41.6× · obesity 41.2× · psoriatic arthritis 40.7× · acute lymphoblastic leukemia 28.6× · *
archive/prioritizer/TARGET_PRIORITIZER_PRE_PHASE3.md	1555	8.7	28.1	ORPHAN				| diabetes mellitus 41.6× · obesity 41.2× · psoriatic arthritis 40.7× · acute lymphoblastic leukemia 28.6× · *
archive/prioritizer/TARGET_PRIORITIZER_PRE_PHASE3.md	1555	8.7	22.3	ORPHAN				| diabetes mellitus 41.6× · obesity 41.2× · psoriatic arthritis 40.7× · acute lymphoblastic leukemia 28.6× · *
archive/prioritizer/TARGET_PRIORITIZER_PRE_PHASE3.md	1557	8.7	29.0	VALUE_ONLY	nb7_panel_selection.py:7.2 heme terms	y		Also outstanding on *both*: **myelofibrosis** (ranking 29.0×, drug AUC 0.96, approved 67.0×, JAK2 at
archive/prioritizer/TARGET_PRIORITIZER_PRE_PHASE3.md	1557	8.7	0.96	ORPHAN		y		Also outstanding on *both*: **myelofibrosis** (ranking 29.0×, drug AUC 0.96, approved 67.0×, JAK2 at
archive/prioritizer/TARGET_PRIORITIZER_PRE_PHASE3.md	1557	8.7	67.0	ORPHAN		y		Also outstanding on *both*: **myelofibrosis** (ranking 29.0×, drug AUC 0.96, approved 67.0×, JAK2 at
archive/prioritizer/TARGET_PRIORITIZER_PRE_PHASE3.md	1559	8.7	0.99	ORPHAN		y		polycythemia vera** (JAK2 at #3), **GIST** (drug AUC 0.99), **anaplastic large cell lymphoma** (drug
archive/prioritizer/TARGET_PRIORITIZER_PRE_PHASE3.md	1560	8.7	1.00	VALUE_ONLY	nb6_interrogation_and_close.py:6.2 ERBB2 carries a liability flag	y		AUC 1.00).
archive/prioritizer/TARGET_PRIORITIZER_PRE_PHASE3.md	1568	8.7	2.9	ORPHAN		y		3. **Drop CKD** — below chance on discovery, 2.9× ranking. Its SLC-transporter list is biologically
archive/prioritizer/TARGET_PRIORITIZER_PRE_PHASE3.md	1571	8.7	40.7	ORPHAN				or psoriatic arthritis (40.7× approved). Both break an all-oncology-plus-metabolic panel.
archive/prioritizer/TARGET_PRIORITIZER_PRE_PHASE3.md	1579	8.8	13,126	ORPHAN				**699 of 13,126** (5.33 percentile, score 0.889) and is predicted negative at the F1 threshold.
archive/prioritizer/TARGET_PRIORITIZER_PRE_PHASE3.md	1579	8.8	5.33	ORPHAN				**699 of 13,126** (5.33 percentile, score 0.889) and is predicted negative at the F1 threshold.
archive/prioritizer/TARGET_PRIORITIZER_PRE_PHASE3.md	1579	8.8	0.889	ORPHAN				**699 of 13,126** (5.33 percentile, score 0.889) and is predicted negative at the F1 threshold.
archive/prioritizer/TARGET_PRIORITIZER_PRE_PHASE3.md	1585	8.8	0.0205	ORPHAN				| GCG (ligand) | 37 | **13** | 0.0205 | 0 |
archive/prioritizer/TARGET_PRIORITIZER_PRE_PHASE3.md	1586	8.8	0.0180	ORPHAN				| IAPP (ligand) | **16** | **7** | 0.0180 | 0 |
archive/prioritizer/TARGET_PRIORITIZER_PRE_PHASE3.md	1587	8.8	0.0039	ORPHAN				| GLP1R (receptor) | **28** | **3** | 0.0039 | **1** |
archive/prioritizer/TARGET_PRIORITIZER_PRE_PHASE3.md	1597	8.8	1,113	ORPHAN				CALCR #1,113. For *this pathway* the model finds the right mechanism and not the right druggable node.
archive/prioritizer/TARGET_PRIORITIZER_PRE_PHASE3.md	1600	8.8	3.78	ORPHAN				> average **under**-represented at the head (median −3.78 pp), obesity itself shows **no** secreted
archive/prioritizer/TARGET_PRIORITIZER_PRE_PHASE3.md	1601	8.8	0.16	ORPHAN		y		> excess (−0.16 pp), and obesity's degree-matched tractability enrichment is **3.53×** — second best
archive/prioritizer/TARGET_PRIORITIZER_PRE_PHASE3.md	1601	8.8	3.53	ORPHAN		y		> excess (−0.16 pp), and obesity's degree-matched tractability enrichment is **3.53×** — second best
archive/prioritizer/TARGET_PRIORITIZER_PRE_PHASE3.md	1605	8.8	13,126	ORPHAN				**Movement across the rebuild, and how to read it.** Same model generation, same 13,126 pool:
archive/prioritizer/TARGET_PRIORITIZER_PRE_PHASE3.md	1620	8.8	58.8	ORPHAN				population changes (58.8% of diseases moved split in the 2026-08-17 rebuild). One consequence for the demo: th
archive/prioritizer/TARGET_PRIORITIZER_PRE_PHASE3.md	1646	8.9	4.5	ORPHAN				| **Curated safety liabilities** | adverse events, dose dependence | **4.5% flagged** | **display only** (§10.
archive/prioritizer/TARGET_PRIORITIZER_PRE_PHASE3.md	1649	8.9	88.2	ORPHAN				The two independent localization sources agree 88.2% on membrane and 95.6% on secreted; where they
archive/prioritizer/TARGET_PRIORITIZER_PRE_PHASE3.md	1649	8.9	95.6	ORPHAN				The two independent localization sources agree 88.2% on membrane and 95.6% on secreted; where they
archive/prioritizer/TARGET_PRIORITIZER_PRE_PHASE3.md	1686	8.10	76,465	ORPHAN				76,465 rows over 7 diseases to **129,253 over 13**.
archive/prioritizer/TARGET_PRIORITIZER_PRE_PHASE3.md	1686	8.10	129,253	ORPHAN				76,465 rows over 7 diseases to **129,253 over 13**.
archive/prioritizer/TARGET_PRIORITIZER_PRE_PHASE3.md	1690	8.10	2.44	ORPHAN				in the direction that matters: HER2+ sees 46 hits against 2.44 expected, overwhelming regardless of how
archive/prioritizer/TARGET_PRIORITIZER_PRE_PHASE3.md	1695	8.10	12,272	ORPHAN				| HER2 positive breast carcinoma | 12,272 | 599 | **0.93 (0.92–0.95)** | 46 vs 2.44 | significant |
archive/prioritizer/TARGET_PRIORITIZER_PRE_PHASE3.md	1695	8.10	0.93	ORPHAN				| HER2 positive breast carcinoma | 12,272 | 599 | **0.93 (0.92–0.95)** | 46 vs 2.44 | significant |
archive/prioritizer/TARGET_PRIORITIZER_PRE_PHASE3.md	1695	8.10	0.92	ORPHAN				| HER2 positive breast carcinoma | 12,272 | 599 | **0.93 (0.92–0.95)** | 46 vs 2.44 | significant |
archive/prioritizer/TARGET_PRIORITIZER_PRE_PHASE3.md	1695	8.10	0.95	ORPHAN				| HER2 positive breast carcinoma | 12,272 | 599 | **0.93 (0.92–0.95)** | 46 vs 2.44 | significant |
archive/prioritizer/TARGET_PRIORITIZER_PRE_PHASE3.md	1695	8.10	2.44	ORPHAN				| HER2 positive breast carcinoma | 12,272 | 599 | **0.93 (0.92–0.95)** | 46 vs 2.44 | significant |
archive/prioritizer/TARGET_PRIORITIZER_PRE_PHASE3.md	1696	8.10	13,290	ORPHAN				| breast carcinoma *(umbrella)* | 13,290 | 864 | 0.86 (0.84–0.87) | 49 vs 3.25 | significant |
archive/prioritizer/TARGET_PRIORITIZER_PRE_PHASE3.md	1696	8.10	0.86	ORPHAN				| breast carcinoma *(umbrella)* | 13,290 | 864 | 0.86 (0.84–0.87) | 49 vs 3.25 | significant |
archive/prioritizer/TARGET_PRIORITIZER_PRE_PHASE3.md	1696	8.10	0.84	ORPHAN				| breast carcinoma *(umbrella)* | 13,290 | 864 | 0.86 (0.84–0.87) | 49 vs 3.25 | significant |
archive/prioritizer/TARGET_PRIORITIZER_PRE_PHASE3.md	1696	8.10	0.87	ORPHAN				| breast carcinoma *(umbrella)* | 13,290 | 864 | 0.86 (0.84–0.87) | 49 vs 3.25 | significant |
archive/prioritizer/TARGET_PRIORITIZER_PRE_PHASE3.md	1696	8.10	3.25	ORPHAN				| breast carcinoma *(umbrella)* | 13,290 | 864 | 0.86 (0.84–0.87) | 49 vs 3.25 | significant |
archive/prioritizer/TARGET_PRIORITIZER_PRE_PHASE3.md	1697	8.10	8,157	ORPHAN				| luminal A breast carcinoma | 8,157 | 101 | 0.85 (0.81–0.90) | 12 vs 0.62 | significant |
archive/prioritizer/TARGET_PRIORITIZER_PRE_PHASE3.md	1697	8.10	0.85	ORPHAN				| luminal A breast carcinoma | 8,157 | 101 | 0.85 (0.81–0.90) | 12 vs 0.62 | significant |
archive/prioritizer/TARGET_PRIORITIZER_PRE_PHASE3.md	1697	8.10	0.81	ORPHAN				| luminal A breast carcinoma | 8,157 | 101 | 0.85 (0.81–0.90) | 12 vs 0.62 | significant |
archive/prioritizer/TARGET_PRIORITIZER_PRE_PHASE3.md	1697	8.10	0.90	ORPHAN				| luminal A breast carcinoma | 8,157 | 101 | 0.85 (0.81–0.90) | 12 vs 0.62 | significant |
archive/prioritizer/TARGET_PRIORITIZER_PRE_PHASE3.md	1697	8.10	0.62	ORPHAN				| luminal A breast carcinoma | 8,157 | 101 | 0.85 (0.81–0.90) | 12 vs 0.62 | significant |
archive/prioritizer/TARGET_PRIORITIZER_PRE_PHASE3.md	1698	8.10	2,563	ORPHAN				| triple-negative breast carcinoma | 2,563 | **8** | 0.93 (0.81–**1.05**) | 2 vs 0.16 | **significant but frag
archive/prioritizer/TARGET_PRIORITIZER_PRE_PHASE3.md	1698	8.10	0.93	ORPHAN				| triple-negative breast carcinoma | 2,563 | **8** | 0.93 (0.81–**1.05**) | 2 vs 0.16 | **significant but frag
archive/prioritizer/TARGET_PRIORITIZER_PRE_PHASE3.md	1698	8.10	0.81	ORPHAN				| triple-negative breast carcinoma | 2,563 | **8** | 0.93 (0.81–**1.05**) | 2 vs 0.16 | **significant but frag
archive/prioritizer/TARGET_PRIORITIZER_PRE_PHASE3.md	1698	8.10	1.05	ORPHAN				| triple-negative breast carcinoma | 2,563 | **8** | 0.93 (0.81–**1.05**) | 2 vs 0.16 | **significant but frag
archive/prioritizer/TARGET_PRIORITIZER_PRE_PHASE3.md	1698	8.10	0.16	ORPHAN				| triple-negative breast carcinoma | 2,563 | **8** | 0.93 (0.81–**1.05**) | 2 vs 0.16 | **significant but frag
archive/prioritizer/TARGET_PRIORITIZER_PRE_PHASE3.md	1699	8.10	9,067	ORPHAN				| breast cancer *(parent term)* | 9,067 | 138 | **0.69** (0.64–0.74) | 20 vs 0.76 | significant |
archive/prioritizer/TARGET_PRIORITIZER_PRE_PHASE3.md	1699	8.10	0.69	VALUE_ONLY	nb2_splitting_and_pool.py:5.2.1 approved join auc_all			| breast cancer *(parent term)* | 9,067 | 138 | **0.69** (0.64–0.74) | 20 vs 0.76 | significant |
archive/prioritizer/TARGET_PRIORITIZER_PRE_PHASE3.md	1699	8.10	0.64	ORPHAN				| breast cancer *(parent term)* | 9,067 | 138 | **0.69** (0.64–0.74) | 20 vs 0.76 | significant |
archive/prioritizer/TARGET_PRIORITIZER_PRE_PHASE3.md	1699	8.10	0.74	ORPHAN				| breast cancer *(parent term)* | 9,067 | 138 | **0.69** (0.64–0.74) | 20 vs 0.76 | significant |
archive/prioritizer/TARGET_PRIORITIZER_PRE_PHASE3.md	1699	8.10	0.76	ORPHAN				| breast cancer *(parent term)* | 9,067 | 138 | **0.69** (0.64–0.74) | 20 vs 0.76 | significant |
archive/prioritizer/TARGET_PRIORITIZER_PRE_PHASE3.md	1720	8.10	2,563	ORPHAN		y		2. **PARP1 at rank 331 of 2,563**, while its substrate pathway occupies the top 20. PARP inhibition is
archive/prioritizer/TARGET_PRIORITIZER_PRE_PHASE3.md	1725	8.10	0.90	ORPHAN		y		score of **0.90** for this disease, i.e. it is one of only two pairs the therapeutic label asserts
archive/prioritizer/TARGET_PRIORITIZER_PRE_PHASE3.md	1731	8.10	1.04	ORPHAN			hist	**1.04%** of diseases. See §5.2.1 and §10.4 for the corrected scope of this problem.
archive/prioritizer/TARGET_PRIORITIZER_PRE_PHASE3.md	1754	9	21,308,578	ORPHAN				| `12 Features - assembly` | 4 | *not shown* | pair spine → 18-input join → feature table (21,308,578 rows) |
archive/prioritizer/TARGET_PRIORITIZER_PRE_PHASE3.md	1796	9.1	129,253	ORPHAN		y		| **Q1** | *"Show me the list."* | `50`, `60` | 129,253 ranked rows; obesity → 65 candidates on the scientist'
archive/prioritizer/TARGET_PRIORITIZER_PRE_PHASE3.md	1797	9.1	2.9	ORPHAN		y		| **Q2** | *"These are just the famous genes."* | `41` | degree-matched tractability **2.4–2.9×**; strengthens
archive/prioritizer/TARGET_PRIORITIZER_PRE_PHASE3.md	1798	9.1	16.9	VALUE_ONLY	nb4_results_three_axes.py:8.3 approved lift@10	y		| **Q3** | *"You already knew all of these."* | `41` | novel-discovery **16.9×** at top-10 approved; **MAPK3 n
archive/prioritizer/TARGET_PRIORITIZER_PRE_PHASE3.md	1800	9.1	0.8230	VALUE_ONLY	nb3_validation_and_plots.py:10.1 macro per-disease AUC	y		| **Q5** | *"Would this work on a disease you had not tuned?"* | `40`, `42`, `43`, and `30` | macro AUC **0.82
archive/prioritizer/TARGET_PRIORITIZER_PRE_PHASE3.md	1800	9.1	0.8009	VALUE_ONLY	nb3_validation_and_plots.py:7.3 per-family macro AUC	y		| **Q5** | *"Would this work on a disease you had not tuned?"* | `40`, `42`, `43`, and `30` | macro AUC **0.82
archive/prioritizer/TARGET_PRIORITIZER_PRE_PHASE3.md	1840	10.1	0.02	ORPHAN				Rebuilt end to end on the shared graph 2026-08-17 against a **±0.02** tolerance set in advance.
archive/prioritizer/TARGET_PRIORITIZER_PRE_PHASE3.md	1841	10.1	0.01	ORPHAN		y		**Every one of six metrics landed inside ±0.01** — largest movement −0.0084 (per-family), headline
archive/prioritizer/TARGET_PRIORITIZER_PRE_PHASE3.md	1841	10.1	0.0084	ORPHAN		y		**Every one of six metrics landed inside ±0.01** — largest movement −0.0084 (per-family), headline
archive/prioritizer/TARGET_PRIORITIZER_PRE_PHASE3.md	1842	10.1	0.8228	ORPHAN		y	hist	macro per-disease AUC **0.8228 → 0.8197**. The full grid is in `reference_baseline.json`.
archive/prioritizer/TARGET_PRIORITIZER_PRE_PHASE3.md	1842	10.1	0.8197	ORPHAN		y	hist	macro per-disease AUC **0.8228 → 0.8197**. The full grid is in `reference_baseline.json`.
archive/prioritizer/TARGET_PRIORITIZER_PRE_PHASE3.md	1844	10.1	6,754,128	VALUE_ONLY	nb2_splitting_and_pool.py:5.2 pool rows			**The candidate pool is bit-identical** (6,754,128 both sides), so only the split *allocation* changed:
archive/prioritizer/TARGET_PRIORITIZER_PRE_PHASE3.md	1845	10.1	18.8	ORPHAN		y		train shrank 18.8% and the champion held its accuracy. Two movement sources were separated in advance —
archive/prioritizer/TARGET_PRIORITIZER_PRE_PHASE3.md	1846	10.1	0.03	ORPHAN				graph drift is 0.03% of edges, all functional-annotation; the split reshuffle moved 58.8% of diseases
archive/prioritizer/TARGET_PRIORITIZER_PRE_PHASE3.md	1846	10.1	58.8	ORPHAN				graph drift is 0.03% of edges, all functional-annotation; the split reshuffle moved 58.8% of diseases
archive/prioritizer/TARGET_PRIORITIZER_PRE_PHASE3.md	1847	10.1	0.0049	ORPHAN				and was estimated at +0.0049. The observed −0.0031 is *smaller* than that estimate, so the two partly
archive/prioritizer/TARGET_PRIORITIZER_PRE_PHASE3.md	1847	10.1	0.0031	ORPHAN				and was estimated at +0.0049. The observed −0.0031 is *smaller* than that estimate, so the two partly
archive/prioritizer/TARGET_PRIORITIZER_PRE_PHASE3.md	1848	10.1	0.8197	ORPHAN				cancel. **Metric cross-validation holds:** visual chain and code recipe both give 0.8197, max
archive/prioritizer/TARGET_PRIORITIZER_PRE_PHASE3.md	1849	10.1	1.9	VALUE_ONLY	nb2_splitting_and_pool.py:5.2 pool positive rate %			difference 1.9×10⁻⁴.
archive/prioritizer/TARGET_PRIORITIZER_PRE_PHASE3.md	1862	10.2	0.78	VALUE_ONLY	nb6_interrogation_and_close.py:6.1 membrane receptor assoc_lift	y		lift of **0.78 (depleted)** and a drug-target lift of **3.16×**; antibody-tractability's 0.98
archive/prioritizer/TARGET_PRIORITIZER_PRE_PHASE3.md	1862	10.2	3.16	VALUE_ONLY	nb6_interrogation_and_close.py:6.1 membrane receptor drug_lift	y		lift of **0.78 (depleted)** and a drug-target lift of **3.16×**; antibody-tractability's 0.98
archive/prioritizer/TARGET_PRIORITIZER_PRE_PHASE3.md	1862	10.2	0.98	ORPHAN		y		lift of **0.78 (depleted)** and a drug-target lift of **3.16×**; antibody-tractability's 0.98
archive/prioritizer/TARGET_PRIORITIZER_PRE_PHASE3.md	1868	10.2	0.98	ORPHAN		y		| antibody-tractable | 0.98 — no signal | 1.39× |
archive/prioritizer/TARGET_PRIORITIZER_PRE_PHASE3.md	1868	10.2	1.39	ORPHAN		y		| antibody-tractable | 0.98 — no signal | 1.39× |
archive/prioritizer/TARGET_PRIORITIZER_PRE_PHASE3.md	1869	10.2	1.23	ORPHAN		y		| small-molecule tractable | 1.23 | 2.21× |
archive/prioritizer/TARGET_PRIORITIZER_PRE_PHASE3.md	1869	10.2	2.21	ORPHAN		y		| small-molecule tractable | 1.23 | 2.21× |
archive/prioritizer/TARGET_PRIORITIZER_PRE_PHASE3.md	1870	10.2	0.78	VALUE_ONLY	nb6_interrogation_and_close.py:6.1 membrane receptor assoc_lift			| **`Membrane receptor`** | **0.78 — depleted** | **3.16×** |
archive/prioritizer/TARGET_PRIORITIZER_PRE_PHASE3.md	1870	10.2	3.16	VALUE_ONLY	nb6_interrogation_and_close.py:6.1 membrane receptor drug_lift			| **`Membrane receptor`** | **0.78 — depleted** | **3.16×** |
archive/prioritizer/TARGET_PRIORITIZER_PRE_PHASE3.md	1871	10.2	1.60	ORPHAN				| `Ion channel` | 1.60 | 11.9× |
archive/prioritizer/TARGET_PRIORITIZER_PRE_PHASE3.md	1871	10.2	11.9	VALUE_ONLY	nb6_interrogation_and_close.py:6.1 ion channel drug_lift			| `Ion channel` | 1.60 | 11.9× |
archive/prioritizer/TARGET_PRIORITIZER_PRE_PHASE3.md	1872	10.2	1.45	ORPHAN				| `Structural protein` | 1.45 | 12.3× |
archive/prioritizer/TARGET_PRIORITIZER_PRE_PHASE3.md	1872	10.2	12.3	ORPHAN				| `Structural protein` | 1.45 | 12.3× |
archive/prioritizer/TARGET_PRIORITIZER_PRE_PHASE3.md	1873	10.2	0.90	ORPHAN				| `Secreted protein` | 0.90 | 0.26× |
archive/prioritizer/TARGET_PRIORITIZER_PRE_PHASE3.md	1873	10.2	0.26	ORPHAN				| `Secreted protein` | 0.90 | 0.26× |
archive/prioritizer/TARGET_PRIORITIZER_PRE_PHASE3.md	1886	10.2	0.35	ORPHAN				| < 0.35 *(intolerant)* | **1.37×** | 2.07× |
archive/prioritizer/TARGET_PRIORITIZER_PRE_PHASE3.md	1886	10.2	1.37	VALUE_ONLY	nb6_interrogation_and_close.py:6.1 lof_intolerant drug_lift			| < 0.35 *(intolerant)* | **1.37×** | 2.07× |
archive/prioritizer/TARGET_PRIORITIZER_PRE_PHASE3.md	1886	10.2	2.07	VALUE_ONLY	nb6_interrogation_and_close.py:6.1 lof_intolerant assoc_lift			| < 0.35 *(intolerant)* | **1.37×** | 2.07× |
archive/prioritizer/TARGET_PRIORITIZER_PRE_PHASE3.md	1887	10.2	0.35	ORPHAN				| 0.35 – 0.7 | 1.33× | 1.36× |
archive/prioritizer/TARGET_PRIORITIZER_PRE_PHASE3.md	1887	10.2	1.33	ORPHAN				| 0.35 – 0.7 | 1.33× | 1.36× |
archive/prioritizer/TARGET_PRIORITIZER_PRE_PHASE3.md	1887	10.2	1.36	ORPHAN				| 0.35 – 0.7 | 1.33× | 1.36× |
archive/prioritizer/TARGET_PRIORITIZER_PRE_PHASE3.md	1888	10.2	0.94	VALUE_ONLY	nb4_results_three_axes.py:8.10 HER2+ AUC			| 0.7 – 1.0 | 0.94× | 0.87× |
archive/prioritizer/TARGET_PRIORITIZER_PRE_PHASE3.md	1888	10.2	0.87	ORPHAN				| 0.7 – 1.0 | 0.94× | 0.87× |
archive/prioritizer/TARGET_PRIORITIZER_PRE_PHASE3.md	1889	10.2	0.80	VALUE_ONLY	nb3_validation_and_plots.py:7.3 per-family macro AUC			| 1.0 – 1.5 | 0.80× | 0.60× |
archive/prioritizer/TARGET_PRIORITIZER_PRE_PHASE3.md	1889	10.2	0.60	ORPHAN				| 1.0 – 1.5 | 0.80× | 0.60× |
archive/prioritizer/TARGET_PRIORITIZER_PRE_PHASE3.md	1890	10.2	0.62	ORPHAN				| > 1.5 *(tolerant)* | **0.62×** | 0.40× |
archive/prioritizer/TARGET_PRIORITIZER_PRE_PHASE3.md	1890	10.2	0.40	ORPHAN				| > 1.5 *(tolerant)* | **0.62×** | 0.40× |
archive/prioritizer/TARGET_PRIORITIZER_PRE_PHASE3.md	1893	10.2	4.62	VALUE_ONLY	nb6_interrogation_and_close.py:6.1 liability drug_lift			drugging — and a drug is not a germline knockout. Separately, **`has_safety_liability` is 4.62×
archive/prioritizer/TARGET_PRIORITIZER_PRE_PHASE3.md	1911	10.3	0.6886	VALUE_ONLY	nb2_splitting_and_pool.py:5.2.1 approved join auc_all	y		- **Report drug-target AUC stratified by route support** (§5.2.1) — 0.6886 all positives / **0.7471**
archive/prioritizer/TARGET_PRIORITIZER_PRE_PHASE3.md	1911	10.3	0.7471	VALUE_ONLY	nb2_splitting_and_pool.py:5.2.1 approved join auc_supported	y		- **Report drug-target AUC stratified by route support** (§5.2.1) — 0.6886 all positives / **0.7471**
archive/prioritizer/TARGET_PRIORITIZER_PRE_PHASE3.md	1912	10.3	91.8	ORPHAN				route-supported. Removes the 91.8× outcome-selection bias from the *metric* without touching the
archive/prioritizer/TARGET_PRIORITIZER_PRE_PHASE3.md	1917	10.3	2,010	ORPHAN		y		(`scored_m1`/`scored_m2`, 7.9M rows serving a 2,010-row table), `validation_auc_by_disease_2`,
archive/prioritizer/TARGET_PRIORITIZER_PRE_PHASE3.md	1926	10.3	0.9324	ORPHAN		y		model, 3 splits, 6 evaluation datasets — so **0.9324 / 0.6444, 439-of-1,507 hits@50, the 0.9354
archive/prioritizer/TARGET_PRIORITIZER_PRE_PHASE3.md	1926	10.3	0.6444	ORPHAN		y		model, 3 splits, 6 evaluation datasets — so **0.9324 / 0.6444, 439-of-1,507 hits@50, the 0.9354
archive/prioritizer/TARGET_PRIORITIZER_PRE_PHASE3.md	1926	10.3	1,507	ORPHAN		y		model, 3 splits, 6 evaluation datasets — so **0.9324 / 0.6444, 439-of-1,507 hits@50, the 0.9354
archive/prioritizer/TARGET_PRIORITIZER_PRE_PHASE3.md	1926	10.3	0.9354	ORPHAN		y		model, 3 splits, 6 evaluation datasets — so **0.9324 / 0.6444, 439-of-1,507 hits@50, the 0.9354
archive/prioritizer/TARGET_PRIORITIZER_PRE_PHASE3.md	1933	10.3	129,253	ORPHAN		y		- **The dashboard.** Data layer is ready: 129,253 ranked rows with tractability, class and safety
archive/prioritizer/TARGET_PRIORITIZER_PRE_PHASE3.md	1955	10.4	98.5	ASSERTED	nb2_splitting_and_pool.py:10.4 reachability ceiling %			the pool contains **98.5%** of curated target–disease pairs, so the reachability ceiling costs
archive/prioritizer/TARGET_PRIORITIZER_PRE_PHASE3.md	1956	10.4	1.5	ORPHAN				**1.5%**, not a category of biology. Three sub-claims were also wrong:
archive/prioritizer/TARGET_PRIORITIZER_PRE_PHASE3.md	1957	10.4	0.081	ASSERTED	nb2_splitting_and_pool.py:10.4 Spearman pool_size vs coverage	y		**(a)** it is not a sparse-disease effect — Spearman(pool size, coverage) = **+0.081**;
archive/prioritizer/TARGET_PRIORITIZER_PRE_PHASE3.md	1961	10.4	1.04	ORPHAN				(**1.04%** of diseases), and **18.8% of all genes (3,919) are reachable for no disease at all** — that
archive/prioritizer/TARGET_PRIORITIZER_PRE_PHASE3.md	1961	10.4	18.8	ORPHAN				(**1.04%** of diseases), and **18.8% of all genes (3,919) are reachable for no disease at all** — that
archive/prioritizer/TARGET_PRIORITIZER_PRE_PHASE3.md	1961	10.4	3,919	ORPHAN				(**1.04%** of diseases), and **18.8% of all genes (3,919) are reachable for no disease at all** — that
archive/prioritizer/TARGET_PRIORITIZER_PRE_PHASE3.md	1965	10.4	1.5	ORPHAN				reachability ceiling is only 1.5%, so it was never a big number. But the counterfactual shows the
archive/prioritizer/TARGET_PRIORITIZER_PRE_PHASE3.md	1967	10.4	2,564	ORPHAN				are null, they score at 52% of the pool mean, and `TACSTD2` lands at #845 of 2,564. **Embeddings are
archive/prioritizer/TARGET_PRIORITIZER_PRE_PHASE3.md	1972	10.4	7,456	ORPHAN				GBGD where TACSTD2 has 997 pairs and triple-negative has 7,456 — the intersection is still empty. The
docs/appendix/README.md	13	-	0.9354	ORPHAN				without a snapshot, and its most reusable finding — a gene-popularity lookup table scoring 0.9354 and
docs/appendix/README.md	19	-	2,010	ORPHAN		y		| `model_comparison.csv` | 2,010 | §6.4 ablation ladder, m1-f7 → m2-f10 → m3-f12 | saved models `Lx5Mz2hY`, `6
docs/appendix/README.md	20	-	1,113	ORPHAN		y		| `validation_auc_by_disease_2.csv` | 1,113 | §7.1 per-split-key AUC (the second metric run) | `scored_m3` |
docs/appendix/README.md	22	-	27,153	ORPHAN			hist	| `disease_hierarchy_annotation.csv` | 27,153 | §3.2 ontology redundancy, §3.3 granularity trade-off | `diseas
docs/appendix/README.md	23	-	0.110	ORPHAN		y		| `maturity_confound.csv` | 60 | §8.2 the metabolic/oncology correction (Spearman +0.110) | `novel_discovery_e
docs/operations/PHASE_0_BASELINE_2026-08-28.md	37	-	433,238	ORPHAN				| Current documentation | 15 | 433,238 | `docs/`, excluding the restructure plan and `archive/` |
docs/operations/PHASE_0_BASELINE_2026-08-28.md	38	-	19,082	ORPHAN				| Current planning | 1 | 19,082 | `docs/demo/DOC_RESTRUCTURE_PLAN.md` |
docs/operations/PHASE_0_BASELINE_2026-08-28.md	39	-	90,542	ORPHAN				| Decision log | 1 | 90,542 | root `DECISIONS.md` |
docs/operations/PHASE_0_BASELINE_2026-08-28.md	40	-	147,883	ORPHAN			hist	| Historical archive | 2 | 147,883 | `archive/` Markdown before this Phase 0 record |
docs/operations/PHASE_0_BASELINE_2026-08-28.md	41	-	70,166	ORPHAN				| Harness material | 8 | 70,166 | root/nested instructions plus Codex/Claude target-ID skill Markdown; symlink
docs/operations/PHASE_0_BASELINE_2026-08-28.md	42	-	5,690	ORPHAN				| Evidence support | 1 | 5,690 | `notebooks/README.md` |
docs/operations/PHASE_0_BASELINE_2026-08-28.md	43	-	62,965	ORPHAN				| Supporting webapp material | 3 | 62,965 | remaining tracked Markdown outside the areas above |
docs/operations/PHASE_0_BASELINE_2026-08-28.md	44	-	829,566	ORPHAN				| **Total** | **31** | **829,566** | all tracked Markdown |
docs/operations/PHASE_0_BASELINE_2026-08-28.md	48	-	644,851	ORPHAN				At the capture, `.index/` held 14 regular files / 644,851 bytes: seven TSV indexes (2,984 data-plus-header row
docs/operations/PHASE_0_BASELINE_2026-08-28.md	48	-	2,984	ORPHAN				At the capture, `.index/` held 14 regular files / 644,851 bytes: seven TSV indexes (2,984 data-plus-header row
docs/operations/PHASE_0_BASELINE_2026-08-28.md	48	-	405,626	ORPHAN				At the capture, `.index/` held 14 regular files / 644,851 bytes: seven TSV indexes (2,984 data-plus-header row
docs/operations/PHASE_0_BASELINE_2026-08-28.md	48	-	227,966	ORPHAN				At the capture, `.index/` held 14 regular files / 644,851 bytes: seven TSV indexes (2,984 data-plus-header row
docs/operations/PHASE_0_BASELINE_2026-08-28.md	48	-	11,259	ORPHAN				At the capture, `.index/` held 14 regular files / 644,851 bytes: seven TSV indexes (2,984 data-plus-header row
docs/operations/PHASE_0_BASELINE_2026-08-28.md	52	-	11,497	ORPHAN				| `assertions.tsv` | 200 | 11,497 | generated 2026-08-28 12:18:56Z |
docs/operations/PHASE_0_BASELINE_2026-08-28.md	53	-	2,129	ORPHAN				| `claims.tsv` | 2,129 | 334,823 | generated 2026-08-28 12:18:56Z; **stale** against the pre-existing approval
docs/operations/PHASE_0_BASELINE_2026-08-28.md	53	-	334,823	ORPHAN				| `claims.tsv` | 2,129 | 334,823 | generated 2026-08-28 12:18:56Z; **stale** against the pre-existing approval
docs/operations/PHASE_0_BASELINE_2026-08-28.md	54	-	10,051	ORPHAN				| `code.tsv` | 108 | 10,051 | generated 2026-08-28 12:19:07Z |
docs/operations/PHASE_0_BASELINE_2026-08-28.md	55	-	14,923	ORPHAN				| `decisions.tsv` | 159 | 14,923 | generated 2026-08-28 12:18:56Z |
docs/operations/PHASE_0_BASELINE_2026-08-28.md	56	-	20,221	ORPHAN				| `features.tsv` | 284 | 20,221 | generated 2026-08-28 12:19:07Z |
docs/operations/PHASE_0_BASELINE_2026-08-28.md	57	-	2,320	ORPHAN				| `models.tsv` | 9 | 2,320 | generated 2026-08-28 12:19:07Z |
docs/operations/PHASE_0_BASELINE_2026-08-28.md	58	-	11,791	ORPHAN				| `recipes.tsv` | 95 | 11,791 | generated 2026-08-28 12:19:07Z |
docs/operations/PHASE_0_BASELINE_2026-08-28.md	60	-	194,159	ORPHAN				The linked DSS snapshot was present as `.index/dss_snapshot.json` (194,159 bytes; 2026-08-27 12:36:32Z). It wa
docs/operations/PHASE_0_BASELINE_2026-08-28.md	64	-	3,000	ORPHAN				The ordinary webapp cold-start payload combines the root instruction and the nested webapp overlay. Byte, line
docs/operations/PHASE_0_BASELINE_2026-08-28.md	68	-	6,712	ORPHAN				| OpenAI Codex | `AGENTS.md` (6,712 B; 79 lines; 980 words) | `webapp/AGENTS.md` (18,724 B; 329 lines; 2,478 w
docs/operations/PHASE_0_BASELINE_2026-08-28.md	68	-	18,724	ORPHAN				| OpenAI Codex | `AGENTS.md` (6,712 B; 79 lines; 980 words) | `webapp/AGENTS.md` (18,724 B; 329 lines; 2,478 w
docs/operations/PHASE_0_BASELINE_2026-08-28.md	68	-	2,478	ORPHAN				| OpenAI Codex | `AGENTS.md` (6,712 B; 79 lines; 980 words) | `webapp/AGENTS.md` (18,724 B; 329 lines; 2,478 w
docs/operations/PHASE_0_BASELINE_2026-08-28.md	68	-	25,436	ORPHAN				| OpenAI Codex | `AGENTS.md` (6,712 B; 79 lines; 980 words) | `webapp/AGENTS.md` (18,724 B; 329 lines; 2,478 w
docs/operations/PHASE_0_BASELINE_2026-08-28.md	68	-	3,458	ORPHAN				| OpenAI Codex | `AGENTS.md` (6,712 B; 79 lines; 980 words) | `webapp/AGENTS.md` (18,724 B; 329 lines; 2,478 w
docs/operations/PHASE_0_BASELINE_2026-08-28.md	69	-	6,828	ORPHAN				| Claude Code | `CLAUDE.md` (6,828 B; 116 lines; 1,000 words) | `webapp/CLAUDE.md` → `AGENTS.md` (18,724 B; 32
docs/operations/PHASE_0_BASELINE_2026-08-28.md	69	-	1,000	ORPHAN				| Claude Code | `CLAUDE.md` (6,828 B; 116 lines; 1,000 words) | `webapp/CLAUDE.md` → `AGENTS.md` (18,724 B; 32
docs/operations/PHASE_0_BASELINE_2026-08-28.md	69	-	18,724	ORPHAN				| Claude Code | `CLAUDE.md` (6,828 B; 116 lines; 1,000 words) | `webapp/CLAUDE.md` → `AGENTS.md` (18,724 B; 32
docs/operations/PHASE_0_BASELINE_2026-08-28.md	69	-	2,478	ORPHAN				| Claude Code | `CLAUDE.md` (6,828 B; 116 lines; 1,000 words) | `webapp/CLAUDE.md` → `AGENTS.md` (18,724 B; 32
docs/operations/PHASE_0_BASELINE_2026-08-28.md	69	-	25,552	ORPHAN				| Claude Code | `CLAUDE.md` (6,828 B; 116 lines; 1,000 words) | `webapp/CLAUDE.md` → `AGENTS.md` (18,724 B; 32
docs/operations/PHASE_0_BASELINE_2026-08-28.md	69	-	3,478	ORPHAN				| Claude Code | `CLAUDE.md` (6,828 B; 116 lines; 1,000 words) | `webapp/CLAUDE.md` → `AGENTS.md` (18,724 B; 32
docs/operations/PHASE_0_BASELINE_2026-08-28.md	80	-	2,128	ORPHAN				This repository-only, offline rebuild completed without `--refresh`: `build_index.py` wrote 2,128 claims / 199
